> Task :gradle-plugin:shared:checkKotlinGradlePluginConfigurationErrors SKIPPED
> Task :expo-gradle-plugin:expo-autolinking-settings-plugin:checkKotlinGradlePluginConfigurationErrors SKIPPED
> Task :expo-gradle-plugin:expo-autolinking-plugin-shared:checkKotlinGradlePluginConfigurationErrors SKIPPED
> Task :gradle-plugin:settings-plugin:checkKotlinGradlePluginConfigurationErrors SKIPPED
> Task :expo-gradle-plugin:expo-autolinking-settings-plugin:pluginDescriptors UP-TO-DATE
> Task :expo-gradle-plugin:expo-autolinking-settings-plugin:processResources UP-TO-DATE
> Task :gradle-plugin:settings-plugin:pluginDescriptors UP-TO-DATE
> Task :gradle-plugin:settings-plugin:processResources UP-TO-DATE
> Task :gradle-plugin:shared:compileKotlin UP-TO-DATE
> Task :expo-gradle-plugin:expo-autolinking-plugin-shared:compileKotlin UP-TO-DATE
> Task :gradle-plugin:shared:compileJava NO-SOURCE
> Task :expo-gradle-plugin:expo-autolinking-plugin-shared:compileJava NO-SOURCE
> Task :gradle-plugin:shared:processResources NO-SOURCE
> Task :gradle-plugin:shared:classes UP-TO-DATE
> Task :expo-gradle-plugin:expo-autolinking-plugin-shared:processResources NO-SOURCE
> Task :expo-gradle-plugin:expo-autolinking-plugin-shared:classes UP-TO-DATE
> Task :gradle-plugin:shared:jar UP-TO-DATE
> Task :expo-gradle-plugin:expo-autolinking-plugin-shared:jar UP-TO-DATE
> Task :gradle-plugin:settings-plugin:compileKotlin UP-TO-DATE
> Task :gradle-plugin:settings-plugin:compileJava NO-SOURCE
> Task :gradle-plugin:settings-plugin:classes UP-TO-DATE
> Task :gradle-plugin:settings-plugin:jar UP-TO-DATE
> Task :expo-gradle-plugin:expo-autolinking-settings-plugin:compileKotlin UP-TO-DATE
> Task :expo-gradle-plugin:expo-autolinking-settings-plugin:compileJava NO-SOURCE
> Task :expo-gradle-plugin:expo-autolinking-settings-plugin:classes UP-TO-DATE
> Task :expo-gradle-plugin:expo-autolinking-settings-plugin:jar UP-TO-DATE
> Task :expo-gradle-plugin:expo-autolinking-plugin:checkKotlinGradlePluginConfigurationErrors SKIPPED
> Task :gradle-plugin:react-native-gradle-plugin:checkKotlinGradlePluginConfigurationErrors SKIPPED
> Task :expo-module-gradle-plugin:checkKotlinGradlePluginConfigurationErrors SKIPPED
> Task :expo-module-gradle-plugin:pluginDescriptors UP-TO-DATE
> Task :expo-module-gradle-plugin:processResources UP-TO-DATE
> Task :expo-gradle-plugin:expo-autolinking-plugin:compileKotlin UP-TO-DATE
> Task :expo-gradle-plugin:expo-autolinking-plugin:compileJava NO-SOURCE
> Task :gradle-plugin:react-native-gradle-plugin:compileKotlin UP-TO-DATE
> Task :expo-gradle-plugin:expo-autolinking-plugin:pluginDescriptors UP-TO-DATE
> Task :gradle-plugin:react-native-gradle-plugin:compileJava NO-SOURCE
> Task :expo-gradle-plugin:expo-autolinking-plugin:processResources UP-TO-DATE
> Task :gradle-plugin:react-native-gradle-plugin:pluginDescriptors UP-TO-DATE
> Task :expo-gradle-plugin:expo-autolinking-plugin:classes UP-TO-DATE
> Task :gradle-plugin:react-native-gradle-plugin:processResources UP-TO-DATE
> Task :gradle-plugin:react-native-gradle-plugin:classes UP-TO-DATE
> Task :expo-gradle-plugin:expo-autolinking-plugin:jar UP-TO-DATE
> Task :gradle-plugin:react-native-gradle-plugin:jar UP-TO-DATE
> Task :expo-module-gradle-plugin:compileKotlin UP-TO-DATE
> Task :expo-module-gradle-plugin:compileJava NO-SOURCE
> Task :expo-module-gradle-plugin:classes UP-TO-DATE
> Task :expo-module-gradle-plugin:jar UP-TO-DATE

> Configure project :
[32m[ExpoRootProject][0m Using the following versions:
  - buildTools:  [32m36.0.0[0m
  - minSdk:      [32m24[0m
  - compileSdk:  [32m36[0m
  - targetSdk:   [32m36[0m
  - ndk:         [32m27.1.12297006[0m
  - kotlin:      [32m2.1.20[0m
  - ksp:         [32m2.1.20-2.0.1[0m

> Configure project :expo

Using expo modules
  - [32mexpo-constants[0m (18.0.13)
  - [32mexpo-modules-core[0m (3.0.29)
  - [33m[?][0m [32mexpo-application[0m (7.0.8)
  - [33m[?][0m [32mexpo-asset[0m (12.0.12)
  - [33m[?][0m [32mexpo-av[0m (16.0.8)
  - [33m[?][0m [32mexpo-background-fetch[0m (14.0.9)
  - [33m[?][0m [32mexpo-blur[0m (15.0.8)
  - [33m[?][0m [32mexpo-device[0m (8.0.10)
  - [33m[?][0m [32mexpo-file-system[0m (19.0.21)
  - [33m[?][0m [32mexpo-font[0m (14.0.11)
  - [33m[?][0m [32mexpo-haptics[0m (15.0.8)
  - [33m[?][0m [32mexpo-image[0m (3.0.11)
  - [33m[?][0m [32mexpo-image-loader[0m (6.0.0)
  - [33m[?][0m [32mexpo-image-picker[0m (17.0.10)
  - [33m[?][0m [32mexpo-keep-awake[0m (15.0.8)
  - [33m[?][0m [32mexpo-linear-gradient[0m (15.0.8)
  - [33m[?][0m [32mexpo-linking[0m (8.0.11)
  - [33m[?][0m [32mexpo-local-authentication[0m (17.0.8)
  - [33m[?][0m [32mexpo-location[0m (19.0.8)
  - [33m[?][0m [32mexpo-notifications[0m (0.32.17)
  - [33m[?][0m [32mexpo-secure-store[0m (15.0.8)
  - [33m[?][0m [32mexpo-splash-screen[0m (31.0.13)
  - [33m[?][0m [32mexpo-sqlite[0m (16.0.10)
  - [33m[?][0m [32mexpo-system-ui[0m (6.0.9)
  - [33m[?][0m [32mexpo-task-manager[0m (14.0.9)
  - [33m[?][0m [32mexpo-web-browser[0m (15.0.10)
  - [33m[?][0m [32munimodules-app-loader[0m (6.0.8)


> Configure project :notifee_react-native
:notifee_react-native @notifee/react-native found at D:\work\React\waleed\careconnect\nurse\v4\Goconnect\node_modules\@notifee\react-native
:notifee_react-native package.json found at D:\work\React\waleed\careconnect\nurse\v4\Goconnect\node_modules\@notifee\react-native\package.json
:notifee_react-native:version set from package.json: 9.1.8 (9,1,8 - 9001008)
:notifee_react-native:android.compileSdk using custom value: 36
:notifee_react-native:android.targetSdk using custom value: 36
:notifee_react-native:android.minSdk using custom value: 24
:notifee_react-native:reactNativeAndroidDir D:\work\React\waleed\careconnect\nurse\v4\Goconnect\node_modules\react-native

> Configure project :react-native-firebase_app
:react-native-firebase_app package.json found at D:\work\React\waleed\careconnect\nurse\v4\Goconnect\node_modules\@react-native-firebase\app\package.json
:react-native-firebase_app:firebase.bom using default value: 34.16.0
:react-native-firebase_app:play.play-services-auth using default value: 21.5.0
:react-native-firebase_app package.json found at D:\work\React\waleed\careconnect\nurse\v4\Goconnect\node_modules\@react-native-firebase\app\package.json
:react-native-firebase_app:version set from package.json: 26.2.0 (26,2,0 - 26002000)
:react-native-firebase_app:android.compileSdk using custom value: 36
:react-native-firebase_app:android.targetSdk using custom value: 36
:react-native-firebase_app:android.minSdk using custom value: 24
:react-native-firebase_app:reactNativeAndroidDir D:\work\React\waleed\careconnect\nurse\v4\Goconnect\node_modules\react-native

> Configure project :react-native-firebase_messaging
:react-native-firebase_messaging package.json found at D:\work\React\waleed\careconnect\nurse\v4\Goconnect\node_modules\@react-native-firebase\messaging\package.json
:react-native-firebase_app package.json found at D:\work\React\waleed\careconnect\nurse\v4\Goconnect\node_modules\@react-native-firebase\app\package.json
:react-native-firebase_messaging:firebase.bom using default value: 34.16.0
:react-native-firebase_messaging package.json found at D:\work\React\waleed\careconnect\nurse\v4\Goconnect\node_modules\@react-native-firebase\messaging\package.json
:react-native-firebase_messaging:version set from package.json: 26.2.0 (26,2,0 - 26002000)
:react-native-firebase_messaging:android.compileSdk using custom value: 36
:react-native-firebase_messaging:android.targetSdk using custom value: 36
:react-native-firebase_messaging:android.minSdk using custom value: 24
:react-native-firebase_messaging:reactNativeAndroidDir D:\work\React\waleed\careconnect\nurse\v4\Goconnect\node_modules\react-native

> Task :react-native-firebase_messaging:preBuild UP-TO-DATE
> Task :notifee_react-native:preBuild UP-TO-DATE
> Task :react-native-community_netinfo:preBuild UP-TO-DATE
> Task :expo-modules-core:preBuild UP-TO-DATE
> Task :react-native-firebase_app:preBuild UP-TO-DATE
> Task :expo:generatePackagesList UP-TO-DATE
> Task :expo:preBuild UP-TO-DATE
> Task :app:generateAutolinkingNewArchitectureFiles
> Task :app:generateAutolinkingPackageList
> Task :app:generateCodegenSchemaFromJavaScript SKIPPED
> Task :app:generateCodegenArtifactsFromSchema SKIPPED
> Task :app:generateReactNativeEntryPoint
> Task :expo:preReleaseBuild UP-TO-DATE
> Task :expo:mergeReleaseJniLibFolders UP-TO-DATE
> Task :expo:mergeReleaseNativeLibs NO-SOURCE
> Task :expo:copyReleaseJniLibsProjectOnly UP-TO-DATE
> Task :expo-modules-core:preReleaseBuild UP-TO-DATE
> Task :react-native-worklets:assertMinimalReactNativeVersionTask
> Task :react-native-worklets:assertNewArchitectureEnabledTask SKIPPED
> Task :expo-modules-core:configureCMakeRelWithDebInfo[arm64-v8a]
> Task :react-native-reanimated:assertMinimalReactNativeVersionTask
> Task :react-native-reanimated:assertNewArchitectureEnabledTask SKIPPED
> Task :react-native-keyboard-controller:generateCodegenSchemaFromJavaScript
> Task :react-native-svg:generateCodegenSchemaFromJavaScript
> Task :react-native-community_datetimepicker:generateCodegenSchemaFromJavaScript
> Task :react-native-worklets:generateCodegenSchemaFromJavaScript
> Task :react-native-gesture-handler:generateCodegenSchemaFromJavaScript
> Task :react-native-reanimated:assertWorkletsVersionTask
> Task :react-native-safe-area-context:generateCodegenSchemaFromJavaScript
> Task :expo-modules-core:buildCMakeRelWithDebInfo[arm64-v8a]
> Task :expo-modules-core:configureCMakeRelWithDebInfo[armeabi-v7a]
> Task :react-native-async-storage_async-storage:generateCodegenSchemaFromJavaScript
> Task :react-native-webview:generateCodegenSchemaFromJavaScript
> Task :react-native-reanimated:generateCodegenSchemaFromJavaScript

> Task :expo-constants:createExpoConfig
The NODE_ENV environment variable is required but was not specified. Ensure the project is bundled with Expo CLI or NODE_ENV is set. Using only .env.local and .env
env: load .env
env: export EXPO_PUBLIC_USE_MOCK_DATA EXPO_PUBLIC_API_BASE_URL

> Task :expo-constants:preBuild
> Task :expo-constants:preReleaseBuild
> Task :expo-constants:mergeReleaseJniLibFolders UP-TO-DATE
> Task :expo-constants:mergeReleaseNativeLibs NO-SOURCE
> Task :expo-constants:copyReleaseJniLibsProjectOnly UP-TO-DATE
> Task :notifee_react-native:preReleaseBuild UP-TO-DATE
> Task :react-native-screens:generateCodegenSchemaFromJavaScript
> Task :notifee_react-native:mergeReleaseJniLibFolders
> Task :notifee_react-native:mergeReleaseNativeLibs NO-SOURCE
> Task :notifee_react-native:copyReleaseJniLibsProjectOnly
> Task :react-native-community_netinfo:preReleaseBuild UP-TO-DATE
> Task :react-native-community_netinfo:mergeReleaseJniLibFolders
> Task :react-native-community_netinfo:mergeReleaseNativeLibs NO-SOURCE
> Task :react-native-community_netinfo:copyReleaseJniLibsProjectOnly
> Task :react-native-firebase_app:preReleaseBuild UP-TO-DATE
> Task :react-native-firebase_app:mergeReleaseJniLibFolders
> Task :react-native-firebase_app:mergeReleaseNativeLibs NO-SOURCE
> Task :react-native-firebase_app:copyReleaseJniLibsProjectOnly
> Task :react-native-firebase_messaging:preReleaseBuild UP-TO-DATE
> Task :react-native-firebase_messaging:mergeReleaseJniLibFolders
> Task :react-native-firebase_messaging:mergeReleaseNativeLibs NO-SOURCE
> Task :react-native-firebase_messaging:copyReleaseJniLibsProjectOnly
> Task :react-native-svg:generateCodegenArtifactsFromSchema
> Task :react-native-svg:preBuild
> Task :react-native-svg:preReleaseBuild
> Task :react-native-gesture-handler:generateCodegenArtifactsFromSchema
> Task :react-native-gesture-handler:preBuild
> Task :react-native-gesture-handler:preReleaseBuild
> Task :react-native-svg:mergeReleaseJniLibFolders
> Task :react-native-svg:mergeReleaseNativeLibs NO-SOURCE
> Task :react-native-gesture-handler:mergeReleaseJniLibFolders
> Task :react-native-gesture-handler:checkKotlinGradlePluginConfigurationErrors SKIPPED
> Task :react-native-svg:copyReleaseJniLibsProjectOnly
> Task :notifee_react-native:generateReleaseBuildConfig
> Task :react-native-gesture-handler:generateReleaseBuildConfig
> Task :notifee_react-native:generateReleaseResValues
> Task :react-native-gesture-handler:generateReleaseResValues
> Task :react-native-gesture-handler:generateReleaseResources
> Task :notifee_react-native:generateReleaseResources
> Task :react-native-svg:generateReleaseBuildConfig
> Task :react-native-svg:generateReleaseResValues
> Task :react-native-svg:generateReleaseResources
> Task :react-native-worklets:generateCodegenArtifactsFromSchema
> Task :notifee_react-native:packageReleaseResources
> Task :react-native-gesture-handler:packageReleaseResources
> Task :react-native-async-storage_async-storage:generateCodegenArtifactsFromSchema
> Task :react-native-async-storage_async-storage:preBuild
> Task :react-native-async-storage_async-storage:preReleaseBuild
> Task :react-native-svg:packageReleaseResources
> Task :react-native-async-storage_async-storage:mergeReleaseJniLibFolders
> Task :react-native-async-storage_async-storage:mergeReleaseNativeLibs NO-SOURCE
> Task :react-native-async-storage_async-storage:copyReleaseJniLibsProjectOnly
> Task :react-native-worklets:prepareWorkletsHeadersForPrefabs
> Task :react-native-worklets:preBuild
> Task :react-native-worklets:preReleaseBuild
> Task :react-native-svg:javaPreCompileRelease
> Task :notifee_react-native:parseReleaseLocalResources
> Task :react-native-gesture-handler:parseReleaseLocalResources
> Task :react-native-gesture-handler:javaPreCompileRelease
> Task :react-native-async-storage_async-storage:generateReleaseBuildConfig
> Task :react-native-async-storage_async-storage:generateReleaseResValues
> Task :react-native-svg:parseReleaseLocalResources
> Task :react-native-async-storage_async-storage:generateReleaseResources
> Task :notifee_react-native:javaPreCompileRelease
> Task :react-native-keyboard-controller:generateCodegenArtifactsFromSchema
> Task :react-native-keyboard-controller:preBuild
> Task :react-native-keyboard-controller:preReleaseBuild
> Task :react-native-async-storage_async-storage:packageReleaseResources
> Task :react-native-keyboard-controller:mergeReleaseJniLibFolders
> Task :react-native-keyboard-controller:mergeReleaseNativeLibs NO-SOURCE
> Task :react-native-async-storage_async-storage:parseReleaseLocalResources
> Task :react-native-gesture-handler:generateReleaseRFile
> Task :react-native-svg:generateReleaseRFile
> Task :notifee_react-native:generateReleaseRFile
> Task :react-native-keyboard-controller:copyReleaseJniLibsProjectOnly
> Task :react-native-keyboard-controller:checkKotlinGradlePluginConfigurationErrors SKIPPED
> Task :react-native-keyboard-controller:generateReleaseBuildConfig
> Task :react-native-screens:generateCodegenArtifactsFromSchema
> Task :react-native-screens:preBuild
> Task :react-native-screens:preReleaseBuild
> Task :react-native-keyboard-controller:generateReleaseResValues
> Task :react-native-async-storage_async-storage:generateReleaseRFile
> Task :react-native-keyboard-controller:generateReleaseResources
> Task :react-native-community_netinfo:generateReleaseBuildConfig
> Task :react-native-webview:generateCodegenArtifactsFromSchema
> Task :react-native-webview:preBuild
> Task :react-native-webview:preReleaseBuild
> Task :react-native-community_netinfo:generateReleaseResValues
> Task :react-native-webview:mergeReleaseJniLibFolders
> Task :react-native-community_netinfo:generateReleaseResources
> Task :react-native-webview:mergeReleaseNativeLibs NO-SOURCE
> Task :react-native-webview:copyReleaseJniLibsProjectOnly
> Task :react-native-webview:checkKotlinGradlePluginConfigurationErrors SKIPPED
> Task :react-native-async-storage_async-storage:javaPreCompileRelease
> Task :react-native-webview:generateReleaseBuildConfig
> Task :react-native-webview:generateReleaseResValues
> Task :react-native-community_netinfo:packageReleaseResources
> Task :react-native-webview:generateReleaseResources
> Task :react-native-community_netinfo:parseReleaseLocalResources
> Task :react-native-community_netinfo:generateReleaseRFile
> Task :react-native-community_netinfo:javaPreCompileRelease
> Task :react-native-webview:packageReleaseResources
> Task :react-native-community_datetimepicker:generateCodegenArtifactsFromSchema
> Task :react-native-community_datetimepicker:preBuild
> Task :react-native-community_datetimepicker:preReleaseBuild
> Task :react-native-webview:parseReleaseLocalResources
> Task :react-native-community_datetimepicker:mergeReleaseJniLibFolders
> Task :react-native-community_datetimepicker:mergeReleaseNativeLibs NO-SOURCE
> Task :react-native-community_datetimepicker:copyReleaseJniLibsProjectOnly
> Task :react-native-community_datetimepicker:checkKotlinGradlePluginConfigurationErrors SKIPPED
> Task :react-native-keyboard-controller:packageReleaseResources
> Task :react-native-community_datetimepicker:generateReleaseBuildConfig
> Task :react-native-webview:generateReleaseRFile
> Task :react-native-community_datetimepicker:generateReleaseResValues
> Task :react-native-keyboard-controller:parseReleaseLocalResources
> Task :react-native-community_datetimepicker:generateReleaseResources
> Task :react-native-keyboard-controller:generateReleaseRFile
> Task :react-native-community_datetimepicker:packageReleaseResources
> Task :react-native-community_datetimepicker:parseReleaseLocalResources
> Task :react-native-safe-area-context:generateCodegenArtifactsFromSchema
> Task :react-native-safe-area-context:preBuild
> Task :react-native-safe-area-context:preReleaseBuild
> Task :react-native-safe-area-context:mergeReleaseJniLibFolders
> Task :react-native-safe-area-context:mergeReleaseNativeLibs NO-SOURCE
> Task :react-native-safe-area-context:copyReleaseJniLibsProjectOnly
> Task :react-native-community_datetimepicker:generateReleaseRFile
> Task :react-native-safe-area-context:checkKotlinGradlePluginConfigurationErrors SKIPPED
> Task :react-native-safe-area-context:generateReleaseBuildConfig
> Task :react-native-community_datetimepicker:javaPreCompileRelease
> Task :react-native-safe-area-context:generateReleaseResValues
> Task :react-native-reanimated:generateCodegenArtifactsFromSchema
> Task :react-native-safe-area-context:generateReleaseResources
> Task :react-native-safe-area-context:packageReleaseResources
> Task :react-native-safe-area-context:parseReleaseLocalResources
> Task :react-native-safe-area-context:generateReleaseRFile
> Task :react-native-reanimated:prepareReanimatedHeadersForPrefabs
> Task :react-native-reanimated:preBuild
> Task :app:preBuild
> Task :app:preReleaseBuild
> Task :react-native-reanimated:preReleaseBuild
> Task :app:mergeReleaseJniLibFolders
> Task :react-native-reanimated:mergeReleaseJniLibFolders
> Task :react-native-reanimated:generateReleaseBuildConfig
> Task :react-native-reanimated:generateReleaseResValues
> Task :react-native-reanimated:generateReleaseResources
> Task :react-native-reanimated:packageReleaseResources

> Task :notifee_react-native:compileReleaseJavaWithJavac
D:\work\React\waleed\careconnect\nurse\v4\Goconnect\node_modules\@notifee\react-native\android\src\main\java\io\invertase\notifee\NotifeeApiModule.java:42: warning: [removal] onCatalystInstanceDestroy() in NativeModule has been deprecated and marked for removal
  public void onCatalystInstanceDestroy() {
              ^
Note: Some input files use or override a deprecated API.
Note: Recompile with -Xlint:deprecation for details.

> Task :react-native-reanimated:parseReleaseLocalResources
> Task :react-native-reanimated:generateReleaseRFile
> Task :react-native-reanimated:javaPreCompileRelease
> Task :react-native-webview:javaPreCompileRelease
> Task :react-native-firebase_app:generateReleaseBuildConfig
> Task :react-native-firebase_app:generateReleaseResValues
> Task :react-native-firebase_app:generateReleaseResources
> Task :react-native-firebase_app:packageReleaseResources
> Task :react-native-firebase_app:parseReleaseLocalResources

> Task :react-native-community_netinfo:compileReleaseJavaWithJavac
D:\work\React\waleed\careconnect\nurse\v4\Goconnect\node_modules\@react-native-community\netinfo\android\src\main\java\com\reactnativecommunity\netinfo\NetInfoModule.java:47: warning: [removal] onCatalystInstanceDestroy() in NativeModule has been deprecated and marked for removal
    public void onCatalystInstanceDestroy() {
                ^

> Task :react-native-firebase_app:generateReleaseRFile
> Task :react-native-firebase_app:javaPreCompileRelease

> Task :notifee_react-native:compileReleaseJavaWithJavac
1 warning

> Task :notifee_react-native:bundleLibRuntimeToDirRelease

> Task :react-native-async-storage_async-storage:compileReleaseJavaWithJavac
Note: Some input files use or override a deprecated API.
Note: Recompile with -Xlint:deprecation for details.
Note: D:\work\React\waleed\careconnect\nurse\v4\Goconnect\node_modules\@react-native-async-storage\async-storage\android\src\javaPackage\java\com\reactnativecommunity\asyncstorage\AsyncStoragePackage.java uses unchecked or unsafe operations.
Note: Recompile with -Xlint:unchecked for details.

> Task :react-native-community_netinfo:compileReleaseJavaWithJavac
Note: Some input files use or override a deprecated API.
Note: Recompile with -Xlint:deprecation for details.
1 warning

> Task :react-native-community_netinfo:bundleLibRuntimeToDirRelease
> Task :react-native-firebase_messaging:generateReleaseBuildConfig
> Task :react-native-firebase_messaging:generateReleaseResValues
> Task :react-native-firebase_messaging:generateReleaseResources
> Task :react-native-async-storage_async-storage:bundleLibRuntimeToDirRelease
> Task :react-native-firebase_messaging:packageReleaseResources
> Task :react-native-firebase_messaging:parseReleaseLocalResources
> Task :react-native-firebase_messaging:generateReleaseRFile
> Task :react-native-firebase_messaging:javaPreCompileRelease
> Task :expo:checkKotlinGradlePluginConfigurationErrors SKIPPED
> Task :expo:generateReleaseBuildConfig UP-TO-DATE
> Task :expo:generateReleaseResValues UP-TO-DATE
> Task :expo:generateReleaseResources UP-TO-DATE
> Task :expo:packageReleaseResources UP-TO-DATE
> Task :expo:parseReleaseLocalResources UP-TO-DATE
> Task :expo:generateReleaseRFile UP-TO-DATE
> Task :expo-constants:checkKotlinGradlePluginConfigurationErrors SKIPPED
> Task :expo-constants:generateReleaseBuildConfig UP-TO-DATE
> Task :expo-constants:generateReleaseResValues UP-TO-DATE
> Task :expo-constants:generateReleaseResources UP-TO-DATE
> Task :expo-constants:packageReleaseResources UP-TO-DATE
> Task :expo-constants:parseReleaseLocalResources UP-TO-DATE
> Task :expo-constants:generateReleaseRFile UP-TO-DATE
> Task :expo-constants:javaPreCompileRelease UP-TO-DATE
> Task :expo:javaPreCompileRelease UP-TO-DATE
> Task :app:checkReleaseDuplicateClasses
> Task :app:buildKotlinToolingMetadata
> Task :app:checkKotlinGradlePluginConfigurationErrors SKIPPED
> Task :app:generateReleaseBuildConfig
> Task :expo:writeReleaseAarMetadata UP-TO-DATE
> Task :expo-constants:writeReleaseAarMetadata UP-TO-DATE
> Task :notifee_react-native:writeReleaseAarMetadata
> Task :react-native-async-storage_async-storage:writeReleaseAarMetadata
> Task :react-native-community_netinfo:writeReleaseAarMetadata
> Task :react-native-firebase_messaging:writeReleaseAarMetadata
> Task :react-native-gesture-handler:writeReleaseAarMetadata
> Task :react-native-webview:writeReleaseAarMetadata
> Task :react-native-reanimated:writeReleaseAarMetadata
> Task :expo:extractDeepLinksRelease UP-TO-DATE
> Task :expo-constants:extractDeepLinksRelease UP-TO-DATE
> Task :expo:processReleaseManifest UP-TO-DATE
> Task :expo-constants:processReleaseManifest UP-TO-DATE
> Task :notifee_react-native:extractDeepLinksRelease
> Task :react-native-async-storage_async-storage:extractDeepLinksRelease

> Task :notifee_react-native:processReleaseManifest
package="io.invertase.notifee" found in source AndroidManifest.xml: D:\work\React\waleed\careconnect\nurse\v4\Goconnect\node_modules\@notifee\react-native\android\src\main\AndroidManifest.xml.
Setting the namespace via the package attribute in the source AndroidManifest.xml is no longer supported, and the value is ignored.
Recommendation: remove package="io.invertase.notifee" from the source AndroidManifest.xml: D:\work\React\waleed\careconnect\nurse\v4\Goconnect\node_modules\@notifee\react-native\android\src\main\AndroidManifest.xml.

> Task :react-native-firebase_app:compileReleaseJavaWithJavac
Note: Some input files use or override a deprecated API.
Note: Recompile with -Xlint:deprecation for details.

> Task :react-native-async-storage_async-storage:processReleaseManifest
package="com.reactnativecommunity.asyncstorage" found in source AndroidManifest.xml: D:\work\React\waleed\careconnect\nurse\v4\Goconnect\node_modules\@react-native-async-storage\async-storage\android\src\main\AndroidManifest.xml.
Setting the namespace via the package attribute in the source AndroidManifest.xml is no longer supported, and the value is ignored.
Recommendation: remove package="com.reactnativecommunity.asyncstorage" from the source AndroidManifest.xml: D:\work\React\waleed\careconnect\nurse\v4\Goconnect\node_modules\@react-native-async-storage\async-storage\android\src\main\AndroidManifest.xml.

> Task :react-native-community_netinfo:extractDeepLinksRelease
> Task :react-native-firebase_messaging:extractDeepLinksRelease
> Task :react-native-firebase_app:bundleLibCompileToJarRelease

> Task :react-native-community_netinfo:processReleaseManifest
package="com.reactnativecommunity.netinfo" found in source AndroidManifest.xml: D:\work\React\waleed\careconnect\nurse\v4\Goconnect\node_modules\@react-native-community\netinfo\android\src\main\AndroidManifest.xml.
Setting the namespace via the package attribute in the source AndroidManifest.xml is no longer supported, and the value is ignored.
Recommendation: remove package="com.reactnativecommunity.netinfo" from the source AndroidManifest.xml: D:\work\React\waleed\careconnect\nurse\v4\Goconnect\node_modules\@react-native-community\netinfo\android\src\main\AndroidManifest.xml.

> Task :react-native-firebase_app:writeReleaseAarMetadata
> Task :react-native-firebase_app:extractDeepLinksRelease
> Task :react-native-firebase_app:bundleLibRuntimeToDirRelease

> Task :react-native-firebase_app:processReleaseManifest
package="io.invertase.firebase" found in source AndroidManifest.xml: D:\work\React\waleed\careconnect\nurse\v4\Goconnect\node_modules\@react-native-firebase\app\android\src\main\AndroidManifest.xml.
Setting the namespace via the package attribute in the source AndroidManifest.xml is no longer supported, and the value is ignored.
Recommendation: remove package="io.invertase.firebase" from the source AndroidManifest.xml: D:\work\React\waleed\careconnect\nurse\v4\Goconnect\node_modules\@react-native-firebase\app\android\src\main\AndroidManifest.xml.

> Task :react-native-gesture-handler:extractDeepLinksRelease
> Task :react-native-gesture-handler:processReleaseManifest
> Task :react-native-reanimated:extractDeepLinksRelease
> Task :react-native-reanimated:processReleaseManifest
> Task :react-native-webview:extractDeepLinksRelease
> Task :react-native-keyboard-controller:javaPreCompileRelease
> Task :react-native-safe-area-context:javaPreCompileRelease
> Task :react-native-community_datetimepicker:writeReleaseAarMetadata
> Task :react-native-keyboard-controller:writeReleaseAarMetadata

> Task :react-native-webview:compileReleaseKotlin
e: Failed connecting to the daemon in 4 retries
e: Daemon compilation failed: Could not connect to Kotlin compile daemon
java.lang.RuntimeException: Could not connect to Kotlin compile daemon
	at org.jetbrains.kotlin.compilerRunner.GradleKotlinCompilerWork.compileWithDaemon(GradleKotlinCompilerWork.kt:214)
	at org.jetbrains.kotlin.compilerRunner.GradleKotlinCompilerWork.compileWithDaemonOrFallbackImpl(GradleKotlinCompilerWork.kt:159)
	at org.jetbrains.kotlin.compilerRunner.GradleKotlinCompilerWork.run(GradleKotlinCompilerWork.kt:111)
	at org.jetbrains.kotlin.compilerRunner.GradleCompilerRunnerWithWorkers$GradleKotlinCompilerWorkAction.execute(GradleCompilerRunnerWithWorkers.kt:76)
	at org.gradle.workers.internal.DefaultWorkerServer.execute(DefaultWorkerServer.java:63)
	at org.gradle.workers.internal.NoIsolationWorkerFactory$1$1.create(NoIsolationWorkerFactory.java:66)
	at org.gradle.workers.internal.NoIsolationWorkerFactory$1$1.create(NoIsolationWorkerFactory.java:62)
	at org.gradle.internal.classloader.ClassLoaderUtils.executeInClassloader(ClassLoaderUtils.java:100)
	at org.gradle.workers.internal.NoIsolationWorkerFactory$1.lambda$execute$0(NoIsolationWorkerFactory.java:62)
	at org.gradle.workers.internal.AbstractWorker$1.call(AbstractWorker.java:44)
	at org.gradle.workers.internal.AbstractWorker$1.call(AbstractWorker.java:41)
	at org.gradle.internal.operations.DefaultBuildOperationRunner$CallableBuildOperationWorker.execute(DefaultBuildOperationRunner.java:210)
	at org.gradle.internal.operations.DefaultBuildOperationRunner$CallableBuildOperationWorker.execute(DefaultBuildOperationRunner.java:205)
	at org.gradle.internal.operations.DefaultBuildOperationRunner$2.execute(DefaultBuildOperationRunner.java:67)
	at org.gradle.internal.operations.DefaultBuildOperationRunner$2.execute(DefaultBuildOperationRunner.java:60)
	at org.gradle.internal.operations.DefaultBuildOperationRunner.execute(DefaultBuildOperationRunner.java:167)
	at org.gradle.internal.operations.DefaultBuildOperationRunner.execute(DefaultBuildOperationRunner.java:60)
	at org.gradle.internal.operations.DefaultBuildOperationRunner.call(DefaultBuildOperationRunner.java:54)
	at org.gradle.workers.internal.AbstractWorker.executeWrappedInBuildOperation(AbstractWorker.java:41)
	at org.gradle.workers.internal.NoIsolationWorkerFactory$1.execute(NoIsolationWorkerFactory.java:59)
	at org.gradle.workers.internal.DefaultWorkerExecutor.lambda$submitWork$0(DefaultWorkerExecutor.java:174)
	at java.base/java.util.concurrent.FutureTask.run(FutureTask.java:264)
	at org.gradle.internal.work.DefaultConditionalExecutionQueue$ExecutionRunner.runExecution(DefaultConditionalExecutionQueue.java:194)
	at org.gradle.internal.work.DefaultConditionalExecutionQueue$ExecutionRunner.access$700(DefaultConditionalExecutionQueue.java:127)
	at org.gradle.internal.work.DefaultConditionalExecutionQueue$ExecutionRunner$1.run(DefaultConditionalExecutionQueue.java:169)
	at org.gradle.internal.Factories$1.create(Factories.java:31)
	at org.gradle.internal.work.DefaultWorkerLeaseService.withLocks(DefaultWorkerLeaseService.java:263)
	at org.gradle.internal.work.DefaultWorkerLeaseService.runAsWorkerThread(DefaultWorkerLeaseService.java:127)
	at org.gradle.internal.work.DefaultWorkerLeaseService.runAsWorkerThread(DefaultWorkerLeaseService.java:132)
	at org.gradle.internal.work.DefaultConditionalExecutionQueue$ExecutionRunner.runBatch(DefaultConditionalExecutionQueue.java:164)
	at org.gradle.internal.work.DefaultConditionalExecutionQueue$ExecutionRunner.run(DefaultConditionalExecutionQueue.java:133)
	at java.base/java.util.concurrent.Executors$RunnableAdapter.call(Executors.java:539)
	at java.base/java.util.concurrent.FutureTask.run(FutureTask.java:264)
	at org.gradle.internal.concurrent.ExecutorPolicy$CatchAndRecordFailures.onExecute(ExecutorPolicy.java:64)
	at org.gradle.internal.concurrent.AbstractManagedExecutor$1.run(AbstractManagedExecutor.java:48)
	at java.base/java.util.concurrent.ThreadPoolExecutor.runWorker(ThreadPoolExecutor.java:1136)
	at java.base/java.util.concurrent.ThreadPoolExecutor$Worker.run(ThreadPoolExecutor.java:635)
	at java.base/java.lang.Thread.run(Thread.java:840)

Failed to compile with Kotlin daemon: java.lang.RuntimeException: Could not connect to Kotlin compile daemon
	at org.jetbrains.kotlin.compilerRunner.GradleKotlinCompilerWork.compileWithDaemon(GradleKotlinCompilerWork.kt:214)
	at org.jetbrains.kotlin.compilerRunner.GradleKotlinCompilerWork.compileWithDaemonOrFallbackImpl(GradleKotlinCompilerWork.kt:159)
	at org.jetbrains.kotlin.compilerRunner.GradleKotlinCompilerWork.run(GradleKotlinCompilerWork.kt:111)
	at org.jetbrains.kotlin.compilerRunner.GradleCompilerRunnerWithWorkers$GradleKotlinCompilerWorkAction.execute(GradleCompilerRunnerWithWorkers.kt:76)
	at org.gradle.workers.internal.DefaultWorkerServer.execute(DefaultWorkerServer.java:63)
	at org.gradle.workers.internal.NoIsolationWorkerFactory$1$1.create(NoIsolationWorkerFactory.java:66)
	at org.gradle.workers.internal.NoIsolationWorkerFactory$1$1.create(NoIsolationWorkerFactory.java:62)
	at org.gradle.internal.classloader.ClassLoaderUtils.executeInClassloader(ClassLoaderUtils.java:100)
	at org.gradle.workers.internal.NoIsolationWorkerFactory$1.lambda$execute$0(NoIsolationWorkerFactory.java:62)
	at org.gradle.workers.internal.AbstractWorker$1.call(AbstractWorker.java:44)
	at org.gradle.workers.internal.AbstractWorker$1.call(AbstractWorker.java:41)
	at org.gradle.internal.operations.DefaultBuildOperationRunner$CallableBuildOperationWorker.execute(DefaultBuildOperationRunner.java:210)
	at org.gradle.internal.operations.DefaultBuildOperationRunner$CallableBuildOperationWorker.execute(DefaultBuildOperationRunner.java:205)
	at org.gradle.internal.operations.DefaultBuildOperationRunner$2.execute(DefaultBuildOperationRunner.java:67)
	at org.gradle.internal.operations.DefaultBuildOperationRunner$2.execute(DefaultBuildOperationRunner.java:60)
	at org.gradle.internal.operations.DefaultBuildOperationRunner.execute(DefaultBuildOperationRunner.java:167)
	at org.gradle.internal.operations.DefaultBuildOperationRunner.execute(DefaultBuildOperationRunner.java:60)
	at org.gradle.internal.operations.DefaultBuildOperationRunner.call(DefaultBuildOperationRunner.java:54)
	at org.gradle.workers.internal.AbstractWorker.executeWrappedInBuildOperation(AbstractWorker.java:41)
	at org.gradle.workers.internal.NoIsolationWorkerFactory$1.execute(NoIsolationWorkerFactory.java:59)
	at org.gradle.workers.internal.DefaultWorkerExecutor.lambda$submitWork$0(DefaultWorkerExecutor.java:174)
	at java.base/java.util.concurrent.FutureTask.run(FutureTask.java:264)
	at org.gradle.internal.work.DefaultConditionalExecutionQueue$ExecutionRunner.runExecution(DefaultConditionalExecutionQueue.java:194)
	at org.gradle.internal.work.DefaultConditionalExecutionQueue$ExecutionRunner.access$700(DefaultConditionalExecutionQueue.java:127)
	at org.gradle.internal.work.DefaultConditionalExecutionQueue$ExecutionRunner$1.run(DefaultConditionalExecutionQueue.java:169)
	at org.gradle.internal.Factories$1.create(Factories.java:31)
	at org.gradle.internal.work.DefaultWorkerLeaseService.withLocks(DefaultWorkerLeaseService.java:263)
	at org.gradle.internal.work.DefaultWorkerLeaseService.runAsWorkerThread(DefaultWorkerLeaseService.java:127)
	at org.gradle.internal.work.DefaultWorkerLeaseService.runAsWorkerThread(DefaultWorkerLeaseService.java:132)
	at org.gradle.internal.work.DefaultConditionalExecutionQueue$ExecutionRunner.runBatch(DefaultConditionalExecutionQueue.java:164)
	at org.gradle.internal.work.DefaultConditionalExecutionQueue$ExecutionRunner.run(DefaultConditionalExecutionQueue.java:133)
	at java.base/java.util.concurrent.Executors$RunnableAdapter.call(Executors.java:539)
	at java.base/java.util.concurrent.FutureTask.run(FutureTask.java:264)
	at org.gradle.internal.concurrent.ExecutorPolicy$CatchAndRecordFailures.onExecute(ExecutorPolicy.java:64)
	at org.gradle.internal.concurrent.AbstractManagedExecutor$1.run(AbstractManagedExecutor.java:48)
	at java.base/java.util.concurrent.ThreadPoolExecutor.runWorker(ThreadPoolExecutor.java:1136)
	at java.base/java.util.concurrent.ThreadPoolExecutor$Worker.run(ThreadPoolExecutor.java:635)
	at java.base/java.lang.Thread.run(Thread.java:840)
Using fallback strategy: Compile without Kotlin daemon
Try ./gradlew --stop if this issue persists
If it does not look related to your configuration, please file an issue with logs to https://kotl.in/issue

> Task :react-native-safe-area-context:writeReleaseAarMetadata
> Task :react-native-community_datetimepicker:extractDeepLinksRelease
> Task :react-native-community_datetimepicker:processReleaseManifest
> Task :react-native-keyboard-controller:extractDeepLinksRelease

> Task :react-native-keyboard-controller:processReleaseManifest
package="com.reactnativekeyboardcontroller" found in source AndroidManifest.xml: D:\work\React\waleed\careconnect\nurse\v4\Goconnect\node_modules\react-native-keyboard-controller\android\src\main\AndroidManifest.xml.
Setting the namespace via the package attribute in the source AndroidManifest.xml is no longer supported, and the value is ignored.
Recommendation: remove package="com.reactnativekeyboardcontroller" from the source AndroidManifest.xml: D:\work\React\waleed\careconnect\nurse\v4\Goconnect\node_modules\react-native-keyboard-controller\android\src\main\AndroidManifest.xml.

> Task :react-native-safe-area-context:extractDeepLinksRelease

> Task :react-native-safe-area-context:processReleaseManifest
package="com.th3rdwave.safeareacontext" found in source AndroidManifest.xml: D:\work\React\waleed\careconnect\nurse\v4\Goconnect\node_modules\react-native-safe-area-context\android\src\main\AndroidManifest.xml.
Setting the namespace via the package attribute in the source AndroidManifest.xml is no longer supported, and the value is ignored.
Recommendation: remove package="com.th3rdwave.safeareacontext" from the source AndroidManifest.xml: D:\work\React\waleed\careconnect\nurse\v4\Goconnect\node_modules\react-native-safe-area-context\android\src\main\AndroidManifest.xml.

> Task :react-native-webview:processReleaseManifest
> Task :expo:compileReleaseLibraryResources UP-TO-DATE
> Task :expo-constants:compileReleaseLibraryResources UP-TO-DATE
> Task :notifee_react-native:compileReleaseLibraryResources
> Task :react-native-async-storage_async-storage:compileReleaseLibraryResources
> Task :react-native-community_datetimepicker:compileReleaseLibraryResources
> Task :react-native-community_netinfo:compileReleaseLibraryResources
> Task :react-native-firebase_app:compileReleaseLibraryResources
> Task :react-native-gesture-handler:compileReleaseLibraryResources
> Task :react-native-keyboard-controller:compileReleaseLibraryResources
> Task :react-native-reanimated:compileReleaseLibraryResources
> Task :react-native-safe-area-context:compileReleaseLibraryResources
> Task :notifee_react-native:bundleLibCompileToJarRelease

> Task :react-native-firebase_messaging:compileReleaseJavaWithJavac
Note: Some input files use or override a deprecated API.
Note: Recompile with -Xlint:deprecation for details.

> Task :react-native-async-storage_async-storage:bundleLibCompileToJarRelease
> Task :react-native-community_netinfo:bundleLibCompileToJarRelease

> Task :react-native-firebase_messaging:processReleaseManifest
package="io.invertase.firebase.messaging" found in source AndroidManifest.xml: D:\work\React\waleed\careconnect\nurse\v4\Goconnect\node_modules\@react-native-firebase\messaging\android\src\main\AndroidManifest.xml.
Setting the namespace via the package attribute in the source AndroidManifest.xml is no longer supported, and the value is ignored.
Recommendation: remove package="io.invertase.firebase.messaging" from the source AndroidManifest.xml: D:\work\React\waleed\careconnect\nurse\v4\Goconnect\node_modules\@react-native-firebase\messaging\android\src\main\AndroidManifest.xml.

> Task :react-native-firebase_messaging:compileReleaseLibraryResources
> Task :react-native-firebase_messaging:bundleLibRuntimeToDirRelease
> Task :react-native-firebase_messaging:bundleLibCompileToJarRelease
> Task :expo:prepareReleaseArtProfile UP-TO-DATE
> Task :expo-constants:prepareReleaseArtProfile UP-TO-DATE
> Task :notifee_react-native:prepareReleaseArtProfile UP-TO-DATE
> Task :react-native-async-storage_async-storage:prepareReleaseArtProfile UP-TO-DATE
> Task :react-native-community_datetimepicker:prepareReleaseArtProfile UP-TO-DATE
> Task :react-native-community_netinfo:prepareReleaseArtProfile UP-TO-DATE
> Task :react-native-firebase_app:prepareReleaseArtProfile UP-TO-DATE
> Task :react-native-firebase_messaging:prepareReleaseArtProfile UP-TO-DATE
> Task :react-native-gesture-handler:prepareReleaseArtProfile UP-TO-DATE
> Task :react-native-keyboard-controller:prepareReleaseArtProfile UP-TO-DATE
> Task :react-native-reanimated:prepareReleaseArtProfile UP-TO-DATE
> Task :react-native-safe-area-context:prepareReleaseArtProfile UP-TO-DATE
> Task :react-native-webview:prepareReleaseArtProfile UP-TO-DATE
> Task :notifee_react-native:bundleLibRuntimeToJarRelease
> Task :react-native-webview:compileReleaseLibraryResources
> Task :react-native-async-storage_async-storage:bundleLibRuntimeToJarRelease
> Task :react-native-screens:configureCMakeRelWithDebInfo[arm64-v8a]
> Task :react-native-community_netinfo:bundleLibRuntimeToJarRelease
> Task :react-native-firebase_messaging:bundleLibRuntimeToJarRelease
> Task :react-native-firebase_app:bundleLibRuntimeToJarRelease
> Task :expo:mergeReleaseShaders
> Task :expo:compileReleaseShaders NO-SOURCE
> Task :expo:generateReleaseAssets UP-TO-DATE
> Task :expo:mergeReleaseAssets
> Task :expo-constants:mergeReleaseShaders
> Task :expo-constants:compileReleaseShaders NO-SOURCE
> Task :expo-constants:generateReleaseAssets UP-TO-DATE
> Task :expo-constants:mergeReleaseAssets
> Task :notifee_react-native:mergeReleaseShaders
> Task :notifee_react-native:compileReleaseShaders NO-SOURCE
> Task :notifee_react-native:generateReleaseAssets UP-TO-DATE
> Task :notifee_react-native:mergeReleaseAssets
> Task :react-native-async-storage_async-storage:mergeReleaseShaders
> Task :react-native-async-storage_async-storage:compileReleaseShaders NO-SOURCE
> Task :react-native-async-storage_async-storage:generateReleaseAssets UP-TO-DATE
> Task :react-native-async-storage_async-storage:mergeReleaseAssets
> Task :react-native-community_datetimepicker:mergeReleaseShaders
> Task :react-native-community_netinfo:mergeReleaseShaders
> Task :react-native-community_datetimepicker:compileReleaseShaders NO-SOURCE
> Task :react-native-community_datetimepicker:generateReleaseAssets UP-TO-DATE
> Task :react-native-community_netinfo:compileReleaseShaders NO-SOURCE
> Task :react-native-community_netinfo:generateReleaseAssets UP-TO-DATE
> Task :react-native-community_datetimepicker:mergeReleaseAssets
> Task :react-native-community_netinfo:mergeReleaseAssets
> Task :react-native-firebase_messaging:mergeReleaseShaders
> Task :react-native-gesture-handler:mergeReleaseShaders
> Task :react-native-gesture-handler:compileReleaseShaders NO-SOURCE
> Task :react-native-firebase_app:mergeReleaseShaders
> Task :react-native-gesture-handler:generateReleaseAssets UP-TO-DATE
> Task :react-native-firebase_app:compileReleaseShaders NO-SOURCE
> Task :react-native-firebase_app:generateReleaseAssets UP-TO-DATE
> Task :react-native-firebase_messaging:compileReleaseShaders NO-SOURCE
> Task :react-native-firebase_messaging:generateReleaseAssets UP-TO-DATE
> Task :react-native-gesture-handler:mergeReleaseAssets
> Task :react-native-firebase_messaging:mergeReleaseAssets
> Task :react-native-reanimated:mergeReleaseShaders
> Task :react-native-keyboard-controller:mergeReleaseShaders
> Task :react-native-reanimated:compileReleaseShaders NO-SOURCE
> Task :react-native-reanimated:generateReleaseAssets UP-TO-DATE
> Task :react-native-keyboard-controller:compileReleaseShaders NO-SOURCE
> Task :react-native-keyboard-controller:generateReleaseAssets UP-TO-DATE
> Task :react-native-keyboard-controller:mergeReleaseAssets
> Task :react-native-safe-area-context:mergeReleaseShaders
> Task :react-native-safe-area-context:compileReleaseShaders NO-SOURCE
> Task :react-native-safe-area-context:generateReleaseAssets UP-TO-DATE
> Task :react-native-reanimated:mergeReleaseAssets
> Task :react-native-firebase_app:mergeReleaseAssets
> Task :react-native-safe-area-context:mergeReleaseAssets
> Task :expo-constants:extractProguardFiles
> Task :expo:extractProguardFiles
> Task :react-native-webview:mergeReleaseShaders
> Task :expo-constants:prepareLintJarForPublish UP-TO-DATE
> Task :expo:prepareLintJarForPublish UP-TO-DATE
> Task :react-native-webview:compileReleaseShaders NO-SOURCE
> Task :react-native-webview:generateReleaseAssets UP-TO-DATE
> Task :react-native-async-storage_async-storage:processReleaseJavaRes NO-SOURCE
> Task :notifee_react-native:processReleaseJavaRes NO-SOURCE
> Task :react-native-webview:mergeReleaseAssets
> Task :notifee_react-native:createFullJarRelease
> Task :react-native-async-storage_async-storage:createFullJarRelease
> Task :notifee_react-native:extractProguardFiles
> Task :react-native-community_datetimepicker:extractProguardFiles
> Task :react-native-async-storage_async-storage:extractProguardFiles
> Task :react-native-community_datetimepicker:prepareLintJarForPublish UP-TO-DATE
> Task :react-native-community_netinfo:processReleaseJavaRes NO-SOURCE
> Task :react-native-community_netinfo:createFullJarRelease
> Task :react-native-community_netinfo:extractProguardFiles
> Task :react-native-worklets:configureCMakeRelWithDebInfo[arm64-v8a]
> Task :react-native-community_netinfo:generateReleaseLintModel
> Task :react-native-community_netinfo:prepareLintJarForPublish UP-TO-DATE
> Task :notifee_react-native:generateReleaseLintModel
> Task :react-native-async-storage_async-storage:generateReleaseLintModel
> Task :notifee_react-native:prepareLintJarForPublish UP-TO-DATE
> Task :react-native-async-storage_async-storage:prepareLintJarForPublish UP-TO-DATE
> Task :react-native-firebase_messaging:processReleaseJavaRes NO-SOURCE
> Task :react-native-firebase_messaging:createFullJarRelease
> Task :react-native-gesture-handler:extractProguardFiles
> Task :react-native-firebase_messaging:extractProguardFiles
> Task :react-native-firebase_messaging:prepareLintJarForPublish UP-TO-DATE
> Task :react-native-gesture-handler:prepareLintJarForPublish UP-TO-DATE
> Task :react-native-keyboard-controller:extractProguardFiles
> Task :react-native-keyboard-controller:prepareLintJarForPublish UP-TO-DATE
> Task :react-native-safe-area-context:extractProguardFiles
> Task :react-native-safe-area-context:prepareLintJarForPublish UP-TO-DATE
> Task :react-native-firebase_app:processReleaseJavaRes NO-SOURCE
> Task :react-native-firebase_app:createFullJarRelease
> Task :react-native-reanimated:processReleaseJavaRes NO-SOURCE
> Task :react-native-firebase_app:extractProguardFiles
> Task :react-native-reanimated:extractProguardFiles
> Task :react-native-reanimated:prepareLintJarForPublish UP-TO-DATE
> Task :react-native-community_datetimepicker:stripReleaseDebugSymbols NO-SOURCE
> Task :react-native-webview:extractProguardFiles
> Task :react-native-webview:prepareLintJarForPublish UP-TO-DATE
> Task :react-native-community_datetimepicker:extractDeepLinksForAarRelease UP-TO-DATE
> Task :react-native-gesture-handler:extractDeepLinksForAarRelease UP-TO-DATE
> Task :react-native-keyboard-controller:stripReleaseDebugSymbols NO-SOURCE
> Task :react-native-keyboard-controller:copyReleaseJniLibsProjectAndLocalJars
> Task :react-native-keyboard-controller:extractDeepLinksForAarRelease UP-TO-DATE
> Task :react-native-safe-area-context:stripReleaseDebugSymbols NO-SOURCE
> Task :react-native-community_datetimepicker:copyReleaseJniLibsProjectAndLocalJars
> Task :react-native-safe-area-context:extractDeepLinksForAarRelease UP-TO-DATE
> Task :react-native-webview:stripReleaseDebugSymbols NO-SOURCE
> Task :react-native-webview:copyReleaseJniLibsProjectAndLocalJars
> Task :react-native-webview:extractDeepLinksForAarRelease UP-TO-DATE
> Task :notifee_react-native:stripReleaseDebugSymbols NO-SOURCE
> Task :notifee_react-native:copyReleaseJniLibsProjectAndLocalJars
> Task :notifee_react-native:extractDeepLinksForAarRelease UP-TO-DATE
> Task :react-native-safe-area-context:copyReleaseJniLibsProjectAndLocalJars
> Task :react-native-async-storage_async-storage:stripReleaseDebugSymbols NO-SOURCE
> Task :react-native-async-storage_async-storage:copyReleaseJniLibsProjectAndLocalJars
> Task :react-native-async-storage_async-storage:extractDeepLinksForAarRelease UP-TO-DATE
> Task :notifee_react-native:extractReleaseAnnotations
> Task :notifee_react-native:mergeReleaseGeneratedProguardFiles UP-TO-DATE
> Task :notifee_react-native:mergeReleaseConsumerProguardFiles
> Task :react-native-firebase_app:generateReleaseLintModel
> Task :react-native-firebase_app:prepareLintJarForPublish UP-TO-DATE
> Task :react-native-async-storage_async-storage:extractReleaseAnnotations
> Task :react-native-async-storage_async-storage:mergeReleaseGeneratedProguardFiles UP-TO-DATE
> Task :react-native-async-storage_async-storage:mergeReleaseConsumerProguardFiles UP-TO-DATE

> Task :app:createBundleReleaseJsAndAssets
env: load .env
env: export EXPO_PUBLIC_USE_MOCK_DATA EXPO_PUBLIC_API_BASE_URL

> Task :react-native-async-storage_async-storage:mergeReleaseJavaResource
> Task :notifee_react-native:mergeReleaseJavaResource
> Task :react-native-async-storage_async-storage:syncReleaseLibJars
> Task :notifee_react-native:syncReleaseLibJars
> Task :react-native-async-storage_async-storage:bundleReleaseLocalLintAar
> Task :notifee_react-native:bundleReleaseLocalLintAar
> Task :react-native-community_netinfo:stripReleaseDebugSymbols NO-SOURCE
> Task :react-native-firebase_app:stripReleaseDebugSymbols NO-SOURCE
> Task :react-native-community_netinfo:copyReleaseJniLibsProjectAndLocalJars
> Task :react-native-firebase_app:copyReleaseJniLibsProjectAndLocalJars
> Task :react-native-community_netinfo:extractDeepLinksForAarRelease UP-TO-DATE
> Task :react-native-firebase_app:extractDeepLinksForAarRelease UP-TO-DATE

> Task :react-native-safe-area-context:compileReleaseKotlin
e: Failed connecting to the daemon in 4 retries
e: Daemon compilation failed: Could not connect to Kotlin compile daemon
java.lang.RuntimeException: Could not connect to Kotlin compile daemon
	at org.jetbrains.kotlin.compilerRunner.GradleKotlinCompilerWork.compileWithDaemon(GradleKotlinCompilerWork.kt:214)
	at org.jetbrains.kotlin.compilerRunner.GradleKotlinCompilerWork.compileWithDaemonOrFallbackImpl(GradleKotlinCompilerWork.kt:159)
	at org.jetbrains.kotlin.compilerRunner.GradleKotlinCompilerWork.run(GradleKotlinCompilerWork.kt:111)
	at org.jetbrains.kotlin.compilerRunner.GradleCompilerRunnerWithWorkers$GradleKotlinCompilerWorkAction.execute(GradleCompilerRunnerWithWorkers.kt:76)
	at org.gradle.workers.internal.DefaultWorkerServer.execute(DefaultWorkerServer.java:63)
	at org.gradle.workers.internal.NoIsolationWorkerFactory$1$1.create(NoIsolationWorkerFactory.java:66)
	at org.gradle.workers.internal.NoIsolationWorkerFactory$1$1.create(NoIsolationWorkerFactory.java:62)
	at org.gradle.internal.classloader.ClassLoaderUtils.executeInClassloader(ClassLoaderUtils.java:100)
	at org.gradle.workers.internal.NoIsolationWorkerFactory$1.lambda$execute$0(NoIsolationWorkerFactory.java:62)
	at org.gradle.workers.internal.AbstractWorker$1.call(AbstractWorker.java:44)
	at org.gradle.workers.internal.AbstractWorker$1.call(AbstractWorker.java:41)
	at org.gradle.internal.operations.DefaultBuildOperationRunner$CallableBuildOperationWorker.execute(DefaultBuildOperationRunner.java:210)
	at org.gradle.internal.operations.DefaultBuildOperationRunner$CallableBuildOperationWorker.execute(DefaultBuildOperationRunner.java:205)
	at org.gradle.internal.operations.DefaultBuildOperationRunner$2.execute(DefaultBuildOperationRunner.java:67)
	at org.gradle.internal.operations.DefaultBuildOperationRunner$2.execute(DefaultBuildOperationRunner.java:60)
	at org.gradle.internal.operations.DefaultBuildOperationRunner.execute(DefaultBuildOperationRunner.java:167)
	at org.gradle.internal.operations.DefaultBuildOperationRunner.execute(DefaultBuildOperationRunner.java:60)
	at org.gradle.internal.operations.DefaultBuildOperationRunner.call(DefaultBuildOperationRunner.java:54)
	at org.gradle.workers.internal.AbstractWorker.executeWrappedInBuildOperation(AbstractWorker.java:41)
	at org.gradle.workers.internal.NoIsolationWorkerFactory$1.execute(NoIsolationWorkerFactory.java:59)
	at org.gradle.workers.internal.DefaultWorkerExecutor.lambda$submitWork$0(DefaultWorkerExecutor.java:174)
	at java.base/java.util.concurrent.FutureTask.run(FutureTask.java:264)
	at org.gradle.internal.work.DefaultConditionalExecutionQueue$ExecutionRunner.runExecution(DefaultConditionalExecutionQueue.java:194)
	at org.gradle.internal.work.DefaultConditionalExecutionQueue$ExecutionRunner.access$700(DefaultConditionalExecutionQueue.java:127)
	at org.gradle.internal.work.DefaultConditionalExecutionQueue$ExecutionRunner$1.run(DefaultConditionalExecutionQueue.java:169)
	at org.gradle.internal.Factories$1.create(Factories.java:31)
	at org.gradle.internal.work.DefaultWorkerLeaseService.withLocks(DefaultWorkerLeaseService.java:263)
	at org.gradle.internal.work.DefaultWorkerLeaseService.runAsWorkerThread(DefaultWorkerLeaseService.java:127)
	at org.gradle.internal.work.DefaultWorkerLeaseService.runAsWorkerThread(DefaultWorkerLeaseService.java:132)
	at org.gradle.internal.work.DefaultConditionalExecutionQueue$ExecutionRunner.runBatch(DefaultConditionalExecutionQueue.java:164)
	at org.gradle.internal.work.DefaultConditionalExecutionQueue$ExecutionRunner.run(DefaultConditionalExecutionQueue.java:133)
	at java.base/java.util.concurrent.Executors$RunnableAdapter.call(Executors.java:539)
	at java.base/java.util.concurrent.FutureTask.run(FutureTask.java:264)
	at org.gradle.internal.concurrent.ExecutorPolicy$CatchAndRecordFailures.onExecute(ExecutorPolicy.java:64)
	at org.gradle.internal.concurrent.AbstractManagedExecutor$1.run(AbstractManagedExecutor.java:48)
	at java.base/java.util.concurrent.ThreadPoolExecutor.runWorker(ThreadPoolExecutor.java:1136)
	at java.base/java.util.concurrent.ThreadPoolExecutor$Worker.run(ThreadPoolExecutor.java:635)
	at java.base/java.lang.Thread.run(Thread.java:840)

Failed to compile with Kotlin daemon: java.lang.RuntimeException: Could not connect to Kotlin compile daemon
	at org.jetbrains.kotlin.compilerRunner.GradleKotlinCompilerWork.compileWithDaemon(GradleKotlinCompilerWork.kt:214)
	at org.jetbrains.kotlin.compilerRunner.GradleKotlinCompilerWork.compileWithDaemonOrFallbackImpl(GradleKotlinCompilerWork.kt:159)
	at org.jetbrains.kotlin.compilerRunner.GradleKotlinCompilerWork.run(GradleKotlinCompilerWork.kt:111)
	at org.jetbrains.kotlin.compilerRunner.GradleCompilerRunnerWithWorkers$GradleKotlinCompilerWorkAction.execute(GradleCompilerRunnerWithWorkers.kt:76)
	at org.gradle.workers.internal.DefaultWorkerServer.execute(DefaultWorkerServer.java:63)
	at org.gradle.workers.internal.NoIsolationWorkerFactory$1$1.create(NoIsolationWorkerFactory.java:66)
	at org.gradle.workers.internal.NoIsolationWorkerFactory$1$1.create(NoIsolationWorkerFactory.java:62)
	at org.gradle.internal.classloader.ClassLoaderUtils.executeInClassloader(ClassLoaderUtils.java:100)
	at org.gradle.workers.internal.NoIsolationWorkerFactory$1.lambda$execute$0(NoIsolationWorkerFactory.java:62)
	at org.gradle.workers.internal.AbstractWorker$1.call(AbstractWorker.java:44)
	at org.gradle.workers.internal.AbstractWorker$1.call(AbstractWorker.java:41)
	at org.gradle.internal.operations.DefaultBuildOperationRunner$CallableBuildOperationWorker.execute(DefaultBuildOperationRunner.java:210)
	at org.gradle.internal.operations.DefaultBuildOperationRunner$CallableBuildOperationWorker.execute(DefaultBuildOperationRunner.java:205)
	at org.gradle.internal.operations.DefaultBuildOperationRunner$2.execute(DefaultBuildOperationRunner.java:67)
	at org.gradle.internal.operations.DefaultBuildOperationRunner$2.execute(DefaultBuildOperationRunner.java:60)
	at org.gradle.internal.operations.DefaultBuildOperationRunner.execute(DefaultBuildOperationRunner.java:167)
	at org.gradle.internal.operations.DefaultBuildOperationRunner.execute(DefaultBuildOperationRunner.java:60)
	at org.gradle.internal.operations.DefaultBuildOperationRunner.call(DefaultBuildOperationRunner.java:54)
	at org.gradle.workers.internal.AbstractWorker.executeWrappedInBuildOperation(AbstractWorker.java:41)
	at org.gradle.workers.internal.NoIsolationWorkerFactory$1.execute(NoIsolationWorkerFactory.java:59)
	at org.gradle.workers.internal.DefaultWorkerExecutor.lambda$submitWork$0(DefaultWorkerExecutor.java:174)
	at java.base/java.util.concurrent.FutureTask.run(FutureTask.java:264)
	at org.gradle.internal.work.DefaultConditionalExecutionQueue$ExecutionRunner.runExecution(DefaultConditionalExecutionQueue.java:194)
	at org.gradle.internal.work.DefaultConditionalExecutionQueue$ExecutionRunner.access$700(DefaultConditionalExecutionQueue.java:127)
	at org.gradle.internal.work.DefaultConditionalExecutionQueue$ExecutionRunner$1.run(DefaultConditionalExecutionQueue.java:169)
	at org.gradle.internal.Factories$1.create(Factories.java:31)
	at org.gradle.internal.work.DefaultWorkerLeaseService.withLocks(DefaultWorkerLeaseService.java:263)
	at org.gradle.internal.work.DefaultWorkerLeaseService.runAsWorkerThread(DefaultWorkerLeaseService.java:127)
	at org.gradle.internal.work.DefaultWorkerLeaseService.runAsWorkerThread(DefaultWorkerLeaseService.java:132)
	at org.gradle.internal.work.DefaultConditionalExecutionQueue$ExecutionRunner.runBatch(DefaultConditionalExecutionQueue.java:164)
	at org.gradle.internal.work.DefaultConditionalExecutionQueue$ExecutionRunner.run(DefaultConditionalExecutionQueue.java:133)
	at java.base/java.util.concurrent.Executors$RunnableAdapter.call(Executors.java:539)
	at java.base/java.util.concurrent.FutureTask.run(FutureTask.java:264)
	at org.gradle.internal.concurrent.ExecutorPolicy$CatchAndRecordFailures.onExecute(ExecutorPolicy.java:64)
	at org.gradle.internal.concurrent.AbstractManagedExecutor$1.run(AbstractManagedExecutor.java:48)
	at java.base/java.util.concurrent.ThreadPoolExecutor.runWorker(ThreadPoolExecutor.java:1136)
	at java.base/java.util.concurrent.ThreadPoolExecutor$Worker.run(ThreadPoolExecutor.java:635)
	at java.base/java.lang.Thread.run(Thread.java:840)
Using fallback strategy: Compile without Kotlin daemon
Try ./gradlew --stop if this issue persists
If it does not look related to your configuration, please file an issue with logs to https://kotl.in/issue

> Task :react-native-community_netinfo:extractReleaseAnnotations
> Task :react-native-firebase_messaging:generateReleaseLintModel
> Task :react-native-firebase_messaging:stripReleaseDebugSymbols NO-SOURCE
> Task :react-native-community_netinfo:mergeReleaseGeneratedProguardFiles UP-TO-DATE
> Task :react-native-community_netinfo:mergeReleaseConsumerProguardFiles UP-TO-DATE
> Task :react-native-firebase_messaging:copyReleaseJniLibsProjectAndLocalJars
> Task :react-native-firebase_messaging:extractDeepLinksForAarRelease UP-TO-DATE
> Task :react-native-community_netinfo:mergeReleaseJavaResource
> Task :react-native-firebase_messaging:extractReleaseAnnotations
> Task :react-native-community_netinfo:syncReleaseLibJars
> Task :react-native-firebase_messaging:mergeReleaseGeneratedProguardFiles UP-TO-DATE
> Task :react-native-firebase_app:extractReleaseAnnotations
> Task :react-native-firebase_app:mergeReleaseGeneratedProguardFiles UP-TO-DATE
> Task :react-native-firebase_app:mergeReleaseConsumerProguardFiles UP-TO-DATE
> Task :react-native-community_netinfo:bundleReleaseLocalLintAar
> Task :react-native-firebase_app:mergeReleaseJavaResource
> Task :expo:stripReleaseDebugSymbols NO-SOURCE
> Task :expo:copyReleaseJniLibsProjectAndLocalJars
> Task :expo:extractDeepLinksForAarRelease UP-TO-DATE
> Task :react-native-reanimated:extractDeepLinksForAarRelease UP-TO-DATE
> Task :react-native-firebase_messaging:mergeReleaseConsumerProguardFiles UP-TO-DATE

> Task :react-native-svg:compileReleaseJavaWithJavac
Note: Some input files use or override a deprecated API.
Note: Recompile with -Xlint:deprecation for details.
Note: Some input files use unchecked or unsafe operations.
Note: Recompile with -Xlint:unchecked for details.

> Task :react-native-reanimated:mergeReleaseJavaResource
> Task :react-native-firebase_messaging:mergeReleaseJavaResource
> Task :expo-constants:stripReleaseDebugSymbols NO-SOURCE
> Task :expo-constants:copyReleaseJniLibsProjectAndLocalJars
> Task :expo-constants:extractDeepLinksForAarRelease UP-TO-DATE
> Task :expo-constants:writeReleaseLintModelMetadata
> Task :expo:writeReleaseLintModelMetadata
> Task :react-native-firebase_app:syncReleaseLibJars
> Task :react-native-firebase_messaging:syncReleaseLibJars
> Task :react-native-firebase_app:bundleReleaseLocalLintAar
> Task :react-native-firebase_messaging:bundleReleaseLocalLintAar
> Task :notifee_react-native:writeReleaseLintModelMetadata
> Task :react-native-community_datetimepicker:writeReleaseLintModelMetadata
> Task :react-native-svg:bundleLibCompileToJarRelease
> Task :react-native-svg:bundleLibRuntimeToDirRelease

> Task :react-native-keyboard-controller:compileReleaseKotlin
e: Failed connecting to the daemon in 4 retries
e: Daemon compilation failed: Could not connect to Kotlin compile daemon
java.lang.RuntimeException: Could not connect to Kotlin compile daemon
	at org.jetbrains.kotlin.compilerRunner.GradleKotlinCompilerWork.compileWithDaemon(GradleKotlinCompilerWork.kt:214)
	at org.jetbrains.kotlin.compilerRunner.GradleKotlinCompilerWork.compileWithDaemonOrFallbackImpl(GradleKotlinCompilerWork.kt:159)
	at org.jetbrains.kotlin.compilerRunner.GradleKotlinCompilerWork.run(GradleKotlinCompilerWork.kt:111)
	at org.jetbrains.kotlin.compilerRunner.GradleCompilerRunnerWithWorkers$GradleKotlinCompilerWorkAction.execute(GradleCompilerRunnerWithWorkers.kt:76)
	at org.gradle.workers.internal.DefaultWorkerServer.execute(DefaultWorkerServer.java:63)
	at org.gradle.workers.internal.NoIsolationWorkerFactory$1$1.create(NoIsolationWorkerFactory.java:66)
	at org.gradle.workers.internal.NoIsolationWorkerFactory$1$1.create(NoIsolationWorkerFactory.java:62)
	at org.gradle.internal.classloader.ClassLoaderUtils.executeInClassloader(ClassLoaderUtils.java:100)
	at org.gradle.workers.internal.NoIsolationWorkerFactory$1.lambda$execute$0(NoIsolationWorkerFactory.java:62)
	at org.gradle.workers.internal.AbstractWorker$1.call(AbstractWorker.java:44)
	at org.gradle.workers.internal.AbstractWorker$1.call(AbstractWorker.java:41)
	at org.gradle.internal.operations.DefaultBuildOperationRunner$CallableBuildOperationWorker.execute(DefaultBuildOperationRunner.java:210)
	at org.gradle.internal.operations.DefaultBuildOperationRunner$CallableBuildOperationWorker.execute(DefaultBuildOperationRunner.java:205)
	at org.gradle.internal.operations.DefaultBuildOperationRunner$2.execute(DefaultBuildOperationRunner.java:67)
	at org.gradle.internal.operations.DefaultBuildOperationRunner$2.execute(DefaultBuildOperationRunner.java:60)
	at org.gradle.internal.operations.DefaultBuildOperationRunner.execute(DefaultBuildOperationRunner.java:167)
	at org.gradle.internal.operations.DefaultBuildOperationRunner.execute(DefaultBuildOperationRunner.java:60)
	at org.gradle.internal.operations.DefaultBuildOperationRunner.call(DefaultBuildOperationRunner.java:54)
	at org.gradle.workers.internal.AbstractWorker.executeWrappedInBuildOperation(AbstractWorker.java:41)
	at org.gradle.workers.internal.NoIsolationWorkerFactory$1.execute(NoIsolationWorkerFactory.java:59)
	at org.gradle.workers.internal.DefaultWorkerExecutor.lambda$submitWork$0(DefaultWorkerExecutor.java:174)
	at java.base/java.util.concurrent.FutureTask.run(FutureTask.java:264)
	at org.gradle.internal.work.DefaultConditionalExecutionQueue$ExecutionRunner.runExecution(DefaultConditionalExecutionQueue.java:194)
	at org.gradle.internal.work.DefaultConditionalExecutionQueue$ExecutionRunner.access$700(DefaultConditionalExecutionQueue.java:127)
	at org.gradle.internal.work.DefaultConditionalExecutionQueue$ExecutionRunner$1.run(DefaultConditionalExecutionQueue.java:169)
	at org.gradle.internal.Factories$1.create(Factories.java:31)
	at org.gradle.internal.work.DefaultWorkerLeaseService.withLocks(DefaultWorkerLeaseService.java:263)
	at org.gradle.internal.work.DefaultWorkerLeaseService.runAsWorkerThread(DefaultWorkerLeaseService.java:127)
	at org.gradle.internal.work.DefaultWorkerLeaseService.runAsWorkerThread(DefaultWorkerLeaseService.java:132)
	at org.gradle.internal.work.DefaultConditionalExecutionQueue$ExecutionRunner.runBatch(DefaultConditionalExecutionQueue.java:164)
	at org.gradle.internal.work.DefaultConditionalExecutionQueue$ExecutionRunner.run(DefaultConditionalExecutionQueue.java:133)
	at java.base/java.util.concurrent.Executors$RunnableAdapter.call(Executors.java:539)
	at java.base/java.util.concurrent.FutureTask.run(FutureTask.java:264)
	at org.gradle.internal.concurrent.ExecutorPolicy$CatchAndRecordFailures.onExecute(ExecutorPolicy.java:64)
	at org.gradle.internal.concurrent.AbstractManagedExecutor$1.run(AbstractManagedExecutor.java:48)
	at java.base/java.util.concurrent.ThreadPoolExecutor.runWorker(ThreadPoolExecutor.java:1136)
	at java.base/java.util.concurrent.ThreadPoolExecutor$Worker.run(ThreadPoolExecutor.java:635)
	at java.base/java.lang.Thread.run(Thread.java:840)

Failed to compile with Kotlin daemon: java.lang.RuntimeException: Could not connect to Kotlin compile daemon
	at org.jetbrains.kotlin.compilerRunner.GradleKotlinCompilerWork.compileWithDaemon(GradleKotlinCompilerWork.kt:214)
	at org.jetbrains.kotlin.compilerRunner.GradleKotlinCompilerWork.compileWithDaemonOrFallbackImpl(GradleKotlinCompilerWork.kt:159)
	at org.jetbrains.kotlin.compilerRunner.GradleKotlinCompilerWork.run(GradleKotlinCompilerWork.kt:111)
	at org.jetbrains.kotlin.compilerRunner.GradleCompilerRunnerWithWorkers$GradleKotlinCompilerWorkAction.execute(GradleCompilerRunnerWithWorkers.kt:76)
	at org.gradle.workers.internal.DefaultWorkerServer.execute(DefaultWorkerServer.java:63)
	at org.gradle.workers.internal.NoIsolationWorkerFactory$1$1.create(NoIsolationWorkerFactory.java:66)
	at org.gradle.workers.internal.NoIsolationWorkerFactory$1$1.create(NoIsolationWorkerFactory.java:62)
	at org.gradle.internal.classloader.ClassLoaderUtils.executeInClassloader(ClassLoaderUtils.java:100)
	at org.gradle.workers.internal.NoIsolationWorkerFactory$1.lambda$execute$0(NoIsolationWorkerFactory.java:62)
	at org.gradle.workers.internal.AbstractWorker$1.call(AbstractWorker.java:44)
	at org.gradle.workers.internal.AbstractWorker$1.call(AbstractWorker.java:41)
	at org.gradle.internal.operations.DefaultBuildOperationRunner$CallableBuildOperationWorker.execute(DefaultBuildOperationRunner.java:210)
	at org.gradle.internal.operations.DefaultBuildOperationRunner$CallableBuildOperationWorker.execute(DefaultBuildOperationRunner.java:205)
	at org.gradle.internal.operations.DefaultBuildOperationRunner$2.execute(DefaultBuildOperationRunner.java:67)
	at org.gradle.internal.operations.DefaultBuildOperationRunner$2.execute(DefaultBuildOperationRunner.java:60)
	at org.gradle.internal.operations.DefaultBuildOperationRunner.execute(DefaultBuildOperationRunner.java:167)
	at org.gradle.internal.operations.DefaultBuildOperationRunner.execute(DefaultBuildOperationRunner.java:60)
	at org.gradle.internal.operations.DefaultBuildOperationRunner.call(DefaultBuildOperationRunner.java:54)
	at org.gradle.workers.internal.AbstractWorker.executeWrappedInBuildOperation(AbstractWorker.java:41)
	at org.gradle.workers.internal.NoIsolationWorkerFactory$1.execute(NoIsolationWorkerFactory.java:59)
	at org.gradle.workers.internal.DefaultWorkerExecutor.lambda$submitWork$0(DefaultWorkerExecutor.java:174)
	at java.base/java.util.concurrent.FutureTask.run(FutureTask.java:264)
	at org.gradle.internal.work.DefaultConditionalExecutionQueue$ExecutionRunner.runExecution(DefaultConditionalExecutionQueue.java:194)
	at org.gradle.internal.work.DefaultConditionalExecutionQueue$ExecutionRunner.access$700(DefaultConditionalExecutionQueue.java:127)
	at org.gradle.internal.work.DefaultConditionalExecutionQueue$ExecutionRunner$1.run(DefaultConditionalExecutionQueue.java:169)
	at org.gradle.internal.Factories$1.create(Factories.java:31)
	at org.gradle.internal.work.DefaultWorkerLeaseService.withLocks(DefaultWorkerLeaseService.java:263)
	at org.gradle.internal.work.DefaultWorkerLeaseService.runAsWorkerThread(DefaultWorkerLeaseService.java:127)
	at org.gradle.internal.work.DefaultWorkerLeaseService.runAsWorkerThread(DefaultWorkerLeaseService.java:132)
	at org.gradle.internal.work.DefaultConditionalExecutionQueue$ExecutionRunner.runBatch(DefaultConditionalExecutionQueue.java:164)
	at org.gradle.internal.work.DefaultConditionalExecutionQueue$ExecutionRunner.run(DefaultConditionalExecutionQueue.java:133)
	at java.base/java.util.concurrent.Executors$RunnableAdapter.call(Executors.java:539)
	at java.base/java.util.concurrent.FutureTask.run(FutureTask.java:264)
	at org.gradle.internal.concurrent.ExecutorPolicy$CatchAndRecordFailures.onExecute(ExecutorPolicy.java:64)
	at org.gradle.internal.concurrent.AbstractManagedExecutor$1.run(AbstractManagedExecutor.java:48)
	at java.base/java.util.concurrent.ThreadPoolExecutor.runWorker(ThreadPoolExecutor.java:1136)
	at java.base/java.util.concurrent.ThreadPoolExecutor$Worker.run(ThreadPoolExecutor.java:635)
	at java.base/java.lang.Thread.run(Thread.java:840)
Using fallback strategy: Compile without Kotlin daemon
Try ./gradlew --stop if this issue persists
If it does not look related to your configuration, please file an issue with logs to https://kotl.in/issue

> Task :expo-modules-core:buildCMakeRelWithDebInfo[armeabi-v7a]
> Task :react-native-worklets:configureCMakeRelWithDebInfo[armeabi-v7a]

> Task :react-native-community_datetimepicker:compileReleaseKotlin
e: Failed connecting to the daemon in 4 retries
e: Daemon compilation failed: Could not connect to Kotlin compile daemon
java.lang.RuntimeException: Could not connect to Kotlin compile daemon
	at org.jetbrains.kotlin.compilerRunner.GradleKotlinCompilerWork.compileWithDaemon(GradleKotlinCompilerWork.kt:214)
	at org.jetbrains.kotlin.compilerRunner.GradleKotlinCompilerWork.compileWithDaemonOrFallbackImpl(GradleKotlinCompilerWork.kt:159)
	at org.jetbrains.kotlin.compilerRunner.GradleKotlinCompilerWork.run(GradleKotlinCompilerWork.kt:111)
	at org.jetbrains.kotlin.compilerRunner.GradleCompilerRunnerWithWorkers$GradleKotlinCompilerWorkAction.execute(GradleCompilerRunnerWithWorkers.kt:76)
	at org.gradle.workers.internal.DefaultWorkerServer.execute(DefaultWorkerServer.java:63)
	at org.gradle.workers.internal.NoIsolationWorkerFactory$1$1.create(NoIsolationWorkerFactory.java:66)
	at org.gradle.workers.internal.NoIsolationWorkerFactory$1$1.create(NoIsolationWorkerFactory.java:62)
	at org.gradle.internal.classloader.ClassLoaderUtils.executeInClassloader(ClassLoaderUtils.java:100)
	at org.gradle.workers.internal.NoIsolationWorkerFactory$1.lambda$execute$0(NoIsolationWorkerFactory.java:62)
	at org.gradle.workers.internal.AbstractWorker$1.call(AbstractWorker.java:44)
	at org.gradle.workers.internal.AbstractWorker$1.call(AbstractWorker.java:41)
	at org.gradle.internal.operations.DefaultBuildOperationRunner$CallableBuildOperationWorker.execute(DefaultBuildOperationRunner.java:210)
	at org.gradle.internal.operations.DefaultBuildOperationRunner$CallableBuildOperationWorker.execute(DefaultBuildOperationRunner.java:205)
	at org.gradle.internal.operations.DefaultBuildOperationRunner$2.execute(DefaultBuildOperationRunner.java:67)
	at org.gradle.internal.operations.DefaultBuildOperationRunner$2.execute(DefaultBuildOperationRunner.java:60)
	at org.gradle.internal.operations.DefaultBuildOperationRunner.execute(DefaultBuildOperationRunner.java:167)
	at org.gradle.internal.operations.DefaultBuildOperationRunner.execute(DefaultBuildOperationRunner.java:60)
	at org.gradle.internal.operations.DefaultBuildOperationRunner.call(DefaultBuildOperationRunner.java:54)
	at org.gradle.workers.internal.AbstractWorker.executeWrappedInBuildOperation(AbstractWorker.java:41)
	at org.gradle.workers.internal.NoIsolationWorkerFactory$1.execute(NoIsolationWorkerFactory.java:59)
	at org.gradle.workers.internal.DefaultWorkerExecutor.lambda$submitWork$0(DefaultWorkerExecutor.java:174)
	at java.base/java.util.concurrent.FutureTask.run(FutureTask.java:264)
	at org.gradle.internal.work.DefaultConditionalExecutionQueue$ExecutionRunner.runExecution(DefaultConditionalExecutionQueue.java:194)
	at org.gradle.internal.work.DefaultConditionalExecutionQueue$ExecutionRunner.access$700(DefaultConditionalExecutionQueue.java:127)
	at org.gradle.internal.work.DefaultConditionalExecutionQueue$ExecutionRunner$1.run(DefaultConditionalExecutionQueue.java:169)
	at org.gradle.internal.Factories$1.create(Factories.java:31)
	at org.gradle.internal.work.DefaultWorkerLeaseService.withLocks(DefaultWorkerLeaseService.java:263)
	at org.gradle.internal.work.DefaultWorkerLeaseService.runAsWorkerThread(DefaultWorkerLeaseService.java:127)
	at org.gradle.internal.work.DefaultWorkerLeaseService.runAsWorkerThread(DefaultWorkerLeaseService.java:132)
	at org.gradle.internal.work.DefaultConditionalExecutionQueue$ExecutionRunner.runBatch(DefaultConditionalExecutionQueue.java:164)
	at org.gradle.internal.work.DefaultConditionalExecutionQueue$ExecutionRunner.run(DefaultConditionalExecutionQueue.java:133)
	at java.base/java.util.concurrent.Executors$RunnableAdapter.call(Executors.java:539)
	at java.base/java.util.concurrent.FutureTask.run(FutureTask.java:264)
	at org.gradle.internal.concurrent.ExecutorPolicy$CatchAndRecordFailures.onExecute(ExecutorPolicy.java:64)
	at org.gradle.internal.concurrent.AbstractManagedExecutor$1.run(AbstractManagedExecutor.java:48)
	at java.base/java.util.concurrent.ThreadPoolExecutor.runWorker(ThreadPoolExecutor.java:1136)
	at java.base/java.util.concurrent.ThreadPoolExecutor$Worker.run(ThreadPoolExecutor.java:635)
	at java.base/java.lang.Thread.run(Thread.java:840)

Failed to compile with Kotlin daemon: java.lang.RuntimeException: Could not connect to Kotlin compile daemon
	at org.jetbrains.kotlin.compilerRunner.GradleKotlinCompilerWork.compileWithDaemon(GradleKotlinCompilerWork.kt:214)
	at org.jetbrains.kotlin.compilerRunner.GradleKotlinCompilerWork.compileWithDaemonOrFallbackImpl(GradleKotlinCompilerWork.kt:159)
	at org.jetbrains.kotlin.compilerRunner.GradleKotlinCompilerWork.run(GradleKotlinCompilerWork.kt:111)
	at org.jetbrains.kotlin.compilerRunner.GradleCompilerRunnerWithWorkers$GradleKotlinCompilerWorkAction.execute(GradleCompilerRunnerWithWorkers.kt:76)
	at org.gradle.workers.internal.DefaultWorkerServer.execute(DefaultWorkerServer.java:63)
	at org.gradle.workers.internal.NoIsolationWorkerFactory$1$1.create(NoIsolationWorkerFactory.java:66)
	at org.gradle.workers.internal.NoIsolationWorkerFactory$1$1.create(NoIsolationWorkerFactory.java:62)
	at org.gradle.internal.classloader.ClassLoaderUtils.executeInClassloader(ClassLoaderUtils.java:100)
	at org.gradle.workers.internal.NoIsolationWorkerFactory$1.lambda$execute$0(NoIsolationWorkerFactory.java:62)
	at org.gradle.workers.internal.AbstractWorker$1.call(AbstractWorker.java:44)
	at org.gradle.workers.internal.AbstractWorker$1.call(AbstractWorker.java:41)
	at org.gradle.internal.operations.DefaultBuildOperationRunner$CallableBuildOperationWorker.execute(DefaultBuildOperationRunner.java:210)
	at org.gradle.internal.operations.DefaultBuildOperationRunner$CallableBuildOperationWorker.execute(DefaultBuildOperationRunner.java:205)
	at org.gradle.internal.operations.DefaultBuildOperationRunner$2.execute(DefaultBuildOperationRunner.java:67)
	at org.gradle.internal.operations.DefaultBuildOperationRunner$2.execute(DefaultBuildOperationRunner.java:60)
	at org.gradle.internal.operations.DefaultBuildOperationRunner.execute(DefaultBuildOperationRunner.java:167)
	at org.gradle.internal.operations.DefaultBuildOperationRunner.execute(DefaultBuildOperationRunner.java:60)
	at org.gradle.internal.operations.DefaultBuildOperationRunner.call(DefaultBuildOperationRunner.java:54)
	at org.gradle.workers.internal.AbstractWorker.executeWrappedInBuildOperation(AbstractWorker.java:41)
	at org.gradle.workers.internal.NoIsolationWorkerFactory$1.execute(NoIsolationWorkerFactory.java:59)
	at org.gradle.workers.internal.DefaultWorkerExecutor.lambda$submitWork$0(DefaultWorkerExecutor.java:174)
	at java.base/java.util.concurrent.FutureTask.run(FutureTask.java:264)
	at org.gradle.internal.work.DefaultConditionalExecutionQueue$ExecutionRunner.runExecution(DefaultConditionalExecutionQueue.java:194)
	at org.gradle.internal.work.DefaultConditionalExecutionQueue$ExecutionRunner.access$700(DefaultConditionalExecutionQueue.java:127)
	at org.gradle.internal.work.DefaultConditionalExecutionQueue$ExecutionRunner$1.run(DefaultConditionalExecutionQueue.java:169)
	at org.gradle.internal.Factories$1.create(Factories.java:31)
	at org.gradle.internal.work.DefaultWorkerLeaseService.withLocks(DefaultWorkerLeaseService.java:263)
	at org.gradle.internal.work.DefaultWorkerLeaseService.runAsWorkerThread(DefaultWorkerLeaseService.java:127)
	at org.gradle.internal.work.DefaultWorkerLeaseService.runAsWorkerThread(DefaultWorkerLeaseService.java:132)
	at org.gradle.internal.work.DefaultConditionalExecutionQueue$ExecutionRunner.runBatch(DefaultConditionalExecutionQueue.java:164)
	at org.gradle.internal.work.DefaultConditionalExecutionQueue$ExecutionRunner.run(DefaultConditionalExecutionQueue.java:133)
	at java.base/java.util.concurrent.Executors$RunnableAdapter.call(Executors.java:539)
	at java.base/java.util.concurrent.FutureTask.run(FutureTask.java:264)
	at org.gradle.internal.concurrent.ExecutorPolicy$CatchAndRecordFailures.onExecute(ExecutorPolicy.java:64)
	at org.gradle.internal.concurrent.AbstractManagedExecutor$1.run(AbstractManagedExecutor.java:48)
	at java.base/java.util.concurrent.ThreadPoolExecutor.runWorker(ThreadPoolExecutor.java:1136)
	at java.base/java.util.concurrent.ThreadPoolExecutor$Worker.run(ThreadPoolExecutor.java:635)
	at java.base/java.lang.Thread.run(Thread.java:840)
Using fallback strategy: Compile without Kotlin daemon
Try ./gradlew --stop if this issue persists
If it does not look related to your configuration, please file an issue with logs to https://kotl.in/issue

> Task :react-native-svg:writeReleaseAarMetadata

> Task :app:createBundleReleaseJsAndAssets
Starting Metro Bundler

> Task :react-native-svg:extractDeepLinksRelease
> Task :react-native-svg:processReleaseManifest
> Task :react-native-svg:compileReleaseLibraryResources
> Task :react-native-svg:prepareReleaseArtProfile UP-TO-DATE
> Task :react-native-svg:bundleLibRuntimeToJarRelease

> Task :react-native-webview:compileReleaseKotlin
exception: node_modules\react-native-webview\android\src\main\java\com\reactnativecommunity\webview\RNCWebViewManagerImpl.kt:22:8: warning: 'object MapBuilder : Any' is deprecated. Use Kotlin's built-in collections extensions.
exception: import com.facebook.react.common.MapBuilder
exception:        ^^^^^^^^^^^^^^^^^^^^^^^^^^^^^^^^^^^^
exception: node_modules\react-native-webview\android\src\main\java\com\reactnativecommunity\webview\RNCWebViewManagerImpl.kt:82:18: warning: 'var allowFileAccessFromFileURLs: Boolean' is deprecated. Deprecated in Java.
exception:         settings.allowFileAccessFromFileURLs = false
exception:                  ^^^^^^^^^^^^^^^^^^^^^^^^^^^
exception: node_modules\react-native-webview\android\src\main\java\com\reactnativecommunity\webview\RNCWebViewManagerImpl.kt:83:18: warning: 'var allowUniversalAccessFromFileURLs: Boolean' is deprecated. Deprecated in Java.
exception:         settings.allowUniversalAccessFromFileURLs = false
exception:                  ^^^^^^^^^^^^^^^^^^^^^^^^^^^^^^^^
exception: node_modules\react-native-webview\android\src\main\java\com\reactnativecommunity\webview\RNCWebViewManagerImpl.kt:124:21: warning: 'fun allowScanningByMediaScanner(): Unit' is deprecated. Deprecated in Java.
exception:             request.allowScanningByMediaScanner()
exception:                     ^^^^^^^^^^^^^^^^^^^^^^^^^^^
exception: node_modules\react-native-webview\android\src\main\java\com\reactnativecommunity\webview\RNCWebViewManagerImpl.kt:161:36: warning: 'var systemUiVisibility: Int' is deprecated. Deprecated in Java.
exception:                         mVideoView.systemUiVisibility = FULLSCREEN_SYSTEM_UI_VISIBILITY
exception:                                    ^^^^^^^^^^^^^^^^^^
exception: node_modules\react-native-webview\android\src\main\java\com\reactnativecommunity\webview\RNCWebViewManagerImpl.kt:300:14: warning: 'object MapBuilder : Any' is deprecated. Use Kotlin's built-in collections extensions.
exception:       return MapBuilder.builder<String, Int>()
exception:              ^^^^^^^^^^
exception: node_modules\react-native-webview\android\src\main\java\com\reactnativecommunity\webview\RNCWebViewManagerImpl.kt:350:34: warning: condition is always 'true'.
exception:           val includeDiskFiles = args != null && args.getBoolean(0)
exception:                                  ^^^^^^^^^^^^
exception: node_modules\react-native-webview\android\src\main\java\com\reactnativecommunity\webview\RNCWebViewManagerImpl.kt:369:38: warning: 'var allowUniversalAccessFromFileURLs: Boolean' is deprecated. Deprecated in Java.
exception:         viewWrapper.webView.settings.allowUniversalAccessFromFileURLs = allow
exception:                                      ^^^^^^^^^^^^^^^^^^^^^^^^^^^^^^^^
exception: node_modules\react-native-webview\android\src\main\java\com\reactnativecommunity\webview\RNCWebViewManagerImpl.kt:430:51: warning: unchecked cast of 'Any?' to 'HashMap<String, String>'.
exception:                         val headerCasted = header as HashMap<String, String>
exception:                                                   ^^^^^^^^^^^^^^^^^^^^^^^^^^
exception: node_modules\react-native-webview\android\src\main\java\com\reactnativecommunity\webview\RNCWebViewManagerImpl.kt:486:23: warning: 'var savePassword: Boolean' is deprecated. Deprecated in Java.
exception:         view.settings.savePassword = false;
exception:                       ^^^^^^^^^^^^
exception: node_modules\react-native-webview\android\src\main\java\com\reactnativecommunity\webview\RNCWebViewManagerImpl.kt:487:23: warning: 'var saveFormData: Boolean' is deprecated. Deprecated in Java.
exception:         view.settings.saveFormData = false;
exception:                       ^^^^^^^^^^^^
exception: node_modules\react-native-webview\android\src\main\java\com\reactnativecommunity\webview\RNCWebViewManagerImpl.kt:557:23: warning: 'var allowFileAccessFromFileURLs: Boolean' is deprecated. Deprecated in Java.
exception:         view.settings.allowFileAccessFromFileURLs = value;
exception:                       ^^^^^^^^^^^^^^^^^^^^^^^^^^^
exception: node_modules\react-native-webview\android\src\main\java\com\reactnativecommunity\webview\RNCWebViewManagerImpl.kt:602:52: warning: 'static field FORCE_DARK_ON: Int' is deprecated. Deprecated in Java.
exception:                     if (enabled) WebSettingsCompat.FORCE_DARK_ON else WebSettingsCompat.FORCE_DARK_OFF
exception:                                                    ^^^^^^^^^^^^^
exception: node_modules\react-native-webview\android\src\main\java\com\reactnativecommunity\webview\RNCWebViewManagerImpl.kt:602:89: warning: 'static field FORCE_DARK_OFF: Int' is deprecated. Deprecated in Java.
exception:                     if (enabled) WebSettingsCompat.FORCE_DARK_ON else WebSettingsCompat.FORCE_DARK_OFF
exception:                                                                                         ^^^^^^^^^^^^^^
exception: node_modules\react-native-webview\android\src\main\java\com\reactnativecommunity\webview\RNCWebViewManagerImpl.kt:603:35: warning: 'static fun setForceDark(p0: @NonNull() WebSettings, p1: Int): Unit' is deprecated. Deprecated in Java.
exception:                 WebSettingsCompat.setForceDark(view.settings, forceDarkMode)
exception:                                   ^^^^^^^^^^^^
exception: node_modules\react-native-webview\android\src\main\java\com\reactnativecommunity\webview\RNCWebViewManagerImpl.kt:612:35: warning: 'static fun setForceDarkStrategy(p0: @NonNull() WebSettings, p1: Int): Unit' is deprecated. Deprecated in Java.
exception:                 WebSettingsCompat.setForceDarkStrategy(
exception:                                   ^^^^^^^^^^^^^^^^^^^^
exception: node_modules\react-native-webview\android\src\main\java\com\reactnativecommunity\webview\RNCWebViewManagerImpl.kt:614:39: warning: 'static field DARK_STRATEGY_PREFER_WEB_THEME_OVER_USER_AGENT_DARKENING: Int' is deprecated. Deprecated in Java.
exception:                     WebSettingsCompat.DARK_STRATEGY_PREFER_WEB_THEME_OVER_USER_AGENT_DARKENING
exception:                                       ^^^^^^^^^^^^^^^^^^^^^^^^^^^^^^^^^^^^^^^^^^^^^^^^^^^^^^^^
exception: node_modules\react-native-webview\android\src\main\java\com\reactnativecommunity\webview\RNCWebViewManagerImpl.kt:658:65: warning: unchecked cast of 'ArrayList<Any?>' to 'List<Map<String, String>>'.
exception:             else -> view.setMenuCustomItems(value.toArrayList() as List<Map<String, String>>)
exception:                                                                 ^^^^^^^^^^^^^^^^^^^^^^^^^^^^
exception: node_modules\react-native-webview\android\src\main\java\com\reactnativecommunity\webview\RNCWebViewManagerImpl.kt:679:23: warning: 'var saveFormData: Boolean' is deprecated. Deprecated in Java.
exception:         view.settings.saveFormData = !disabled
exception:                       ^^^^^^^^^^^^
exception: node_modules\react-native-webview\android\src\main\java\com\reactnativecommunity\webview\events\SubResourceErrorEvent.kt:5:8: warning: 'interface RCTEventEmitter : JavaScriptModule' is deprecated. Use [RCTModernEventEmitter] instead.
exception: import com.facebook.react.uimanager.events.RCTEventEmitter
exception:        ^^^^^^^^^^^^^^^^^^^^^^^^^^^^^^^^^^^^^^^^^^^^^^^^^^^
exception: node_modules\react-native-webview\android\src\main\java\com\reactnativecommunity\webview\events\SubResourceErrorEvent.kt:11:3: warning: 'constructor<T : Event<T>>(viewTag: Int): Event<T>' is deprecated. Use constructor with explicit surfaceId instead.
exception:   Event<SubResourceErrorEvent>(viewId) {
exception:   ^^^^^
exception: node_modules\react-native-webview\android\src\main\java\com\reactnativecommunity\webview\events\SubResourceErrorEvent.kt:22:16: warning: this declaration overrides a deprecated member but is not marked as deprecated itself. Add the '@Deprecated' annotation or suppress the diagnostic.
exception:   override fun dispatch(rctEventEmitter: RCTEventEmitter) =
exception:                ^^^^^^^^
exception: node_modules\react-native-webview\android\src\main\java\com\reactnativecommunity\webview\events\SubResourceErrorEvent.kt:22:42: warning: 'interface RCTEventEmitter : JavaScriptModule' is deprecated. Use [RCTModernEventEmitter] instead.
exception:   override fun dispatch(rctEventEmitter: RCTEventEmitter) =
exception:                                          ^^^^^^^^^^^^^^^
exception: node_modules\react-native-webview\android\src\main\java\com\reactnativecommunity\webview\events\SubResourceErrorEvent.kt:23:21: warning: 'fun receiveEvent(targetTag: Int, eventName: String, params: WritableMap?): Unit' is deprecated. Use [RCTModernEventEmitter.receiveEvent] instead.
exception:     rctEventEmitter.receiveEvent(viewTag, eventName, mEventData)
exception:                     ^^^^^^^^^^^^
exception: node_modules\react-native-webview\android\src\main\java\com\reactnativecommunity\webview\events\TopCustomMenuSelectionEvent.kt:5:8: warning: 'interface RCTEventEmitter : JavaScriptModule' is deprecated. Use [RCTModernEventEmitter] instead.
exception: import com.facebook.react.uimanager.events.RCTEventEmitter
exception:        ^^^^^^^^^^^^^^^^^^^^^^^^^^^^^^^^^^^^^^^^^^^^^^^^^^^
exception: node_modules\react-native-webview\android\src\main\java\com\reactnativecommunity\webview\events\TopCustomMenuSelectionEvent.kt:11:3: warning: 'constructor<T : Event<T>>(viewTag: Int): Event<T>' is deprecated. Use constructor with explicit surfaceId instead.
exception:   Event<TopCustomMenuSelectionEvent>(viewId) {
exception:   ^^^^^
exception: node_modules\react-native-webview\android\src\main\java\com\reactnativecommunity\webview\events\TopCustomMenuSelectionEvent.kt:22:16: warning: this declaration overrides a deprecated member but is not marked as deprecated itself. Add the '@Deprecated' annotation or suppress the diagnostic.
exception:   override fun dispatch(rctEventEmitter: RCTEventEmitter) =
exception:                ^^^^^^^^
exception: node_modules\react-native-webview\android\src\main\java\com\reactnativecommunity\webview\events\TopCustomMenuSelectionEvent.kt:22:42: warning: 'interface RCTEventEmitter : JavaScriptModule' is deprecated. Use [RCTModernEventEmitter] instead.
exception:   override fun dispatch(rctEventEmitter: RCTEventEmitter) =
exception:                                          ^^^^^^^^^^^^^^^
exception: node_modules\react-native-webview\android\src\main\java\com\reactnativecommunity\webview\events\TopCustomMenuSelectionEvent.kt:23:21: warning: 'fun receiveEvent(targetTag: Int, eventName: String, params: WritableMap?): Unit' is deprecated. Use [RCTModernEventEmitter.receiveEvent] instead.
exception:     rctEventEmitter.receiveEvent(viewTag, eventName, mEventData)
exception:                     ^^^^^^^^^^^^
exception: node_modules\react-native-webview\android\src\main\java\com\reactnativecommunity\webview\events\TopHttpErrorEvent.kt:5:8: warning: 'interface RCTEventEmitter : JavaScriptModule' is deprecated. Use [RCTModernEventEmitter] instead.
exception: import com.facebook.react.uimanager.events.RCTEventEmitter
exception:        ^^^^^^^^^^^^^^^^^^^^^^^^^^^^^^^^^^^^^^^^^^^^^^^^^^^
exception: node_modules\react-native-webview\android\src\main\java\com\reactnativecommunity\webview\events\TopHttpErrorEvent.kt:11:3: warning: 'constructor<T : Event<T>>(viewTag: Int): Event<T>' is deprecated. Use constructor with explicit surfaceId instead.
exception:   Event<TopHttpErrorEvent>(viewId) {
exception:   ^^^^^
exception: node_modules\react-native-webview\android\src\main\java\com\reactnativecommunity\webview\events\TopHttpErrorEvent.kt:22:16: warning: this declaration overrides a deprecated member but is not marked as deprecated itself. Add the '@Deprecated' annotation or suppress the diagnostic.
exception:   override fun dispatch(rctEventEmitter: RCTEventEmitter) =
exception:                ^^^^^^^^
exception: node_modules\react-native-webview\android\src\main\java\com\reactnativecommunity\webview\events\TopHttpErrorEvent.kt:22:42: warning: 'interface RCTEventEmitter : JavaScriptModule' is deprecated. Use [RCTModernEventEmitter] instead.
exception:   override fun dispatch(rctEventEmitter: RCTEventEmitter) =
exception:                                          ^^^^^^^^^^^^^^^
exception: node_modules\react-native-webview\android\src\main\java\com\reactnativecommunity\webview\events\TopHttpErrorEvent.kt:23:21: warning: 'fun receiveEvent(targetTag: Int, eventName: String, params: WritableMap?): Unit' is deprecated. Use [RCTModernEventEmitter.receiveEvent] instead.
exception:     rctEventEmitter.receiveEvent(viewTag, eventName, mEventData)
exception:                     ^^^^^^^^^^^^
exception: node_modules\react-native-webview\android\src\main\java\com\reactnativecommunity\webview\events\TopLoadingErrorEvent.kt:5:8: warning: 'interface RCTEventEmitter : JavaScriptModule' is deprecated. Use [RCTModernEventEmitter] instead.
exception: import com.facebook.react.uimanager.events.RCTEventEmitter
exception:        ^^^^^^^^^^^^^^^^^^^^^^^^^^^^^^^^^^^^^^^^^^^^^^^^^^^
exception: node_modules\react-native-webview\android\src\main\java\com\reactnativecommunity\webview\events\TopLoadingErrorEvent.kt:11:3: warning: 'constructor<T : Event<T>>(viewTag: Int): Event<T>' is deprecated. Use constructor with explicit surfaceId instead.
exception:   Event<TopLoadingErrorEvent>(viewId) {
exception:   ^^^^^
exception: node_modules\react-native-webview\android\src\main\java\com\reactnativecommunity\webview\events\TopLoadingErrorEvent.kt:22:16: warning: this declaration overrides a deprecated member but is not marked as deprecated itself. Add the '@Deprecated' annotation or suppress the diagnostic.
exception:   override fun dispatch(rctEventEmitter: RCTEventEmitter) =
exception:                ^^^^^^^^
exception: node_modules\react-native-webview\android\src\main\java\com\reactnativecommunity\webview\events\TopLoadingErrorEvent.kt:22:42: warning: 'interface RCTEventEmitter : JavaScriptModule' is deprecated. Use [RCTModernEventEmitter] instead.
exception:   override fun dispatch(rctEventEmitter: RCTEventEmitter) =
exception:                                          ^^^^^^^^^^^^^^^
exception: node_modules\react-native-webview\android\src\main\java\com\reactnativecommunity\webview\events\TopLoadingErrorEvent.kt:23:21: warning: 'fun receiveEvent(targetTag: Int, eventName: String, params: WritableMap?): Unit' is deprecated. Use [RCTModernEventEmitter.receiveEvent] instead.
exception:     rctEventEmitter.receiveEvent(viewTag, eventName, mEventData)
exception:                     ^^^^^^^^^^^^
exception: node_modules\react-native-webview\android\src\main\java\com\reactnativecommunity\webview\events\TopLoadingFinishEvent.kt:5:8: warning: 'interface RCTEventEmitter : JavaScriptModule' is deprecated. Use [RCTModernEventEmitter] instead.
exception: import com.facebook.react.uimanager.events.RCTEventEmitter
exception:        ^^^^^^^^^^^^^^^^^^^^^^^^^^^^^^^^^^^^^^^^^^^^^^^^^^^
exception: node_modules\react-native-webview\android\src\main\java\com\reactnativecommunity\webview\events\TopLoadingFinishEvent.kt:11:3: warning: 'constructor<T : Event<T>>(viewTag: Int): Event<T>' is deprecated. Use constructor with explicit surfaceId instead.
exception:   Event<TopLoadingFinishEvent>(viewId) {
exception:   ^^^^^
exception: node_modules\react-native-webview\android\src\main\java\com\reactnativecommunity\webview\events\TopLoadingFinishEvent.kt:22:16: warning: this declaration overrides a deprecated member but is not marked as deprecated itself. Add the '@Deprecated' annotation or suppress the diagnostic.
exception:   override fun dispatch(rctEventEmitter: RCTEventEmitter) =
exception:                ^^^^^^^^
exception: node_modules\react-native-webview\android\src\main\java\com\reactnativecommunity\webview\events\TopLoadingFinishEvent.kt:22:42: warning: 'interface RCTEventEmitter : JavaScriptModule' is deprecated. Use [RCTModernEventEmitter] instead.
exception:   override fun dispatch(rctEventEmitter: RCTEventEmitter) =
exception:                                          ^^^^^^^^^^^^^^^
exception: node_modules\react-native-webview\android\src\main\java\com\reactnativecommunity\webview\events\TopLoadingFinishEvent.kt:23:21: warning: 'fun receiveEvent(targetTag: Int, eventName: String, params: WritableMap?): Unit' is deprecated. Use [RCTModernEventEmitter.receiveEvent] instead.
exception:     rctEventEmitter.receiveEvent(viewTag, eventName, mEventData)
exception:                     ^^^^^^^^^^^^
exception: node_modules\react-native-webview\android\src\main\java\com\reactnativecommunity\webview\events\TopLoadingProgressEvent.kt:5:8: warning: 'interface RCTEventEmitter : JavaScriptModule' is deprecated. Use [RCTModernEventEmitter] instead.
exception: import com.facebook.react.uimanager.events.RCTEventEmitter
exception:        ^^^^^^^^^^^^^^^^^^^^^^^^^^^^^^^^^^^^^^^^^^^^^^^^^^^
exception: node_modules\react-native-webview\android\src\main\java\com\reactnativecommunity\webview\events\TopLoadingProgressEvent.kt:11:3: warning: 'constructor<T : Event<T>>(viewTag: Int): Event<T>' is deprecated. Use constructor with explicit surfaceId instead.
exception:   Event<TopLoadingProgressEvent>(viewId) {
exception:   ^^^^^
exception: node_modules\react-native-webview\android\src\main\java\com\reactnativecommunity\webview\events\TopLoadingProgressEvent.kt:22:16: warning: this declaration overrides a deprecated member but is not marked as deprecated itself. Add the '@Deprecated' annotation or suppress the diagnostic.
exception:   override fun dispatch(rctEventEmitter: RCTEventEmitter) =
exception:                ^^^^^^^^
exception: node_modules\react-native-webview\android\src\main\java\com\reactnativecommunity\webview\events\TopLoadingProgressEvent.kt:22:42: warning: 'interface RCTEventEmitter : JavaScriptModule' is deprecated. Use [RCTModernEventEmitter] instead.
exception:   override fun dispatch(rctEventEmitter: RCTEventEmitter) =
exception:                                          ^^^^^^^^^^^^^^^
exception: node_modules\react-native-webview\android\src\main\java\com\reactnativecommunity\webview\events\TopLoadingProgressEvent.kt:23:21: warning: 'fun receiveEvent(targetTag: Int, eventName: String, params: WritableMap?): Unit' is deprecated. Use [RCTModernEventEmitter.receiveEvent] instead.
exception:     rctEventEmitter.receiveEvent(viewTag, eventName, mEventData)
exception:                     ^^^^^^^^^^^^
exception: node_modules\react-native-webview\android\src\main\java\com\reactnativecommunity\webview\events\TopLoadingStartEvent.kt:5:8: warning: 'interface RCTEventEmitter : JavaScriptModule' is deprecated. Use [RCTModernEventEmitter] instead.
exception: import com.facebook.react.uimanager.events.RCTEventEmitter
exception:        ^^^^^^^^^^^^^^^^^^^^^^^^^^^^^^^^^^^^^^^^^^^^^^^^^^^
exception: node_modules\react-native-webview\android\src\main\java\com\reactnativecommunity\webview\events\TopLoadingStartEvent.kt:11:3: warning: 'constructor<T : Event<T>>(viewTag: Int): Event<T>' is deprecated. Use constructor with explicit surfaceId instead.
exception:   Event<TopLoadingStartEvent>(viewId) {
exception:   ^^^^^
exception: node_modules\react-native-webview\android\src\main\java\com\reactnativecommunity\webview\events\TopLoadingStartEvent.kt:22:16: warning: this declaration overrides a deprecated member but is not marked as deprecated itself. Add the '@Deprecated' annotation or suppress the diagnostic.
exception:   override fun dispatch(rctEventEmitter: RCTEventEmitter) =
exception:                ^^^^^^^^
exception: node_modules\react-native-webview\android\src\main\java\com\reactnativecommunity\webview\events\TopLoadingStartEvent.kt:22:42: warning: 'interface RCTEventEmitter : JavaScriptModule' is deprecated. Use [RCTModernEventEmitter] instead.
exception:   override fun dispatch(rctEventEmitter: RCTEventEmitter) =
exception:                                          ^^^^^^^^^^^^^^^
exception: node_modules\react-native-webview\android\src\main\java\com\reactnativecommunity\webview\events\TopLoadingStartEvent.kt:23:21: warning: 'fun receiveEvent(targetTag: Int, eventName: String, params: WritableMap?): Unit' is deprecated. Use [RCTModernEventEmitter.receiveEvent] instead.
exception:     rctEventEmitter.receiveEvent(viewTag, eventName, mEventData)
exception:                     ^^^^^^^^^^^^
exception: node_modules\react-native-webview\android\src\main\java\com\reactnativecommunity\webview\events\TopMessageEvent.kt:5:8: warning: 'interface RCTEventEmitter : JavaScriptModule' is deprecated. Use [RCTModernEventEmitter] instead.
exception: import com.facebook.react.uimanager.events.RCTEventEmitter
exception:        ^^^^^^^^^^^^^^^^^^^^^^^^^^^^^^^^^^^^^^^^^^^^^^^^^^^
exception: node_modules\react-native-webview\android\src\main\java\com\reactnativecommunity\webview\events\TopMessageEvent.kt:10:75: warning: 'constructor<T : Event<T>>(viewTag: Int): Event<T>' is deprecated. Use constructor with explicit surfaceId instead.
exception: class TopMessageEvent(viewId: Int, private val mEventData: WritableMap) : Event<TopMessageEvent>(viewId) {
exception:                                                                           ^^^^^
exception: node_modules\react-native-webview\android\src\main\java\com\reactnativecommunity\webview\events\TopMessageEvent.kt:21:16: warning: this declaration overrides a deprecated member but is not marked as deprecated itself. Add the '@Deprecated' annotation or suppress the diagnostic.
exception:   override fun dispatch(rctEventEmitter: RCTEventEmitter) {
exception:                ^^^^^^^^
exception: node_modules\react-native-webview\android\src\main\java\com\reactnativecommunity\webview\events\TopMessageEvent.kt:21:42: warning: 'interface RCTEventEmitter : JavaScriptModule' is deprecated. Use [RCTModernEventEmitter] instead.
exception:   override fun dispatch(rctEventEmitter: RCTEventEmitter) {
exception:                                          ^^^^^^^^^^^^^^^
exception: node_modules\react-native-webview\android\src\main\java\com\reactnativecommunity\webview\events\TopMessageEvent.kt:22:21: warning: 'fun receiveEvent(targetTag: Int, eventName: String, params: WritableMap?): Unit' is deprecated. Use [RCTModernEventEmitter.receiveEvent] instead.
exception:     rctEventEmitter.receiveEvent(viewTag, EVENT_NAME, mEventData)
exception:                     ^^^^^^^^^^^^
exception: node_modules\react-native-webview\android\src\main\java\com\reactnativecommunity\webview\events\TopNewWindowEvent.kt:5:8: warning: 'interface RCTEventEmitter : JavaScriptModule' is deprecated. Use [RCTModernEventEmitter] instead.
exception: import com.facebook.react.uimanager.events.RCTEventEmitter
exception:        ^^^^^^^^^^^^^^^^^^^^^^^^^^^^^^^^^^^^^^^^^^^^^^^^^^^
exception: node_modules\react-native-webview\android\src\main\java\com\reactnativecommunity\webview\events\TopNewWindowEvent.kt:11:3: warning: 'constructor<T : Event<T>>(viewTag: Int): Event<T>' is deprecated. Use constructor with explicit surfaceId instead.
exception:   Event<TopOpenWindowEvent>(viewId) {
exception:   ^^^^^
exception: node_modules\react-native-webview\android\src\main\java\com\reactnativecommunity\webview\events\TopNewWindowEvent.kt:22:16: warning: this declaration overrides a deprecated member but is not marked as deprecated itself. Add the '@Deprecated' annotation or suppress the diagnostic.
exception:   override fun dispatch(rctEventEmitter: RCTEventEmitter) =
exception:                ^^^^^^^^
exception: node_modules\react-native-webview\android\src\main\java\com\reactnativecommunity\webview\events\TopNewWindowEvent.kt:22:42: warning: 'interface RCTEventEmitter : JavaScriptModule' is deprecated. Use [RCTModernEventEmitter] instead.
exception:   override fun dispatch(rctEventEmitter: RCTEventEmitter) =
exception:                                          ^^^^^^^^^^^^^^^
exception: node_modules\react-native-webview\android\src\main\java\com\reactnativecommunity\webview\events\TopNewWindowEvent.kt:23:21: warning: 'fun receiveEvent(targetTag: Int, eventName: String, params: WritableMap?): Unit' is deprecated. Use [RCTModernEventEmitter.receiveEvent] instead.
exception:     rctEventEmitter.receiveEvent(viewTag, eventName, mEventData)
exception:                     ^^^^^^^^^^^^
exception: node_modules\react-native-webview\android\src\main\java\com\reactnativecommunity\webview\events\TopRenderProcessGoneEvent.kt:5:8: warning: 'interface RCTEventEmitter : JavaScriptModule' is deprecated. Use [RCTModernEventEmitter] instead.
exception: import com.facebook.react.uimanager.events.RCTEventEmitter
exception:        ^^^^^^^^^^^^^^^^^^^^^^^^^^^^^^^^^^^^^^^^^^^^^^^^^^^
exception: node_modules\react-native-webview\android\src\main\java\com\reactnativecommunity\webview\events\TopRenderProcessGoneEvent.kt:12:3: warning: 'constructor<T : Event<T>>(viewTag: Int): Event<T>' is deprecated. Use constructor with explicit surfaceId instead.
exception:   Event<TopRenderProcessGoneEvent>(viewId) {
exception:   ^^^^^
exception: node_modules\react-native-webview\android\src\main\java\com\reactnativecommunity\webview\events\TopRenderProcessGoneEvent.kt:23:16: warning: this declaration overrides a deprecated member but is not marked as deprecated itself. Add the '@Deprecated' annotation or suppress the diagnostic.
exception:   override fun dispatch(rctEventEmitter: RCTEventEmitter) =
exception:                ^^^^^^^^
exception: node_modules\react-native-webview\android\src\main\java\com\reactnativecommunity\webview\events\TopRenderProcessGoneEvent.kt:23:42: warning: 'interface RCTEventEmitter : JavaScriptModule' is deprecated. Use [RCTModernEventEmitter] instead.
exception:   override fun dispatch(rctEventEmitter: RCTEventEmitter) =
exception:                                          ^^^^^^^^^^^^^^^
exception: node_modules\react-native-webview\android\src\main\java\com\reactnativecommunity\webview\events\TopRenderProcessGoneEvent.kt:24:21: warning: 'fun receiveEvent(targetTag: Int, eventName: String, params: WritableMap?): Unit' is deprecated. Use [RCTModernEventEmitter.receiveEvent] instead.
exception:     rctEventEmitter.receiveEvent(viewTag, eventName, mEventData)
exception:                     ^^^^^^^^^^^^
exception: node_modules\react-native-webview\android\src\main\java\com\reactnativecommunity\webview\events\TopShouldStartLoadWithRequestEvent.kt:5:8: warning: 'interface RCTEventEmitter : JavaScriptModule' is deprecated. Use [RCTModernEventEmitter] instead.
exception: import com.facebook.react.uimanager.events.RCTEventEmitter
exception:        ^^^^^^^^^^^^^^^^^^^^^^^^^^^^^^^^^^^^^^^^^^^^^^^^^^^
exception: node_modules\react-native-webview\android\src\main\java\com\reactnativecommunity\webview\events\TopShouldStartLoadWithRequestEvent.kt:10:89: warning: 'constructor<T : Event<T>>(viewTag: Int): Event<T>' is deprecated. Use constructor with explicit surfaceId instead.
exception: class TopShouldStartLoadWithRequestEvent(viewId: Int, private val mData: WritableMap) : Event<TopShouldStartLoadWithRequestEvent>(viewId) {
exception:                                                                                         ^^^^^
exception: node_modules\react-native-webview\android\src\main\java\com\reactnativecommunity\webview\events\TopShouldStartLoadWithRequestEvent.kt:27:16: warning: this declaration overrides a deprecated member but is not marked as deprecated itself. Add the '@Deprecated' annotation or suppress the diagnostic.
exception:   override fun dispatch(rctEventEmitter: RCTEventEmitter) =
exception:                ^^^^^^^^
exception: node_modules\react-native-webview\android\src\main\java\com\reactnativecommunity\webview\events\TopShouldStartLoadWithRequestEvent.kt:27:42: warning: 'interface RCTEventEmitter : JavaScriptModule' is deprecated. Use [RCTModernEventEmitter] instead.
exception:   override fun dispatch(rctEventEmitter: RCTEventEmitter) =
exception:                                          ^^^^^^^^^^^^^^^
exception: node_modules\react-native-webview\android\src\main\java\com\reactnativecommunity\webview\events\TopShouldStartLoadWithRequestEvent.kt:28:21: warning: 'fun receiveEvent(targetTag: Int, eventName: String, params: WritableMap?): Unit' is deprecated. Use [RCTModernEventEmitter.receiveEvent] instead.
exception:     rctEventEmitter.receiveEvent(viewTag, EVENT_NAME, mData)
exception:                     ^^^^^^^^^^^^

> Task :app:createBundleReleaseJsAndAssets
warning: Bundler cache is empty, rebuilding (this may take a minute)

> Task :react-native-screens:buildCMakeRelWithDebInfo[arm64-v8a]
> Task :notifee_react-native:lintVitalAnalyzeRelease
> Task :react-native-async-storage_async-storage:lintVitalAnalyzeRelease
> Task :react-native-community_netinfo:lintVitalAnalyzeRelease

> Task :react-native-safe-area-context:compileReleaseKotlin
exception: node_modules\react-native-safe-area-context\android\src\main\java\com\th3rdwave\safeareacontext\SafeAreaView.kt:59:23: warning: 'val uiImplementation: UIImplementation!' is deprecated. Deprecated in Java.
exception:             uiManager.uiImplementation.dispatchViewUpdates(-1)
exception:                       ^^^^^^^^^^^^^^^^

> Task :react-native-svg:mergeReleaseShaders
> Task :react-native-svg:compileReleaseShaders NO-SOURCE
> Task :react-native-svg:generateReleaseAssets UP-TO-DATE
> Task :react-native-svg:mergeReleaseAssets
> Task :react-native-svg:processReleaseJavaRes NO-SOURCE
> Task :react-native-svg:createFullJarRelease
> Task :react-native-svg:extractProguardFiles
> Task :react-native-svg:generateReleaseLintModel
> Task :react-native-svg:prepareLintJarForPublish UP-TO-DATE
> Task :react-native-svg:stripReleaseDebugSymbols NO-SOURCE
> Task :react-native-svg:copyReleaseJniLibsProjectAndLocalJars
> Task :react-native-svg:extractDeepLinksForAarRelease UP-TO-DATE
> Task :react-native-svg:extractReleaseAnnotations
> Task :react-native-svg:mergeReleaseGeneratedProguardFiles UP-TO-DATE
> Task :react-native-svg:mergeReleaseConsumerProguardFiles
> Task :react-native-svg:mergeReleaseJavaResource
> Task :react-native-svg:syncReleaseLibJars
> Task :react-native-svg:bundleReleaseLocalLintAar
> Task :react-native-async-storage_async-storage:writeReleaseLintModelMetadata
> Task :react-native-community_netinfo:writeReleaseLintModelMetadata
> Task :react-native-firebase_app:writeReleaseLintModelMetadata
> Task :react-native-firebase_messaging:writeReleaseLintModelMetadata
> Task :react-native-reanimated:writeReleaseLintModelMetadata
> Task :react-native-svg:writeReleaseLintModelMetadata
> Task :react-native-gesture-handler:writeReleaseLintModelMetadata
> Task :react-native-keyboard-controller:writeReleaseLintModelMetadata
> Task :react-native-safe-area-context:compileReleaseJavaWithJavac
> Task :notifee_react-native:generateReleaseLintVitalModel

> Task :react-native-community_datetimepicker:compileReleaseKotlin
exception: node_modules\@react-native-community\datetimepicker\android\src\main\java\com\reactcommunity\rndatetimepicker\MaterialDatePickerModule.kt:21:20: warning: 'val currentActivity: Activity?' is deprecated. Deprecated in 0.80.0. Use getReactApplicationContext.getCurrentActivity() instead.
exception:     val activity = currentActivity as FragmentActivity?
exception:                    ^^^^^^^^^^^^^^^
exception: node_modules\@react-native-community\datetimepicker\android\src\main\java\com\reactcommunity\rndatetimepicker\MaterialDatePickerModule.kt:21:20: warning: this synthetic property is based on the getter function 'fun getCurrentActivity(): Activity?' from Kotlin. In the future, synthetic properties will be available only if the base getter function came from Java. Consider replacing this property access with a 'getCurrentActivity()' function call.
exception:     val activity = currentActivity as FragmentActivity?
exception:                    ^^^^^^^^^^^^^^^
exception: node_modules\@react-native-community\datetimepicker\android\src\main\java\com\reactcommunity\rndatetimepicker\MaterialDatePickerModule.kt:26:20: warning: 'val currentActivity: Activity?' is deprecated. Deprecated in 0.80.0. Use getReactApplicationContext.getCurrentActivity() instead.
exception:     val activity = currentActivity as FragmentActivity?
exception:                    ^^^^^^^^^^^^^^^
exception: node_modules\@react-native-community\datetimepicker\android\src\main\java\com\reactcommunity\rndatetimepicker\MaterialDatePickerModule.kt:26:20: warning: this synthetic property is based on the getter function 'fun getCurrentActivity(): Activity?' from Kotlin. In the future, synthetic properties will be available only if the base getter function came from Java. Consider replacing this property access with a 'getCurrentActivity()' function call.
exception:     val activity = currentActivity as FragmentActivity?
exception:                    ^^^^^^^^^^^^^^^
exception: node_modules\@react-native-community\datetimepicker\android\src\main\java\com\reactcommunity\rndatetimepicker\MaterialTimePickerModule.kt:22:20: warning: 'val currentActivity: Activity?' is deprecated. Deprecated in 0.80.0. Use getReactApplicationContext.getCurrentActivity() instead.
exception:     val activity = currentActivity as FragmentActivity?
exception:                    ^^^^^^^^^^^^^^^
exception: node_modules\@react-native-community\datetimepicker\android\src\main\java\com\reactcommunity\rndatetimepicker\MaterialTimePickerModule.kt:22:20: warning: this synthetic property is based on the getter function 'fun getCurrentActivity(): Activity?' from Kotlin. In the future, synthetic properties will be available only if the base getter function came from Java. Consider replacing this property access with a 'getCurrentActivity()' function call.
exception:     val activity = currentActivity as FragmentActivity?
exception:                    ^^^^^^^^^^^^^^^
exception: node_modules\@react-native-community\datetimepicker\android\src\main\java\com\reactcommunity\rndatetimepicker\MaterialTimePickerModule.kt:27:20: warning: 'val currentActivity: Activity?' is deprecated. Deprecated in 0.80.0. Use getReactApplicationContext.getCurrentActivity() instead.
exception:     val activity = currentActivity as FragmentActivity?
exception:                    ^^^^^^^^^^^^^^^
exception: node_modules\@react-native-community\datetimepicker\android\src\main\java\com\reactcommunity\rndatetimepicker\MaterialTimePickerModule.kt:27:20: warning: this synthetic property is based on the getter function 'fun getCurrentActivity(): Activity?' from Kotlin. In the future, synthetic properties will be available only if the base getter function came from Java. Consider replacing this property access with a 'getCurrentActivity()' function call.
exception:     val activity = currentActivity as FragmentActivity?
exception:                    ^^^^^^^^^^^^^^^

> Task :react-native-safe-area-context:bundleLibRuntimeToDirRelease

> Task :react-native-webview:compileReleaseJavaWithJavac
Note: Some input files use or override a deprecated API.
Note: Recompile with -Xlint:deprecation for details.

> Task :react-native-safe-area-context:bundleLibCompileToJarRelease
> Task :react-native-safe-area-context:bundleLibRuntimeToJarRelease
> Task :react-native-webview:bundleLibCompileToJarRelease
> Task :react-native-webview:bundleLibRuntimeToJarRelease
> Task :react-native-webview:bundleLibRuntimeToDirRelease
> Task :react-native-safe-area-context:processReleaseJavaRes
> Task :react-native-safe-area-context:createFullJarRelease
> Task :react-native-safe-area-context:generateReleaseLintModel
> Task :react-native-webview:processReleaseJavaRes
> Task :react-native-webview:createFullJarRelease
> Task :react-native-safe-area-context:extractReleaseAnnotations
> Task :react-native-safe-area-context:mergeReleaseGeneratedProguardFiles UP-TO-DATE
> Task :react-native-safe-area-context:mergeReleaseConsumerProguardFiles UP-TO-DATE
> Task :react-native-webview:generateReleaseLintModel
> Task :react-native-webview:extractReleaseAnnotations
> Task :react-native-webview:mergeReleaseGeneratedProguardFiles UP-TO-DATE
> Task :react-native-webview:mergeReleaseConsumerProguardFiles UP-TO-DATE
> Task :react-native-safe-area-context:mergeReleaseJavaResource

> Task :react-native-community_datetimepicker:compileReleaseJavaWithJavac
Note: Some input files use or override a deprecated API.
Note: Recompile with -Xlint:deprecation for details.

> Task :react-native-safe-area-context:syncReleaseLibJars
> Task :react-native-safe-area-context:bundleReleaseLocalLintAar
> Task :react-native-webview:mergeReleaseJavaResource
> Task :react-native-safe-area-context:writeReleaseLintModelMetadata
> Task :react-native-async-storage_async-storage:generateReleaseLintVitalModel
> Task :react-native-community_netinfo:generateReleaseLintVitalModel
> Task :react-native-webview:syncReleaseLibJars
> Task :react-native-community_datetimepicker:bundleLibCompileToJarRelease
> Task :react-native-community_datetimepicker:bundleLibRuntimeToJarRelease
> Task :react-native-webview:bundleReleaseLocalLintAar
> Task :react-native-community_datetimepicker:processReleaseJavaRes
> Task :react-native-community_datetimepicker:createFullJarRelease
> Task :react-native-webview:writeReleaseLintModelMetadata
> Task :react-native-firebase_app:generateReleaseLintVitalModel
> Task :react-native-community_datetimepicker:bundleLibRuntimeToDirRelease
> Task :react-native-firebase_messaging:generateReleaseLintVitalModel
> Task :react-native-community_datetimepicker:generateReleaseLintModel
> Task :react-native-safe-area-context:generateReleaseLintVitalModel
> Task :react-native-svg:generateReleaseLintVitalModel
> Task :react-native-community_datetimepicker:extractReleaseAnnotations
> Task :react-native-community_datetimepicker:mergeReleaseGeneratedProguardFiles UP-TO-DATE
> Task :react-native-community_datetimepicker:mergeReleaseConsumerProguardFiles UP-TO-DATE
> Task :react-native-webview:generateReleaseLintVitalModel
> Task :expo-constants:mapReleaseSourceSetPaths
> Task :react-native-community_datetimepicker:mergeReleaseJavaResource
> Task :react-native-community_datetimepicker:generateReleaseLintVitalModel
> Task :expo-constants:mergeReleaseResources
> Task :react-native-community_datetimepicker:syncReleaseLibJars
> Task :react-native-community_datetimepicker:bundleReleaseLocalLintAar
> Task :notifee_react-native:bundleReleaseAar

> Task :react-native-keyboard-controller:compileReleaseKotlin
exception: node_modules\react-native-keyboard-controller\android\src\main\java\com\reactnativekeyboardcontroller\extensions\EditText.kt:69:42: warning: unchecked cast of 'ArrayList<*>' to 'ArrayList<TextWatcher>'.
exception:       val textWatchListeners = listeners as ArrayList<TextWatcher>
exception:                                          ^^^^^^^^^^^^^^^^^^^^^^^^^
exception: node_modules\react-native-keyboard-controller\android\src\main\java\com\reactnativekeyboardcontroller\interactive\KeyboardAnimationController.kt:89:16: warning: 'static fun getWindowInsetsController(p0: View): WindowInsetsControllerCompat?' is deprecated. Deprecated in Java.
exception:     ViewCompat.getWindowInsetsController(view)?.controlWindowInsetsAnimation(
exception:                ^^^^^^^^^^^^^^^^^^^^^^^^^
exception: node_modules\react-native-keyboard-controller\android\src\main\java\com\reactnativekeyboardcontroller\managers\KeyboardControllerViewManagerImpl.kt:3:8: warning: 'object MapBuilder : Any' is deprecated. Use Kotlin's built-in collections extensions.
exception: import com.facebook.react.common.MapBuilder
exception:        ^^^^^^^^^^^^^^^^^^^^^^^^^^^^^^^^^^^^
exception: node_modules\react-native-keyboard-controller\android\src\main\java\com\reactnativekeyboardcontroller\managers\KeyboardControllerViewManagerImpl.kt:62:7: warning: 'object MapBuilder : Any' is deprecated. Use Kotlin's built-in collections extensions.
exception:       MapBuilder.of(
exception:       ^^^^^^^^^^
exception: node_modules\react-native-keyboard-controller\android\src\main\java\com\reactnativekeyboardcontroller\managers\KeyboardControllerViewManagerImpl.kt:64:9: warning: 'object MapBuilder : Any' is deprecated. Use Kotlin's built-in collections extensions.
exception:         MapBuilder.of("registrationName", "onKeyboardMove"),
exception:         ^^^^^^^^^^
exception: node_modules\react-native-keyboard-controller\android\src\main\java\com\reactnativekeyboardcontroller\managers\KeyboardControllerViewManagerImpl.kt:66:9: warning: 'object MapBuilder : Any' is deprecated. Use Kotlin's built-in collections extensions.
exception:         MapBuilder.of("registrationName", "onKeyboardMoveStart"),
exception:         ^^^^^^^^^^
exception: node_modules\react-native-keyboard-controller\android\src\main\java\com\reactnativekeyboardcontroller\managers\KeyboardControllerViewManagerImpl.kt:68:9: warning: 'object MapBuilder : Any' is deprecated. Use Kotlin's built-in collections extensions.
exception:         MapBuilder.of("registrationName", "onKeyboardMoveEnd"),
exception:         ^^^^^^^^^^
exception: node_modules\react-native-keyboard-controller\android\src\main\java\com\reactnativekeyboardcontroller\managers\KeyboardControllerViewManagerImpl.kt:70:9: warning: 'object MapBuilder : Any' is deprecated. Use Kotlin's built-in collections extensions.
exception:         MapBuilder.of("registrationName", "onKeyboardMoveInteractive"),
exception:         ^^^^^^^^^^
exception: node_modules\react-native-keyboard-controller\android\src\main\java\com\reactnativekeyboardcontroller\managers\KeyboardControllerViewManagerImpl.kt:72:9: warning: 'object MapBuilder : Any' is deprecated. Use Kotlin's built-in collections extensions.
exception:         MapBuilder.of("registrationName", "onFocusedInputLayoutChanged"),
exception:         ^^^^^^^^^^
exception: node_modules\react-native-keyboard-controller\android\src\main\java\com\reactnativekeyboardcontroller\managers\KeyboardControllerViewManagerImpl.kt:74:9: warning: 'object MapBuilder : Any' is deprecated. Use Kotlin's built-in collections extensions.
exception:         MapBuilder.of("registrationName", "onFocusedInputTextChanged"),
exception:         ^^^^^^^^^^
exception: node_modules\react-native-keyboard-controller\android\src\main\java\com\reactnativekeyboardcontroller\managers\KeyboardControllerViewManagerImpl.kt:76:9: warning: 'object MapBuilder : Any' is deprecated. Use Kotlin's built-in collections extensions.
exception:         MapBuilder.of("registrationName", "onFocusedInputSelectionChanged"),
exception:         ^^^^^^^^^^
exception: node_modules\react-native-keyboard-controller\android\src\main\java\com\reactnativekeyboardcontroller\modal\ModalAttachedWatcher.kt:29:111: warning: 'val DEFAULT: Int' is deprecated. UIManagerType.DEFAULT will be deleted in the next release of React Native. Use [LEGACY] instead.
exception:   private val archType = if (BuildConfig.IS_NEW_ARCHITECTURE_ENABLED) UIManagerType.FABRIC else UIManagerType.DEFAULT
exception:                                                                                                               ^^^^^^^
exception: node_modules\react-native-keyboard-controller\android\src\main\java\com\reactnativekeyboardcontroller\modules\statusbar\StatusBarManagerCompatModuleImpl.kt:63:38: warning: 'var statusBarColor: Int' is deprecated. Deprecated in Java.
exception:           val curColor: Int = window.statusBarColor
exception:                                      ^^^^^^^^^^^^^^
exception: node_modules\react-native-keyboard-controller\android\src\main\java\com\reactnativekeyboardcontroller\modules\statusbar\StatusBarManagerCompatModuleImpl.kt:66:20: warning: 'var statusBarColor: Int' is deprecated. Deprecated in Java.
exception:             window.statusBarColor = animator.animatedValue as Int
exception:                    ^^^^^^^^^^^^^^
exception: node_modules\react-native-keyboard-controller\android\src\main\java\com\reactnativekeyboardcontroller\modules\statusbar\StatusBarManagerCompatModuleImpl.kt:71:18: warning: 'var statusBarColor: Int' is deprecated. Deprecated in Java.
exception:           window.statusBarColor = color
exception:                  ^^^^^^^^^^^^^^
exception: node_modules\react-native-keyboard-controller\android\src\main\java\com\reactnativekeyboardcontroller\views\EdgeToEdgeReactViewGroup.kt:135:23: warning: 'fun replaceSystemWindowInsets(p0: Int, p1: Int, p2: Int, p3: Int): WindowInsetsCompat' is deprecated. Deprecated in Java.
exception:         defaultInsets.replaceSystemWindowInsets(
exception:                       ^^^^^^^^^^^^^^^^^^^^^^^^^
exception: node_modules\react-native-keyboard-controller\android\src\main\java\com\reactnativekeyboardcontroller\views\EdgeToEdgeReactViewGroup.kt:136:25: warning: 'val systemWindowInsetLeft: Int' is deprecated. Deprecated in Java.
exception:           defaultInsets.systemWindowInsetLeft,
exception:                         ^^^^^^^^^^^^^^^^^^^^^
exception: node_modules\react-native-keyboard-controller\android\src\main\java\com\reactnativekeyboardcontroller\views\EdgeToEdgeReactViewGroup.kt:137:65: warning: 'val systemWindowInsetTop: Int' is deprecated. Deprecated in Java.
exception:           if (this.isStatusBarTranslucent) 0 else defaultInsets.systemWindowInsetTop,
exception:                                                                 ^^^^^^^^^^^^^^^^^^^^
exception: node_modules\react-native-keyboard-controller\android\src\main\java\com\reactnativekeyboardcontroller\views\EdgeToEdgeReactViewGroup.kt:138:25: warning: 'val systemWindowInsetRight: Int' is deprecated. Deprecated in Java.
exception:           defaultInsets.systemWindowInsetRight,
exception:                         ^^^^^^^^^^^^^^^^^^^^^^
exception: node_modules\react-native-keyboard-controller\android\src\main\java\com\reactnativekeyboardcontroller\views\EdgeToEdgeReactViewGroup.kt:139:25: warning: 'val systemWindowInsetBottom: Int' is deprecated. Deprecated in Java.
exception:           defaultInsets.systemWindowInsetBottom,
exception:                         ^^^^^^^^^^^^^^^^^^^^^^^
exception: node_modules\react-native-keyboard-controller\android\src\main\java\com\reactnativekeyboardcontroller\views\EdgeToEdgeReactViewGroup.kt:158:83: warning: 'static field FLAG_FULLSCREEN: Int' is deprecated. Deprecated in Java.
exception:       reactContext.currentActivity?.window?.clearFlags(WindowManager.LayoutParams.FLAG_FULLSCREEN)
exception:                                                                                   ^^^^^^^^^^^^^^^
exception: node_modules\react-native-keyboard-controller\android\src\main\java\com\reactnativekeyboardcontroller\views\overlay\OverKeyboardViewGroup.kt:13:8: warning: 'object ReactFeatureFlags : Any' is deprecated. Use com.facebook.react.internal.featureflags.ReactNativeFeatureFlags instead.
exception: import com.facebook.react.config.ReactFeatureFlags
exception:        ^^^^^^^^^^^^^^^^^^^^^^^^^^^^^^^^^^^^^^^^^^^
exception: node_modules\react-native-keyboard-controller\android\src\main\java\com\reactnativekeyboardcontroller\views\overlay\OverKeyboardViewGroup.kt:79:5: warning: the corresponding parameter in the supertype 'ReactViewGroup' is named 'left'. This may cause problems when calling this function with named arguments.
exception:     l: Int,
exception:     ^
exception: node_modules\react-native-keyboard-controller\android\src\main\java\com\reactnativekeyboardcontroller\views\overlay\OverKeyboardViewGroup.kt:80:5: warning: the corresponding parameter in the supertype 'ReactViewGroup' is named 'top'. This may cause problems when calling this function with named arguments.
exception:     t: Int,
exception:     ^
exception: node_modules\react-native-keyboard-controller\android\src\main\java\com\reactnativekeyboardcontroller\views\overlay\OverKeyboardViewGroup.kt:81:5: warning: the corresponding parameter in the supertype 'ReactViewGroup' is named 'right'. This may cause problems when calling this function with named arguments.
exception:     r: Int,
exception:     ^
exception: node_modules\react-native-keyboard-controller\android\src\main\java\com\reactnativekeyboardcontroller\views\overlay\OverKeyboardViewGroup.kt:82:5: warning: the corresponding parameter in the supertype 'ReactViewGroup' is named 'bottom'. This may cause problems when calling this function with named arguments.
exception:     b: Int,
exception:     ^
exception: node_modules\react-native-keyboard-controller\android\src\main\java\com\reactnativekeyboardcontroller\views\overlay\OverKeyboardViewGroup.kt:132:9: warning: 'object ReactFeatureFlags : Any' is deprecated. Use com.facebook.react.internal.featureflags.ReactNativeFeatureFlags instead.
exception:     if (ReactFeatureFlags.dispatchPointerEvents) {
exception:         ^^^^^^^^^^^^^^^^^
exception: node_modules\react-native-keyboard-controller\android\src\main\java\com\reactnativekeyboardcontroller\views\overlay\OverKeyboardViewGroup.kt:152:5: warning: the corresponding parameter in the supertype 'ReactViewGroup' is named 'w'. This may cause problems when calling this function with named arguments.
exception:     width: Int,
exception:     ^^^^^
exception: node_modules\react-native-keyboard-controller\android\src\main\java\com\reactnativekeyboardcontroller\views\overlay\OverKeyboardViewGroup.kt:153:5: warning: the corresponding parameter in the supertype 'ReactViewGroup' is named 'h'. This may cause problems when calling this function with named arguments.
exception:     height: Int,
exception:     ^^^^^^
exception: node_modules\react-native-keyboard-controller\android\src\main\java\com\reactnativekeyboardcontroller\views\overlay\OverKeyboardViewGroup.kt:154:5: warning: the corresponding parameter in the supertype 'ReactViewGroup' is named 'oldw'. This may cause problems when calling this function with named arguments.
exception:     oldWidth: Int,
exception:     ^^^^^^^^
exception: node_modules\react-native-keyboard-controller\android\src\main\java\com\reactnativekeyboardcontroller\views\overlay\OverKeyboardViewGroup.kt:155:5: warning: the corresponding parameter in the supertype 'ReactViewGroup' is named 'oldh'. This may cause problems when calling this function with named arguments.
exception:     oldHeight: Int,
exception:     ^^^^^^^^^

> Task :react-native-async-storage_async-storage:bundleReleaseAar
> Task :react-native-community_datetimepicker:bundleReleaseAar
> Task :react-native-async-storage_async-storage:mapReleaseSourceSetPaths
> Task :notifee_react-native:mapReleaseSourceSetPaths
> Task :react-native-community_datetimepicker:mapReleaseSourceSetPaths
> Task :react-native-worklets:configureCMakeRelWithDebInfo[x86]

> Task :app:createBundleReleaseJsAndAssets
Error "ENOENT" reading contents of "D:\work\React\waleed\careconnect\nurse\v4\Goconnect\node_modules\react-native-worklets\android\.cxx\RelWithDebInfo\562a6q1r\x86\CMakeFiles\CMakeTmp\CMakeFiles", skipping. Add this directory to your ignore list to exclude it.

> Task :react-native-keyboard-controller:compileReleaseJavaWithJavac
> Task :react-native-keyboard-controller:bundleLibRuntimeToDirRelease
> Task :expo-modules-core:configureCMakeRelWithDebInfo[x86]
> Task :react-native-screens:configureCMakeRelWithDebInfo[armeabi-v7a]
> Task :expo-constants:verifyReleaseResources
> Task :react-native-keyboard-controller:bundleLibCompileToJarRelease
> Task :react-native-keyboard-controller:bundleLibRuntimeToJarRelease
> Task :react-native-keyboard-controller:processReleaseJavaRes
> Task :react-native-keyboard-controller:createFullJarRelease
> Task :react-native-keyboard-controller:generateReleaseLintModel
> Task :react-native-keyboard-controller:extractReleaseAnnotations
> Task :react-native-keyboard-controller:mergeReleaseGeneratedProguardFiles UP-TO-DATE
> Task :react-native-keyboard-controller:mergeReleaseConsumerProguardFiles UP-TO-DATE
> Task :react-native-keyboard-controller:mergeReleaseJavaResource
> Task :react-native-keyboard-controller:syncReleaseLibJars
> Task :react-native-keyboard-controller:bundleReleaseLocalLintAar
> Task :react-native-keyboard-controller:generateReleaseLintVitalModel
> Task :react-native-community_netinfo:bundleReleaseAar
> Task :react-native-community_netinfo:mapReleaseSourceSetPaths
> Task :react-native-firebase_app:bundleReleaseAar

> Task :app:createBundleReleaseJsAndAssets
Android .\index.js ░░░░░░░░░░░░░░░░  0.0% (0/1)

> Task :react-native-firebase_app:mapReleaseSourceSetPaths
> Task :react-native-async-storage_async-storage:mergeReleaseResources
> Task :notifee_react-native:mergeReleaseResources
> Task :react-native-worklets:configureCMakeRelWithDebInfo[x86_64]
> Task :react-native-worklets:generateJsonModelRelease
> Task :react-native-worklets:prefabReleaseConfigurePackage UP-TO-DATE

> Task :app:createBundleReleaseJsAndAssets
Android .\index.js ░░░░░░░░░░░░░░░░  4.0% (2/6)
Android .\index.js ▓▓▓░░░░░░░░░░░░░ 20.3% (15/57)
Android .\index.js ▓▓▓░░░░░░░░░░░░░ 20.3% ( 95/389)
Android .\index.js ▓▓▓░░░░░░░░░░░░░ 20.3% (175/517)

> Task :react-native-community_datetimepicker:mergeReleaseResources

> Task :app:createBundleReleaseJsAndAssets
Android .\index.js ▓▓▓░░░░░░░░░░░░░ 21.6% (294/632)

> Task :react-native-firebase_app:mergeReleaseResources
> Task :react-native-community_netinfo:mergeReleaseResources

> Task :app:createBundleReleaseJsAndAssets
Android .\index.js ▓▓▓░░░░░░░░░░░░░ 23.9% (344/704)
Android .\index.js ▓▓▓▓▓▓░░░░░░░░░░ 38.3% (513/859)

> Task :expo-modules-core:buildCMakeRelWithDebInfo[x86]
> Task :react-native-screens:buildCMakeRelWithDebInfo[armeabi-v7a]
> Task :react-native-reanimated:configureCMakeRelWithDebInfo[arm64-v8a]

> Task :app:createBundleReleaseJsAndAssets
Android .\index.js ▓▓▓▓▓▓░░░░░░░░░░ 40.3% ( 626/1020)

> Task :react-native-async-storage_async-storage:verifyReleaseResources
> Task :notifee_react-native:verifyReleaseResources
> Task :react-native-worklets:buildCMakeRelWithDebInfo[arm64-v8a][worklets]
> Task :notifee_react-native:assembleRelease

> Task :app:createBundleReleaseJsAndAssets
Android .\index.js ▓▓▓▓▓▓▓░░░░░░░░░ 47.3% ( 787/1144)
Android .\index.js ▓▓▓▓▓▓▓▓▓░░░░░░░ 61.1% (1055/1355)
Android .\index.js ▓▓▓▓▓▓▓▓▓▓▓░░░░░ 73.7% (1287/1510)
Android .\index.js ▓▓▓▓▓▓▓▓▓▓▓▓░░░░ 77.4% (1405/1597)
Android .\index.js ▓▓▓▓▓▓▓▓▓▓▓▓▓░░░ 83.3% (1537/1684)

> Task :react-native-async-storage_async-storage:assembleRelease
> Task :react-native-firebase_messaging:bundleReleaseAar
> Task :react-native-firebase_messaging:lintVitalAnalyzeRelease
> Task :react-native-firebase_app:lintVitalAnalyzeRelease
> Task :react-native-firebase_messaging:mapReleaseSourceSetPaths
> Task :react-native-community_datetimepicker:verifyReleaseResources
> Task :react-native-community_netinfo:verifyReleaseResources
> Task :react-native-firebase_app:verifyReleaseResources
> Task :react-native-firebase_app:assembleRelease

> Task :app:createBundleReleaseJsAndAssets
Android .\index.js ▓▓▓▓▓▓▓▓▓▓▓▓▓▓░░ 90.2% (1663/1830)

> Task :react-native-keyboard-controller:bundleReleaseAar
> Task :react-native-keyboard-controller:mapReleaseSourceSetPaths
> Task :react-native-community_netinfo:assembleRelease
> Task :react-native-safe-area-context:bundleReleaseAar
> Task :react-native-safe-area-context:mapReleaseSourceSetPaths

> Task :app:createBundleReleaseJsAndAssets
Android .\index.js ▓▓▓▓▓▓▓▓▓▓▓▓▓▓▓░ 98.5% (2014/2029)

> Task :react-native-community_datetimepicker:assembleRelease
> Task :react-native-svg:bundleReleaseAar
> Task :react-native-svg:mapReleaseSourceSetPaths
> Task :react-native-reanimated:configureCMakeRelWithDebInfo[armeabi-v7a]
> Task :react-native-keyboard-controller:mergeReleaseResources

> Task :app:createBundleReleaseJsAndAssets
Android .\index.js ▓▓▓▓▓▓▓▓▓▓▓▓▓▓▓░ 99.9% (2038/2038)
Android Bundled 60787ms index.js (2038 modules)
Android .\index.js ▓▓▓▓▓▓▓▓▓▓▓▓▓▓▓░ 99.9% (2038/2038)
Writing bundle output to: android\app\build\generated\assets\createBundleReleaseJsAndAssets\index.android.bundle
Writing sourcemap output to: android\app\build\intermediates\sourcemaps\react\release\index.android.bundle.packager.map
Copying 49 asset files
Done writing bundle output
Done writing sourcemap output

> Task :react-native-firebase_messaging:mergeReleaseResources
> Task :react-native-safe-area-context:mergeReleaseResources
> Task :react-native-screens:configureCMakeRelWithDebInfo[x86]
> Task :react-native-community_datetimepicker:lintVitalAnalyzeRelease
> Task :react-native-keyboard-controller:lintVitalAnalyzeRelease
> Task :expo-modules-core:configureCMakeRelWithDebInfo[x86_64]
> Task :app:generateReleaseResValues
> Task :app:processReleaseGoogleServices
> Task :react-native-svg:mergeReleaseResources
> Task :app:generateReleaseResources
> Task :react-native-keyboard-controller:verifyReleaseResources
> Task :react-native-reanimated:configureCMakeRelWithDebInfo[x86]
> Task :react-native-firebase_messaging:verifyReleaseResources
> Task :react-native-safe-area-context:verifyReleaseResources
> Task :react-native-screens:buildCMakeRelWithDebInfo[x86]
> Task :react-native-worklets:buildCMakeRelWithDebInfo[armeabi-v7a][worklets]
> Task :expo-modules-core:buildCMakeRelWithDebInfo[x86_64]
> Task :app:packageReleaseResources
> Task :app:createReleaseCompatibleScreenManifests
> Task :app:extractDeepLinksRelease
> Task :app:parseReleaseLocalResources
> Task :app:desugarReleaseFileDependencies
> Task :app:mergeReleaseStartupProfile UP-TO-DATE
> Task :app:javaPreCompileRelease
> Task :react-native-svg:verifyReleaseResources
> Task :react-native-reanimated:configureCMakeRelWithDebInfo[x86_64]
> Task :react-native-reanimated:generateJsonModelRelease
> Task :react-native-reanimated:prefabReleaseConfigurePackage UP-TO-DATE
> Task :react-native-svg:assembleRelease
> Task :react-native-webview:bundleReleaseAar
> Task :react-native-webview:mapReleaseSourceSetPaths
> Task :react-native-screens:configureCMakeRelWithDebInfo[x86_64]
> Task :react-native-safe-area-context:assembleRelease
> Task :react-native-firebase_messaging:assembleRelease
> Task :react-native-keyboard-controller:assembleRelease
> Task :expo-modules-core:mergeReleaseJniLibFolders
> Task :expo-modules-core:checkKotlinGradlePluginConfigurationErrors SKIPPED
> Task :app:mergeExtDexRelease
> Task :react-native-safe-area-context:lintVitalAnalyzeRelease
> Task :expo-modules-core:generateReleaseBuildConfig
> Task :expo-modules-core:generateReleaseResValues
> Task :expo-modules-core:mergeReleaseNativeLibs
> Task :expo-modules-core:generateReleaseResources
> Task :react-native-gesture-handler:configureCMakeRelWithDebInfo[arm64-v8a]
> Task :expo-modules-core:packageReleaseResources
> Task :expo-modules-core:copyReleaseJniLibsProjectOnly
> Task :app:configureCMakeRelWithDebInfo[arm64-v8a]
> Task :expo-modules-core:javaPreCompileRelease
> Task :expo-modules-core:extractDeepLinksRelease

> Task :expo-modules-core:processReleaseManifest
D:\work\React\waleed\careconnect\nurse\v4\Goconnect\node_modules\expo-modules-core\android\src\main\AndroidManifest.xml:8:9-11:45 Warning:
	meta-data#com.facebook.soloader.enabled@android:value was tagged at AndroidManifest.xml:8 to replace other declarations but no other declaration present

> Task :expo-modules-core:compileReleaseLibraryResources
> Task :expo-modules-core:parseReleaseLocalResources
> Task :expo-modules-core:prepareReleaseArtProfile UP-TO-DATE
> Task :expo-modules-core:writeReleaseAarMetadata
> Task :expo:mapReleaseSourceSetPaths
> Task :expo-modules-core:mergeReleaseShaders
> Task :expo-modules-core:generateReleaseRFile
> Task :expo-modules-core:compileReleaseShaders NO-SOURCE
> Task :expo-modules-core:generateReleaseAssets UP-TO-DATE
> Task :expo-modules-core:mergeReleaseAssets
> Task :expo-modules-core:extractProguardFiles
> Task :expo-modules-core:prepareLintJarForPublish UP-TO-DATE
> Task :expo-modules-core:extractDeepLinksForAarRelease UP-TO-DATE
> Task :expo-modules-core:writeReleaseLintModelMetadata
> Task :expo-modules-core:mapReleaseSourceSetPaths
> Task :react-native-webview:mergeReleaseResources
> Task :react-native-gesture-handler:configureCMakeRelWithDebInfo[armeabi-v7a]
> Task :react-native-screens:buildCMakeRelWithDebInfo[x86_64]
> Task :react-native-screens:mergeReleaseJniLibFolders
> Task :app:configureCMakeRelWithDebInfo[armeabi-v7a]
> Task :react-native-screens:mergeReleaseNativeLibs

> Task :expo-modules-core:compileReleaseKotlin
e: Failed connecting to the daemon in 4 retries
e: Daemon compilation failed: Could not connect to Kotlin compile daemon
java.lang.RuntimeException: Could not connect to Kotlin compile daemon
	at org.jetbrains.kotlin.compilerRunner.GradleKotlinCompilerWork.compileWithDaemon(GradleKotlinCompilerWork.kt:214)
	at org.jetbrains.kotlin.compilerRunner.GradleKotlinCompilerWork.compileWithDaemonOrFallbackImpl(GradleKotlinCompilerWork.kt:159)
	at org.jetbrains.kotlin.compilerRunner.GradleKotlinCompilerWork.run(GradleKotlinCompilerWork.kt:111)
	at org.jetbrains.kotlin.compilerRunner.GradleCompilerRunnerWithWorkers$GradleKotlinCompilerWorkAction.execute(GradleCompilerRunnerWithWorkers.kt:76)
	at org.gradle.workers.internal.DefaultWorkerServer.execute(DefaultWorkerServer.java:63)
	at org.gradle.workers.internal.NoIsolationWorkerFactory$1$1.create(NoIsolationWorkerFactory.java:66)
	at org.gradle.workers.internal.NoIsolationWorkerFactory$1$1.create(NoIsolationWorkerFactory.java:62)
	at org.gradle.internal.classloader.ClassLoaderUtils.executeInClassloader(ClassLoaderUtils.java:100)
	at org.gradle.workers.internal.NoIsolationWorkerFactory$1.lambda$execute$0(NoIsolationWorkerFactory.java:62)
	at org.gradle.workers.internal.AbstractWorker$1.call(AbstractWorker.java:44)
	at org.gradle.workers.internal.AbstractWorker$1.call(AbstractWorker.java:41)
	at org.gradle.internal.operations.DefaultBuildOperationRunner$CallableBuildOperationWorker.execute(DefaultBuildOperationRunner.java:210)
	at org.gradle.internal.operations.DefaultBuildOperationRunner$CallableBuildOperationWorker.execute(DefaultBuildOperationRunner.java:205)
	at org.gradle.internal.operations.DefaultBuildOperationRunner$2.execute(DefaultBuildOperationRunner.java:67)
	at org.gradle.internal.operations.DefaultBuildOperationRunner$2.execute(DefaultBuildOperationRunner.java:60)
	at org.gradle.internal.operations.DefaultBuildOperationRunner.execute(DefaultBuildOperationRunner.java:167)
	at org.gradle.internal.operations.DefaultBuildOperationRunner.execute(DefaultBuildOperationRunner.java:60)
	at org.gradle.internal.operations.DefaultBuildOperationRunner.call(DefaultBuildOperationRunner.java:54)
	at org.gradle.workers.internal.AbstractWorker.executeWrappedInBuildOperation(AbstractWorker.java:41)
	at org.gradle.workers.internal.NoIsolationWorkerFactory$1.execute(NoIsolationWorkerFactory.java:59)
	at org.gradle.workers.internal.DefaultWorkerExecutor.lambda$submitWork$0(DefaultWorkerExecutor.java:174)
	at java.base/java.util.concurrent.FutureTask.run(FutureTask.java:264)
	at org.gradle.internal.work.DefaultConditionalExecutionQueue$ExecutionRunner.runExecution(DefaultConditionalExecutionQueue.java:194)
	at org.gradle.internal.work.DefaultConditionalExecutionQueue$ExecutionRunner.access$700(DefaultConditionalExecutionQueue.java:127)
	at org.gradle.internal.work.DefaultConditionalExecutionQueue$ExecutionRunner$1.run(DefaultConditionalExecutionQueue.java:169)
	at org.gradle.internal.Factories$1.create(Factories.java:31)
	at org.gradle.internal.work.DefaultWorkerLeaseService.withLocks(DefaultWorkerLeaseService.java:263)
	at org.gradle.internal.work.DefaultWorkerLeaseService.runAsWorkerThread(DefaultWorkerLeaseService.java:127)
	at org.gradle.internal.work.DefaultWorkerLeaseService.runAsWorkerThread(DefaultWorkerLeaseService.java:132)
	at org.gradle.internal.work.DefaultConditionalExecutionQueue$ExecutionRunner.runBatch(DefaultConditionalExecutionQueue.java:164)
	at org.gradle.internal.work.DefaultConditionalExecutionQueue$ExecutionRunner.run(DefaultConditionalExecutionQueue.java:133)
	at java.base/java.util.concurrent.Executors$RunnableAdapter.call(Executors.java:539)
	at java.base/java.util.concurrent.FutureTask.run(FutureTask.java:264)
	at org.gradle.internal.concurrent.ExecutorPolicy$CatchAndRecordFailures.onExecute(ExecutorPolicy.java:64)
	at org.gradle.internal.concurrent.AbstractManagedExecutor$1.run(AbstractManagedExecutor.java:48)
	at java.base/java.util.concurrent.ThreadPoolExecutor.runWorker(ThreadPoolExecutor.java:1136)
	at java.base/java.util.concurrent.ThreadPoolExecutor$Worker.run(ThreadPoolExecutor.java:635)
	at java.base/java.lang.Thread.run(Thread.java:840)

Failed to compile with Kotlin daemon: java.lang.RuntimeException: Could not connect to Kotlin compile daemon
	at org.jetbrains.kotlin.compilerRunner.GradleKotlinCompilerWork.compileWithDaemon(GradleKotlinCompilerWork.kt:214)
	at org.jetbrains.kotlin.compilerRunner.GradleKotlinCompilerWork.compileWithDaemonOrFallbackImpl(GradleKotlinCompilerWork.kt:159)
	at org.jetbrains.kotlin.compilerRunner.GradleKotlinCompilerWork.run(GradleKotlinCompilerWork.kt:111)
	at org.jetbrains.kotlin.compilerRunner.GradleCompilerRunnerWithWorkers$GradleKotlinCompilerWorkAction.execute(GradleCompilerRunnerWithWorkers.kt:76)
	at org.gradle.workers.internal.DefaultWorkerServer.execute(DefaultWorkerServer.java:63)
	at org.gradle.workers.internal.NoIsolationWorkerFactory$1$1.create(NoIsolationWorkerFactory.java:66)
	at org.gradle.workers.internal.NoIsolationWorkerFactory$1$1.create(NoIsolationWorkerFactory.java:62)
	at org.gradle.internal.classloader.ClassLoaderUtils.executeInClassloader(ClassLoaderUtils.java:100)
	at org.gradle.workers.internal.NoIsolationWorkerFactory$1.lambda$execute$0(NoIsolationWorkerFactory.java:62)
	at org.gradle.workers.internal.AbstractWorker$1.call(AbstractWorker.java:44)
	at org.gradle.workers.internal.AbstractWorker$1.call(AbstractWorker.java:41)
	at org.gradle.internal.operations.DefaultBuildOperationRunner$CallableBuildOperationWorker.execute(DefaultBuildOperationRunner.java:210)
	at org.gradle.internal.operations.DefaultBuildOperationRunner$CallableBuildOperationWorker.execute(DefaultBuildOperationRunner.java:205)
	at org.gradle.internal.operations.DefaultBuildOperationRunner$2.execute(DefaultBuildOperationRunner.java:67)
	at org.gradle.internal.operations.DefaultBuildOperationRunner$2.execute(DefaultBuildOperationRunner.java:60)
	at org.gradle.internal.operations.DefaultBuildOperationRunner.execute(DefaultBuildOperationRunner.java:167)
	at org.gradle.internal.operations.DefaultBuildOperationRunner.execute(DefaultBuildOperationRunner.java:60)
	at org.gradle.internal.operations.DefaultBuildOperationRunner.call(DefaultBuildOperationRunner.java:54)
	at org.gradle.workers.internal.AbstractWorker.executeWrappedInBuildOperation(AbstractWorker.java:41)
	at org.gradle.workers.internal.NoIsolationWorkerFactory$1.execute(NoIsolationWorkerFactory.java:59)
	at org.gradle.workers.internal.DefaultWorkerExecutor.lambda$submitWork$0(DefaultWorkerExecutor.java:174)
	at java.base/java.util.concurrent.FutureTask.run(FutureTask.java:264)
	at org.gradle.internal.work.DefaultConditionalExecutionQueue$ExecutionRunner.runExecution(DefaultConditionalExecutionQueue.java:194)
	at org.gradle.internal.work.DefaultConditionalExecutionQueue$ExecutionRunner.access$700(DefaultConditionalExecutionQueue.java:127)
	at org.gradle.internal.work.DefaultConditionalExecutionQueue$ExecutionRunner$1.run(DefaultConditionalExecutionQueue.java:169)
	at org.gradle.internal.Factories$1.create(Factories.java:31)
	at org.gradle.internal.work.DefaultWorkerLeaseService.withLocks(DefaultWorkerLeaseService.java:263)
	at org.gradle.internal.work.DefaultWorkerLeaseService.runAsWorkerThread(DefaultWorkerLeaseService.java:127)
	at org.gradle.internal.work.DefaultWorkerLeaseService.runAsWorkerThread(DefaultWorkerLeaseService.java:132)
	at org.gradle.internal.work.DefaultConditionalExecutionQueue$ExecutionRunner.runBatch(DefaultConditionalExecutionQueue.java:164)
	at org.gradle.internal.work.DefaultConditionalExecutionQueue$ExecutionRunner.run(DefaultConditionalExecutionQueue.java:133)
	at java.base/java.util.concurrent.Executors$RunnableAdapter.call(Executors.java:539)
	at java.base/java.util.concurrent.FutureTask.run(FutureTask.java:264)
	at org.gradle.internal.concurrent.ExecutorPolicy$CatchAndRecordFailures.onExecute(ExecutorPolicy.java:64)
	at org.gradle.internal.concurrent.AbstractManagedExecutor$1.run(AbstractManagedExecutor.java:48)
	at java.base/java.util.concurrent.ThreadPoolExecutor.runWorker(ThreadPoolExecutor.java:1136)
	at java.base/java.util.concurrent.ThreadPoolExecutor$Worker.run(ThreadPoolExecutor.java:635)
	at java.base/java.lang.Thread.run(Thread.java:840)
Using fallback strategy: Compile without Kotlin daemon
Try ./gradlew --stop if this issue persists
If it does not look related to your configuration, please file an issue with logs to https://kotl.in/issue

> Task :app:configureCMakeRelWithDebInfo[x86]
> Task :react-native-screens:copyReleaseJniLibsProjectOnly
> Task :react-native-screens:checkKotlinGradlePluginConfigurationErrors SKIPPED
> Task :react-native-screens:generateReleaseBuildConfig
> Task :react-native-screens:generateReleaseResValues
> Task :expo-modules-core:stripReleaseDebugSymbols
> Task :react-native-screens:generateReleaseResources
> Task :react-native-screens:packageReleaseResources
> Task :react-native-screens:parseReleaseLocalResources
> Task :react-native-screens:javaPreCompileRelease
> Task :react-native-screens:writeReleaseAarMetadata
> Task :react-native-screens:extractDeepLinksRelease
> Task :react-native-screens:generateReleaseRFile
> Task :react-native-screens:processReleaseManifest
> Task :react-native-screens:compileReleaseLibraryResources
> Task :react-native-screens:prepareReleaseArtProfile UP-TO-DATE
> Task :react-native-screens:mergeReleaseShaders
> Task :react-native-screens:compileReleaseShaders NO-SOURCE
> Task :react-native-screens:generateReleaseAssets UP-TO-DATE
> Task :react-native-screens:mergeReleaseAssets
> Task :react-native-screens:extractProguardFiles
> Task :react-native-screens:prepareLintJarForPublish UP-TO-DATE
> Task :expo-modules-core:mergeReleaseResources
> Task :react-native-screens:extractDeepLinksForAarRelease UP-TO-DATE
> Task :react-native-worklets:buildCMakeRelWithDebInfo[x86][worklets]
> Task :expo-modules-core:copyReleaseJniLibsProjectAndLocalJars
> Task :react-native-screens:writeReleaseLintModelMetadata
> Task :react-native-webview:verifyReleaseResources
> Task :expo:mergeReleaseResources
> Task :app:configureCMakeRelWithDebInfo[x86_64]

> Task :react-native-screens:compileReleaseKotlin
e: Failed connecting to the daemon in 4 retries
e: Daemon compilation failed: Could not connect to Kotlin compile daemon
java.lang.RuntimeException: Could not connect to Kotlin compile daemon
	at org.jetbrains.kotlin.compilerRunner.GradleKotlinCompilerWork.compileWithDaemon(GradleKotlinCompilerWork.kt:214)
	at org.jetbrains.kotlin.compilerRunner.GradleKotlinCompilerWork.compileWithDaemonOrFallbackImpl(GradleKotlinCompilerWork.kt:159)
	at org.jetbrains.kotlin.compilerRunner.GradleKotlinCompilerWork.run(GradleKotlinCompilerWork.kt:111)
	at org.jetbrains.kotlin.compilerRunner.GradleCompilerRunnerWithWorkers$GradleKotlinCompilerWorkAction.execute(GradleCompilerRunnerWithWorkers.kt:76)
	at org.gradle.workers.internal.DefaultWorkerServer.execute(DefaultWorkerServer.java:63)
	at org.gradle.workers.internal.NoIsolationWorkerFactory$1$1.create(NoIsolationWorkerFactory.java:66)
	at org.gradle.workers.internal.NoIsolationWorkerFactory$1$1.create(NoIsolationWorkerFactory.java:62)
	at org.gradle.internal.classloader.ClassLoaderUtils.executeInClassloader(ClassLoaderUtils.java:100)
	at org.gradle.workers.internal.NoIsolationWorkerFactory$1.lambda$execute$0(NoIsolationWorkerFactory.java:62)
	at org.gradle.workers.internal.AbstractWorker$1.call(AbstractWorker.java:44)
	at org.gradle.workers.internal.AbstractWorker$1.call(AbstractWorker.java:41)
	at org.gradle.internal.operations.DefaultBuildOperationRunner$CallableBuildOperationWorker.execute(DefaultBuildOperationRunner.java:210)
	at org.gradle.internal.operations.DefaultBuildOperationRunner$CallableBuildOperationWorker.execute(DefaultBuildOperationRunner.java:205)
	at org.gradle.internal.operations.DefaultBuildOperationRunner$2.execute(DefaultBuildOperationRunner.java:67)
	at org.gradle.internal.operations.DefaultBuildOperationRunner$2.execute(DefaultBuildOperationRunner.java:60)
	at org.gradle.internal.operations.DefaultBuildOperationRunner.execute(DefaultBuildOperationRunner.java:167)
	at org.gradle.internal.operations.DefaultBuildOperationRunner.execute(DefaultBuildOperationRunner.java:60)
	at org.gradle.internal.operations.DefaultBuildOperationRunner.call(DefaultBuildOperationRunner.java:54)
	at org.gradle.workers.internal.AbstractWorker.executeWrappedInBuildOperation(AbstractWorker.java:41)
	at org.gradle.workers.internal.NoIsolationWorkerFactory$1.execute(NoIsolationWorkerFactory.java:59)
	at org.gradle.workers.internal.DefaultWorkerExecutor.lambda$submitWork$0(DefaultWorkerExecutor.java:174)
	at java.base/java.util.concurrent.FutureTask.run(FutureTask.java:264)
	at org.gradle.internal.work.DefaultConditionalExecutionQueue$ExecutionRunner.runExecution(DefaultConditionalExecutionQueue.java:194)
	at org.gradle.internal.work.DefaultConditionalExecutionQueue$ExecutionRunner.access$700(DefaultConditionalExecutionQueue.java:127)
	at org.gradle.internal.work.DefaultConditionalExecutionQueue$ExecutionRunner$1.run(DefaultConditionalExecutionQueue.java:169)
	at org.gradle.internal.Factories$1.create(Factories.java:31)
	at org.gradle.internal.work.DefaultWorkerLeaseService.withLocks(DefaultWorkerLeaseService.java:263)
	at org.gradle.internal.work.DefaultWorkerLeaseService.runAsWorkerThread(DefaultWorkerLeaseService.java:127)
	at org.gradle.internal.work.DefaultWorkerLeaseService.runAsWorkerThread(DefaultWorkerLeaseService.java:132)
	at org.gradle.internal.work.DefaultConditionalExecutionQueue$ExecutionRunner.runBatch(DefaultConditionalExecutionQueue.java:164)
	at org.gradle.internal.work.DefaultConditionalExecutionQueue$ExecutionRunner.run(DefaultConditionalExecutionQueue.java:133)
	at java.base/java.util.concurrent.Executors$RunnableAdapter.call(Executors.java:539)
	at java.base/java.util.concurrent.FutureTask.run(FutureTask.java:264)
	at org.gradle.internal.concurrent.ExecutorPolicy$CatchAndRecordFailures.onExecute(ExecutorPolicy.java:64)
	at org.gradle.internal.concurrent.AbstractManagedExecutor$1.run(AbstractManagedExecutor.java:48)
	at java.base/java.util.concurrent.ThreadPoolExecutor.runWorker(ThreadPoolExecutor.java:1136)
	at java.base/java.util.concurrent.ThreadPoolExecutor$Worker.run(ThreadPoolExecutor.java:635)
	at java.base/java.lang.Thread.run(Thread.java:840)

Failed to compile with Kotlin daemon: java.lang.RuntimeException: Could not connect to Kotlin compile daemon
	at org.jetbrains.kotlin.compilerRunner.GradleKotlinCompilerWork.compileWithDaemon(GradleKotlinCompilerWork.kt:214)
	at org.jetbrains.kotlin.compilerRunner.GradleKotlinCompilerWork.compileWithDaemonOrFallbackImpl(GradleKotlinCompilerWork.kt:159)
	at org.jetbrains.kotlin.compilerRunner.GradleKotlinCompilerWork.run(GradleKotlinCompilerWork.kt:111)
	at org.jetbrains.kotlin.compilerRunner.GradleCompilerRunnerWithWorkers$GradleKotlinCompilerWorkAction.execute(GradleCompilerRunnerWithWorkers.kt:76)
	at org.gradle.workers.internal.DefaultWorkerServer.execute(DefaultWorkerServer.java:63)
	at org.gradle.workers.internal.NoIsolationWorkerFactory$1$1.create(NoIsolationWorkerFactory.java:66)
	at org.gradle.workers.internal.NoIsolationWorkerFactory$1$1.create(NoIsolationWorkerFactory.java:62)
	at org.gradle.internal.classloader.ClassLoaderUtils.executeInClassloader(ClassLoaderUtils.java:100)
	at org.gradle.workers.internal.NoIsolationWorkerFactory$1.lambda$execute$0(NoIsolationWorkerFactory.java:62)
	at org.gradle.workers.internal.AbstractWorker$1.call(AbstractWorker.java:44)
	at org.gradle.workers.internal.AbstractWorker$1.call(AbstractWorker.java:41)
	at org.gradle.internal.operations.DefaultBuildOperationRunner$CallableBuildOperationWorker.execute(DefaultBuildOperationRunner.java:210)
	at org.gradle.internal.operations.DefaultBuildOperationRunner$CallableBuildOperationWorker.execute(DefaultBuildOperationRunner.java:205)
	at org.gradle.internal.operations.DefaultBuildOperationRunner$2.execute(DefaultBuildOperationRunner.java:67)
	at org.gradle.internal.operations.DefaultBuildOperationRunner$2.execute(DefaultBuildOperationRunner.java:60)
	at org.gradle.internal.operations.DefaultBuildOperationRunner.execute(DefaultBuildOperationRunner.java:167)
	at org.gradle.internal.operations.DefaultBuildOperationRunner.execute(DefaultBuildOperationRunner.java:60)
	at org.gradle.internal.operations.DefaultBuildOperationRunner.call(DefaultBuildOperationRunner.java:54)
	at org.gradle.workers.internal.AbstractWorker.executeWrappedInBuildOperation(AbstractWorker.java:41)
	at org.gradle.workers.internal.NoIsolationWorkerFactory$1.execute(NoIsolationWorkerFactory.java:59)
	at org.gradle.workers.internal.DefaultWorkerExecutor.lambda$submitWork$0(DefaultWorkerExecutor.java:174)
	at java.base/java.util.concurrent.FutureTask.run(FutureTask.java:264)
	at org.gradle.internal.work.DefaultConditionalExecutionQueue$ExecutionRunner.runExecution(DefaultConditionalExecutionQueue.java:194)
	at org.gradle.internal.work.DefaultConditionalExecutionQueue$ExecutionRunner.access$700(DefaultConditionalExecutionQueue.java:127)
	at org.gradle.internal.work.DefaultConditionalExecutionQueue$ExecutionRunner$1.run(DefaultConditionalExecutionQueue.java:169)
	at org.gradle.internal.Factories$1.create(Factories.java:31)
	at org.gradle.internal.work.DefaultWorkerLeaseService.withLocks(DefaultWorkerLeaseService.java:263)
	at org.gradle.internal.work.DefaultWorkerLeaseService.runAsWorkerThread(DefaultWorkerLeaseService.java:127)
	at org.gradle.internal.work.DefaultWorkerLeaseService.runAsWorkerThread(DefaultWorkerLeaseService.java:132)
	at org.gradle.internal.work.DefaultConditionalExecutionQueue$ExecutionRunner.runBatch(DefaultConditionalExecutionQueue.java:164)
	at org.gradle.internal.work.DefaultConditionalExecutionQueue$ExecutionRunner.run(DefaultConditionalExecutionQueue.java:133)
	at java.base/java.util.concurrent.Executors$RunnableAdapter.call(Executors.java:539)
	at java.base/java.util.concurrent.FutureTask.run(FutureTask.java:264)
	at org.gradle.internal.concurrent.ExecutorPolicy$CatchAndRecordFailures.onExecute(ExecutorPolicy.java:64)
	at org.gradle.internal.concurrent.AbstractManagedExecutor$1.run(AbstractManagedExecutor.java:48)
	at java.base/java.util.concurrent.ThreadPoolExecutor.runWorker(ThreadPoolExecutor.java:1136)
	at java.base/java.util.concurrent.ThreadPoolExecutor$Worker.run(ThreadPoolExecutor.java:635)
	at java.base/java.lang.Thread.run(Thread.java:840)
Using fallback strategy: Compile without Kotlin daemon
Try ./gradlew --stop if this issue persists
If it does not look related to your configuration, please file an issue with logs to https://kotl.in/issue

> Task :react-native-gesture-handler:configureCMakeRelWithDebInfo[x86]
> Task :app:mergeReleaseShaders
> Task :app:compileReleaseShaders NO-SOURCE
> Task :app:generateReleaseAssets UP-TO-DATE
> Task :app:extractReleaseVersionControlInfo
> Task :react-native-screens:mapReleaseSourceSetPaths
> Task :app:extractProguardFiles
> Task :react-native-screens:stripReleaseDebugSymbols
> Task :react-native-webview:assembleRelease
> Task :expo-modules-core:verifyReleaseResources
> Task :expo:verifyReleaseResources
> Task :react-native-screens:mergeReleaseResources
> Task :react-native-screens:copyReleaseJniLibsProjectAndLocalJars
> Task :react-native-gesture-handler:configureCMakeRelWithDebInfo[x86_64]
> Task :app:collectReleaseDependencies
> Task :app:sdkReleaseDependencyData
> Task :app:validateSigningRelease
> Task :app:writeReleaseAppMetadata
> Task :app:writeReleaseSigningConfigVersions
> Task :react-native-screens:verifyReleaseResources
> Task :react-native-svg:lintVitalAnalyzeRelease
> Task :react-native-webview:lintVitalAnalyzeRelease
> Task :react-native-worklets:buildCMakeRelWithDebInfo[x86_64][worklets]
> Task :react-native-worklets:externalNativeBuildRelease
> Task :react-native-worklets:prefabReleasePackage
> Task :react-native-worklets:mergeReleaseJniLibFolders
> Task :react-native-worklets:generateReleaseBuildConfig
> Task :react-native-worklets:generateReleaseResValues
> Task :react-native-worklets:generateReleaseResources
> Task :react-native-worklets:packageReleaseResources
> Task :react-native-worklets:mergeReleaseNativeLibs
> Task :react-native-worklets:parseReleaseLocalResources
> Task :react-native-worklets:javaPreCompileRelease
> Task :react-native-gesture-handler:mapReleaseSourceSetPaths
> Task :react-native-worklets:writeReleaseAarMetadata
> Task :react-native-worklets:extractDeepLinksRelease
> Task :react-native-worklets:generateReleaseRFile
> Task :react-native-worklets:copyReleaseJniLibsProjectOnly
> Task :react-native-worklets:processReleaseManifest
> Task :app:mapReleaseSourceSetPaths
> Task :app:checkReleaseAarMetadata

> Task :react-native-worklets:compileReleaseJavaWithJavac
Note: D:\work\React\waleed\careconnect\nurse\v4\Goconnect\node_modules\react-native-worklets\android\src\main\java\com\swmansion\worklets\WorkletsPackage.java uses unchecked or unsafe operations.
Note: Recompile with -Xlint:unchecked for details.

> Task :react-native-worklets:bundleLibCompileToJarRelease
> Task :react-native-worklets:compileReleaseLibraryResources
> Task :react-native-worklets:prepareReleaseArtProfile UP-TO-DATE
> Task :react-native-worklets:bundleLibRuntimeToDirRelease
> Task :react-native-worklets:bundleLibRuntimeToJarRelease
> Task :react-native-worklets:mergeReleaseShaders
> Task :react-native-worklets:compileReleaseShaders NO-SOURCE
> Task :react-native-worklets:generateReleaseAssets UP-TO-DATE
> Task :react-native-worklets:mergeReleaseAssets
> Task :react-native-worklets:processReleaseJavaRes NO-SOURCE
> Task :react-native-worklets:createFullJarRelease
> Task :react-native-worklets:extractProguardFiles
> Task :react-native-worklets:generateReleaseLintModel
> Task :react-native-worklets:prepareLintJarForPublish UP-TO-DATE
> Task :react-native-worklets:extractDeepLinksForAarRelease UP-TO-DATE
> Task :react-native-worklets:extractReleaseAnnotations
> Task :react-native-worklets:mergeReleaseGeneratedProguardFiles UP-TO-DATE
> Task :react-native-worklets:stripReleaseDebugSymbols
> Task :react-native-worklets:mergeReleaseConsumerProguardFiles
> Task :react-native-worklets:writeReleaseLintModelMetadata
> Task :react-native-worklets:mergeReleaseJavaResource
> Task :react-native-worklets:syncReleaseLibJars
> Task :react-native-worklets:generateReleaseLintVitalModel
> Task :react-native-worklets:mapReleaseSourceSetPaths
> Task :react-native-worklets:copyReleaseJniLibsProjectAndLocalJars
> Task :react-native-gesture-handler:mergeReleaseResources
> Task :app:mergeReleaseResources
> Task :react-native-worklets:mergeReleaseResources

> Task :app:processReleaseMainManifest
D:\work\React\waleed\careconnect\nurse\v4\Goconnect\android\app\src\main\AndroidManifest.xml Warning:
	activity#expo.modules.imagepicker.ExpoCropImageActivity@android:exported was tagged at AndroidManifest.xml:0 to replace other declarations but no other declaration present
D:\work\React\waleed\careconnect\nurse\v4\Goconnect\android\app\src\main\AndroidManifest.xml Warning:
	provider#expo.modules.filesystem.FileSystemFileProvider@android:authorities was tagged at AndroidManifest.xml:0 to replace other declarations but no other declaration present

> Task :app:processReleaseManifest

> Task :expo-modules-core:compileReleaseKotlin
exception: node_modules\expo-modules-core\android\src\main\java\expo\modules\adapters\react\apploader\RNHeadlessAppLoader.kt:48:87: warning: 'val reactNativeHost: ReactNativeHost' is deprecated. You should not use ReactNativeHost directly in the New Architecture. Use ReactHost instead.
exception:           val reactInstanceManager = (context.applicationContext as ReactApplication).reactNativeHost.reactInstanceManager
exception:                                                                                       ^^^^^^^^^^^^^^^
exception: node_modules\expo-modules-core\android\src\main\java\expo\modules\adapters\react\apploader\RNHeadlessAppLoader.kt:91:85: warning: 'val reactNativeHost: ReactNativeHost' is deprecated. You should not use ReactNativeHost directly in the New Architecture. Use ReactHost instead.
exception:         val reactNativeHost = (reactContext.applicationContext as ReactApplication).reactNativeHost
exception:                                                                                     ^^^^^^^^^^^^^^^
exception: node_modules\expo-modules-core\android\src\main\java\expo\modules\adapters\react\apploader\RNHeadlessAppLoader.kt:120:83: warning: 'val reactNativeHost: ReactNativeHost' is deprecated. You should not use ReactNativeHost directly in the New Architecture. Use ReactHost instead.
exception:       val reactNativeHost = (reactContext.applicationContext as ReactApplication).reactNativeHost
exception:                                                                                   ^^^^^^^^^^^^^^^
exception: node_modules\expo-modules-core\android\src\main\java\expo\modules\apploader\AppLoaderProvider.kt:34:52: warning: unchecked cast of 'Class<*>!' to 'Class<out HeadlessAppLoader>'.
exception:       loaderClass = Class.forName(loaderClassName) as Class<out HeadlessAppLoader>
exception:                                                    ^^^^^^^^^^^^^^^^^^^^^^^^^^^^^^^
exception: node_modules\expo-modules-core\android\src\main\java\expo\modules\kotlin\AppContext.kt:30:8: warning: 'typealias ErrorManagerModule = JSLoggerModule' is deprecated. Use JSLoggerModule instead.
exception: import expo.modules.kotlin.defaultmodules.ErrorManagerModule
exception:        ^^^^^^^^^^^^^^^^^^^^^^^^^^^^^^^^^^^^^^^^^^^^^^^^^^^^^
exception: node_modules\expo-modules-core\android\src\main\java\expo\modules\kotlin\AppContext.kt:253:21: warning: 'typealias ErrorManagerModule = JSLoggerModule' is deprecated. Use JSLoggerModule instead.
exception:   val errorManager: ErrorManagerModule? by lazy {
exception:                     ^^^^^^^^^^^^^^^^^^
exception: node_modules\expo-modules-core\android\src\main\java\expo\modules\kotlin\AppContext.kt:343:21: warning: 'val DEFAULT: Int' is deprecated. UIManagerType.DEFAULT will be deleted in the next release of React Native. Use [LEGACY] instead.
exception:       UIManagerType.DEFAULT
exception:                     ^^^^^^^
exception: node_modules\expo-modules-core\android\src\main\java\expo\modules\kotlin\defaultmodules\NativeModulesProxyModule.kt:16:5: warning: 'fun Constants(legacyConstantsProvider: () -> Map<String, Any?>): Unit' is deprecated. Use `Constant` or `Property` instead.
exception:     Constants {
exception:     ^^^^^^^^^
exception: node_modules\expo-modules-core\android\src\main\java\expo\modules\kotlin\jni\PromiseImpl.kt:65:51: warning: 'val errorManager: JSLoggerModule?' is deprecated. Use AppContext.jsLogger instead.
exception:       val errorManager = appContextHolder?.get()?.errorManager
exception:                                                   ^^^^^^^^^^^^
exception: node_modules\expo-modules-core\android\src\main\java\expo\modules\kotlin\jni\PromiseImpl.kt:69:22: warning: 'fun reportExceptionToLogBox(codedException: CodedException): Unit' is deprecated. Use appContext.jsLogger.error(...) instead.
exception:         errorManager.reportExceptionToLogBox(exception)
exception:                      ^^^^^^^^^^^^^^^^^^^^^^^
exception: node_modules\expo-modules-core\android\src\main\java\expo\modules\kotlin\views\ViewDefinitionBuilder.kt:464:16: warning: 'val errorManager: JSLoggerModule?' is deprecated. Use AppContext.jsLogger instead.
exception:     appContext.errorManager?.reportExceptionToLogBox(
exception:                ^^^^^^^^^^^^
exception: node_modules\expo-modules-core\android\src\main\java\expo\modules\kotlin\views\ViewDefinitionBuilder.kt:464:30: warning: 'fun reportExceptionToLogBox(codedException: CodedException): Unit' is deprecated. Use appContext.jsLogger.error(...) instead.
exception:     appContext.errorManager?.reportExceptionToLogBox(
exception:                              ^^^^^^^^^^^^^^^^^^^^^^^
exception: node_modules\expo-modules-core\android\src\main\java\expo\modules\kotlin\views\ViewManagerDefinition.kt:41:16: warning: 'val errorManager: JSLoggerModule?' is deprecated. Use AppContext.jsLogger instead.
exception:     appContext.errorManager?.reportExceptionToLogBox(exception)
exception:                ^^^^^^^^^^^^
exception: node_modules\expo-modules-core\android\src\main\java\expo\modules\kotlin\views\ViewManagerDefinition.kt:41:30: warning: 'fun reportExceptionToLogBox(codedException: CodedException): Unit' is deprecated. Use appContext.jsLogger.error(...) instead.
exception:     appContext.errorManager?.reportExceptionToLogBox(exception)
exception:                              ^^^^^^^^^^^^^^^^^^^^^^^

> Task :app:processReleaseManifestForPackage
> Task :app:mergeReleaseArtProfile
> Task :react-native-worklets:bundleReleaseLocalLintAar
> Task :app:mergeReleaseAssets
> Task :app:compressReleaseAssets
> Task :react-native-gesture-handler:verifyReleaseResources

> Task :expo-modules-core:compileReleaseJavaWithJavac
Note: Some input files use or override a deprecated API.
Note: Recompile with -Xlint:deprecation for details.

> Task :react-native-worklets:lintVitalAnalyzeRelease
> Task :react-native-worklets:bundleReleaseAar
> Task :expo-modules-core:processReleaseJavaRes
> Task :expo-modules-core:generateReleaseLintModel
> Task :expo-modules-core:bundleLibRuntimeToJarRelease
> Task :expo-modules-core:extractReleaseAnnotations
> Task :expo-modules-core:bundleLibCompileToJarRelease
> Task :app:processReleaseResources
> Task :expo-modules-core:createFullJarRelease
> Task :expo-modules-core:mergeReleaseGeneratedProguardFiles UP-TO-DATE
> Task :expo-modules-core:mergeReleaseConsumerProguardFiles
> Task :expo-modules-core:mergeReleaseJavaResource
> Task :react-native-worklets:verifyReleaseResources
> Task :react-native-worklets:assembleRelease
> Task :app:optimizeReleaseResources
> Task :expo-modules-core:syncReleaseLibJars
> Task :expo-modules-core:bundleReleaseLocalLintAar
> Task :expo-modules-core:generateReleaseLintVitalModel
> Task :expo-modules-core:bundleReleaseAar
> Task :expo-modules-core:assembleRelease
> Task :react-native-reanimated:buildCMakeRelWithDebInfo[arm64-v8a][reanimated]
> Task :expo-modules-core:bundleLibRuntimeToDirRelease
The Daemon will expire after the build after running out of JVM Metaspace.
The project memory settings are likely not configured or are configured to an insufficient value.
The daemon will restart for the next build, which may increase subsequent build times.
These settings can be adjusted by setting 'org.gradle.jvmargs' in 'gradle.properties'.
The currently configured max heap space is '2 GiB' and the configured max metaspace is '512 MiB'.
For more information on how to set these values, please refer to https://docs.gradle.org/8.14.3/userguide/build_environment.html#sec:configuring_jvm_memory in the Gradle documentation.
To disable this warning, set 'org.gradle.daemon.performance.disable-logging=true'.
Daemon will be stopped at the end of the build after running out of JVM Metaspace

> Task :react-native-screens:compileReleaseKotlin
exception: node_modules\react-native-screens\android\src\main\java\com\swmansion\rnscreens\RNScreensPackage.kt:56:9: warning: the corresponding parameter in the supertype 'BaseReactPackage' is named 'name'. This may cause problems when calling this function with named arguments.
exception:         s: String,
exception:         ^
exception: node_modules\react-native-screens\android\src\main\java\com\swmansion\rnscreens\RNScreensPackage.kt:57:9: warning: the corresponding parameter in the supertype 'BaseReactPackage' is named 'reactContext'. This may cause problems when calling this function with named arguments.
exception:         reactApplicationContext: ReactApplicationContext,
exception:         ^^^^^^^^^^^^^^^^^^^^^^^
exception: node_modules\react-native-screens\android\src\main\java\com\swmansion\rnscreens\RNScreensPackage.kt:70:17: warning: 'constructor(name: String, className: String, canOverrideExistingModule: Boolean, needsEagerInit: Boolean, hasConstants: Boolean, isCxxModule: Boolean, isTurboModule: Boolean): ReactModuleInfo' is deprecated. This constructor is deprecated and will be removed in the future. Use ReactModuleInfo(String, String, boolean, boolean, boolean, boolean)].
exception:                 ReactModuleInfo(
exception:                 ^^^^^^^^^^^^^^^
exception: node_modules\react-native-screens\android\src\main\java\com\swmansion\rnscreens\Screen.kt:48:77: warning: unchecked cast of '(CoordinatorLayout.Behavior<View!>?..CoordinatorLayout.Behavior<*>?)' to 'BottomSheetBehavior<Screen>'.
exception:         get() = (layoutParams as? CoordinatorLayout.LayoutParams)?.behavior as? BottomSheetBehavior<Screen>
exception:                                                                             ^^^^^^^^^^^^^^^^^^^^^^^^^^^^^^^
exception: node_modules\react-native-screens\android\src\main\java\com\swmansion\rnscreens\Screen.kt:383:36: warning: 'fun setTranslucent(screen: Screen, activity: Activity?, context: ReactContext?): Unit' is deprecated. For apps targeting SDK 35 or above this prop has no effect because edge-to-edge is enabled by default and the status bar is always translucent.
exception:                 ScreenWindowTraits.setTranslucent(
exception:                                    ^^^^^^^^^^^^^^
exception: node_modules\react-native-screens\android\src\main\java\com\swmansion\rnscreens\Screen.kt:402:36: warning: 'fun setColor(screen: Screen, activity: Activity?, context: ReactContext?): Unit' is deprecated. For apps targeting SDK 35 or above this prop has no effect because edge-to-edge is enabled by default and the status bar is always translucent.
exception:                 ScreenWindowTraits.setColor(
exception:                                    ^^^^^^^^
exception: node_modules\react-native-screens\android\src\main\java\com\swmansion\rnscreens\Screen.kt:420:36: warning: 'fun setNavigationBarColor(screen: Screen, activity: Activity?): Unit' is deprecated. For all apps targeting Android SDK 35 or above edge-to-edge is enabled by default.
exception:                 ScreenWindowTraits.setNavigationBarColor(
exception:                                    ^^^^^^^^^^^^^^^^^^^^^
exception: node_modules\react-native-screens\android\src\main\java\com\swmansion\rnscreens\Screen.kt:437:36: warning: 'fun setNavigationBarTranslucent(screen: Screen, activity: Activity?): Unit' is deprecated. For all apps targeting Android SDK 35 or above edge-to-edge is enabled by default.
exception:                 ScreenWindowTraits.setNavigationBarTranslucent(
exception:                                    ^^^^^^^^^^^^^^^^^^^^^^^^^^^
exception: node_modules\react-native-screens\android\src\main\java\com\swmansion\rnscreens\ScreenStackFragment.kt:217:31: warning: 'var targetElevation: Float' is deprecated. Deprecated in Java.
exception:                 appBarLayout?.targetElevation = 0f
exception:                               ^^^^^^^^^^^^^^^
exception: node_modules\react-native-screens\android\src\main\java\com\swmansion\rnscreens\ScreenStackFragment.kt:220:13: warning: 'fun setHasOptionsMenu(p0: Boolean): Unit' is deprecated. Deprecated in Java.
exception:             setHasOptionsMenu(true)
exception:             ^^^^^^^^^^^^^^^^^
exception: node_modules\react-native-screens\android\src\main\java\com\swmansion\rnscreens\ScreenStackFragment.kt:397:18: warning: this declaration overrides a deprecated member but is not marked as deprecated itself. Add the '@Deprecated' annotation or suppress the diagnostic.
exception:     override fun onPrepareOptionsMenu(menu: Menu) {
exception:                  ^^^^^^^^^^^^^^^^^^^^
exception: node_modules\react-native-screens\android\src\main\java\com\swmansion\rnscreens\ScreenStackFragment.kt:404:22: warning: 'fun onPrepareOptionsMenu(p0: Menu): Unit' is deprecated. Deprecated in Java.
exception:         return super.onPrepareOptionsMenu(menu)
exception:                      ^^^^^^^^^^^^^^^^^^^^
exception: node_modules\react-native-screens\android\src\main\java\com\swmansion\rnscreens\ScreenStackFragment.kt:407:18: warning: this declaration overrides a deprecated member but is not marked as deprecated itself. Add the '@Deprecated' annotation or suppress the diagnostic.
exception:     override fun onCreateOptionsMenu(
exception:                  ^^^^^^^^^^^^^^^^^^^
exception: node_modules\react-native-screens\android\src\main\java\com\swmansion\rnscreens\ScreenStackFragment.kt:412:22: warning: 'fun onCreateOptionsMenu(p0: Menu, p1: MenuInflater): Unit' is deprecated. Deprecated in Java.
exception:         return super.onCreateOptionsMenu(menu, inflater)
exception:                      ^^^^^^^^^^^^^^^^^^^
exception: node_modules\react-native-screens\android\src\main\java\com\swmansion\rnscreens\ScreenStackHeaderConfig.kt:435:18: warning: 'val reactNativeHost: ReactNativeHost' is deprecated. You should not use ReactNativeHost directly in the New Architecture. Use ReactHost instead.
exception:                 .reactNativeHost
exception:                  ^^^^^^^^^^^^^^^
exception: node_modules\react-native-screens\android\src\main\java\com\swmansion\rnscreens\ScreenViewManager.kt:203:14: warning: 'var statusBarColor: Int?' is deprecated. For apps targeting SDK 35 or above this prop has no effect because edge-to-edge is enabled by default and the status bar is always translucent.
exception:         view.statusBarColor = statusBarColor
exception:              ^^^^^^^^^^^^^^
exception: node_modules\react-native-screens\android\src\main\java\com\swmansion\rnscreens\ScreenViewManager.kt:220:14: warning: 'var isStatusBarTranslucent: Boolean?' is deprecated. For apps targeting SDK 35 or above this prop has no effect because edge-to-edge is enabled by default and the status bar is always translucent.
exception:         view.isStatusBarTranslucent = statusBarTranslucent
exception:              ^^^^^^^^^^^^^^^^^^^^^^
exception: node_modules\react-native-screens\android\src\main\java\com\swmansion\rnscreens\ScreenViewManager.kt:237:14: warning: 'var navigationBarColor: Int?' is deprecated. For all apps targeting Android SDK 35 or above edge-to-edge is enabled by default.
exception:         view.navigationBarColor = navigationBarColor
exception:              ^^^^^^^^^^^^^^^^^^
exception: node_modules\react-native-screens\android\src\main\java\com\swmansion\rnscreens\ScreenViewManager.kt:246:14: warning: 'var isNavigationBarTranslucent: Boolean?' is deprecated. For all apps targeting Android SDK 35 or above edge-to-edge is enabled by default.
exception:         view.isNavigationBarTranslucent = navigationBarTranslucent
exception:              ^^^^^^^^^^^^^^^^^^^^^^^^^^
exception: node_modules\react-native-screens\android\src\main\java\com\swmansion\rnscreens\ScreenWindowTraits.kt:55:42: warning: 'fun replaceSystemWindowInsets(p0: Int, p1: Int, p2: Int, p3: Int): WindowInsetsCompat' is deprecated. Deprecated in Java.
exception:                     return defaultInsets.replaceSystemWindowInsets(
exception:                                          ^^^^^^^^^^^^^^^^^^^^^^^^^
exception: node_modules\react-native-screens\android\src\main\java\com\swmansion\rnscreens\ScreenWindowTraits.kt:56:39: warning: 'val systemWindowInsetLeft: Int' is deprecated. Deprecated in Java.
exception:                         defaultInsets.systemWindowInsetLeft,
exception:                                       ^^^^^^^^^^^^^^^^^^^^^
exception: node_modules\react-native-screens\android\src\main\java\com\swmansion\rnscreens\ScreenWindowTraits.kt:58:39: warning: 'val systemWindowInsetRight: Int' is deprecated. Deprecated in Java.
exception:                         defaultInsets.systemWindowInsetRight,
exception:                                       ^^^^^^^^^^^^^^^^^^^^^^
exception: node_modules\react-native-screens\android\src\main\java\com\swmansion\rnscreens\ScreenWindowTraits.kt:59:39: warning: 'val systemWindowInsetBottom: Int' is deprecated. Deprecated in Java.
exception:                         defaultInsets.systemWindowInsetBottom,
exception:                                       ^^^^^^^^^^^^^^^^^^^^^^^
exception: node_modules\react-native-screens\android\src\main\java\com\swmansion\rnscreens\ScreenWindowTraits.kt:102:53: warning: 'var statusBarColor: Int' is deprecated. Deprecated in Java.
exception:             defaultStatusBarColor = activity.window.statusBarColor
exception:                                                     ^^^^^^^^^^^^^^
exception: node_modules\react-native-screens\android\src\main\java\com\swmansion\rnscreens\ScreenWindowTraits.kt:106:37: warning: 'var statusBarColor: Int?' is deprecated. For apps targeting SDK 35 or above this prop has no effect because edge-to-edge is enabled by default and the status bar is always translucent.
exception:         val color = screenForColor?.statusBarColor ?: defaultStatusBarColor
exception:                                     ^^^^^^^^^^^^^^
exception: node_modules\react-native-screens\android\src\main\java\com\swmansion\rnscreens\ScreenWindowTraits.kt:113:48: warning: 'var statusBarColor: Int' is deprecated. Deprecated in Java.
exception:                     val curColor: Int = window.statusBarColor
exception:                                                ^^^^^^^^^^^^^^
exception: node_modules\react-native-screens\android\src\main\java\com\swmansion\rnscreens\ScreenWindowTraits.kt:116:32: warning: 'var statusBarColor: Int' is deprecated. Deprecated in Java.
exception:                         window.statusBarColor = animator.animatedValue as Int
exception:                                ^^^^^^^^^^^^^^
exception: node_modules\react-native-screens\android\src\main\java\com\swmansion\rnscreens\ScreenWindowTraits.kt:162:49: warning: 'var isStatusBarTranslucent: Boolean?' is deprecated. For apps targeting SDK 35 or above this prop has no effect because edge-to-edge is enabled by default and the status bar is always translucent.
exception:         val translucent = screenForTranslucent?.isStatusBarTranslucent ?: false
exception:                                                 ^^^^^^^^^^^^^^^^^^^^^^
exception: node_modules\react-native-screens\android\src\main\java\com\swmansion\rnscreens\ScreenWindowTraits.kt:218:43: warning: 'var navigationBarColor: Int?' is deprecated. For all apps targeting Android SDK 35 or above edge-to-edge is enabled by default.
exception:         val color = screenForNavBarColor?.navigationBarColor ?: window.navigationBarColor
exception:                                           ^^^^^^^^^^^^^^^^^^
exception: node_modules\react-native-screens\android\src\main\java\com\swmansion\rnscreens\ScreenWindowTraits.kt:218:72: warning: 'var navigationBarColor: Int' is deprecated. Deprecated in Java.
exception:         val color = screenForNavBarColor?.navigationBarColor ?: window.navigationBarColor
exception:                                                                        ^^^^^^^^^^^^^^^^^^
exception: node_modules\react-native-screens\android\src\main\java\com\swmansion\rnscreens\ScreenWindowTraits.kt:224:16: warning: 'var navigationBarColor: Int' is deprecated. Deprecated in Java.
exception:         window.navigationBarColor = color
exception:                ^^^^^^^^^^^^^^^^^^
exception: node_modules\react-native-screens\android\src\main\java\com\swmansion\rnscreens\ScreenWindowTraits.kt:241:55: warning: 'var isNavigationBarTranslucent: Boolean?' is deprecated. For all apps targeting Android SDK 35 or above edge-to-edge is enabled by default.
exception:         val translucent = screenForNavBarTranslucent?.isNavigationBarTranslucent ?: return
exception:                                                       ^^^^^^^^^^^^^^^^^^^^^^^^^^
exception: node_modules\react-native-screens\android\src\main\java\com\swmansion\rnscreens\ScreenWindowTraits.kt:283:13: warning: 'fun setColor(screen: Screen, activity: Activity?, context: ReactContext?): Unit' is deprecated. For apps targeting SDK 35 or above this prop has no effect because edge-to-edge is enabled by default and the status bar is always translucent.
exception:             setColor(screen, activity, context)
exception:             ^^^^^^^^
exception: node_modules\react-native-screens\android\src\main\java\com\swmansion\rnscreens\ScreenWindowTraits.kt:285:13: warning: 'fun setTranslucent(screen: Screen, activity: Activity?, context: ReactContext?): Unit' is deprecated. For apps targeting SDK 35 or above this prop has no effect because edge-to-edge is enabled by default and the status bar is always translucent.
exception:             setTranslucent(screen, activity, context)
exception:             ^^^^^^^^^^^^^^
exception: node_modules\react-native-screens\android\src\main\java\com\swmansion\rnscreens\ScreenWindowTraits.kt:289:13: warning: 'fun setNavigationBarColor(screen: Screen, activity: Activity?): Unit' is deprecated. For all apps targeting Android SDK 35 or above edge-to-edge is enabled by default.
exception:             setNavigationBarColor(screen, activity)
exception:             ^^^^^^^^^^^^^^^^^^^^^
exception: node_modules\react-native-screens\android\src\main\java\com\swmansion\rnscreens\ScreenWindowTraits.kt:290:13: warning: 'fun setNavigationBarTranslucent(screen: Screen, activity: Activity?): Unit' is deprecated. For all apps targeting Android SDK 35 or above edge-to-edge is enabled by default.
exception:             setNavigationBarTranslucent(screen, activity)
exception:             ^^^^^^^^^^^^^^^^^^^^^^^^^^^
exception: node_modules\react-native-screens\android\src\main\java\com\swmansion\rnscreens\ScreenWindowTraits.kt:354:42: warning: 'var statusBarColor: Int?' is deprecated. For apps targeting SDK 35 or above this prop has no effect because edge-to-edge is enabled by default and the status bar is always translucent.
exception:             WindowTraits.COLOR -> screen.statusBarColor != null
exception:                                          ^^^^^^^^^^^^^^
exception: node_modules\react-native-screens\android\src\main\java\com\swmansion\rnscreens\ScreenWindowTraits.kt:356:48: warning: 'var isStatusBarTranslucent: Boolean?' is deprecated. For apps targeting SDK 35 or above this prop has no effect because edge-to-edge is enabled by default and the status bar is always translucent.
exception:             WindowTraits.TRANSLUCENT -> screen.isStatusBarTranslucent != null
exception:                                                ^^^^^^^^^^^^^^^^^^^^^^
exception: node_modules\react-native-screens\android\src\main\java\com\swmansion\rnscreens\ScreenWindowTraits.kt:359:57: warning: 'var navigationBarColor: Int?' is deprecated. For all apps targeting Android SDK 35 or above edge-to-edge is enabled by default.
exception:             WindowTraits.NAVIGATION_BAR_COLOR -> screen.navigationBarColor != null
exception:                                                         ^^^^^^^^^^^^^^^^^^
exception: node_modules\react-native-screens\android\src\main\java\com\swmansion\rnscreens\ScreenWindowTraits.kt:360:63: warning: 'var isNavigationBarTranslucent: Boolean?' is deprecated. For all apps targeting Android SDK 35 or above edge-to-edge is enabled by default.
exception:             WindowTraits.NAVIGATION_BAR_TRANSLUCENT -> screen.isNavigationBarTranslucent != null
exception:                                                               ^^^^^^^^^^^^^^^^^^^^^^^^^^
exception: node_modules\react-native-screens\android\src\main\java\com\swmansion\rnscreens\bottomsheet\BottomSheetDialogRootView.kt:7:8: warning: 'object ReactFeatureFlags : Any' is deprecated. Use com.facebook.react.internal.featureflags.ReactNativeFeatureFlags instead.
exception: import com.facebook.react.config.ReactFeatureFlags
exception:        ^^^^^^^^^^^^^^^^^^^^^^^^^^^^^^^^^^^^^^^^^^^
exception: node_modules\react-native-screens\android\src\main\java\com\swmansion\rnscreens\bottomsheet\BottomSheetDialogRootView.kt:25:13: warning: 'object ReactFeatureFlags : Any' is deprecated. Use com.facebook.react.internal.featureflags.ReactNativeFeatureFlags instead.
exception:         if (ReactFeatureFlags.dispatchPointerEvents) {
exception:             ^^^^^^^^^^^^^^^^^
exception: node_modules\react-native-screens\android\src\main\java\com\swmansion\rnscreens\bottomsheet\BottomSheetDialogRootView.kt:32:9: warning: the corresponding parameter in the supertype 'ReactViewGroup' is named 'left'. This may cause problems when calling this function with named arguments.
exception:         l: Int,
exception:         ^
exception: node_modules\react-native-screens\android\src\main\java\com\swmansion\rnscreens\bottomsheet\BottomSheetDialogRootView.kt:33:9: warning: the corresponding parameter in the supertype 'ReactViewGroup' is named 'top'. This may cause problems when calling this function with named arguments.
exception:         t: Int,
exception:         ^
exception: node_modules\react-native-screens\android\src\main\java\com\swmansion\rnscreens\bottomsheet\BottomSheetDialogRootView.kt:34:9: warning: the corresponding parameter in the supertype 'ReactViewGroup' is named 'right'. This may cause problems when calling this function with named arguments.
exception:         r: Int,
exception:         ^
exception: node_modules\react-native-screens\android\src\main\java\com\swmansion\rnscreens\bottomsheet\BottomSheetDialogRootView.kt:35:9: warning: the corresponding parameter in the supertype 'ReactViewGroup' is named 'bottom'. This may cause problems when calling this function with named arguments.
exception:         b: Int,
exception:         ^
exception: node_modules\react-native-screens\android\src\main\java\com\swmansion\rnscreens\bottomsheet\BottomSheetDialogRootView.kt:71:9: warning: the corresponding parameter in the supertype 'RootView' is named 'childView'. This may cause problems when calling this function with named arguments.
exception:         view: View?,
exception:         ^^^^
exception: node_modules\react-native-screens\android\src\main\java\com\swmansion\rnscreens\bottomsheet\BottomSheetDialogRootView.kt:72:9: warning: the corresponding parameter in the supertype 'RootView' is named 'ev'. This may cause problems when calling this function with named arguments.
exception:         event: MotionEvent,
exception:         ^^^^^
exception: node_modules\react-native-screens\android\src\main\java\com\swmansion\rnscreens\bottomsheet\BottomSheetDialogRootView.kt:79:46: warning: the corresponding parameter in the supertype 'RootView' is named 'ev'. This may cause problems when calling this function with named arguments.
exception:     override fun onChildStartedNativeGesture(event: MotionEvent): Unit =
exception:                                              ^^^^^
exception: node_modules\react-native-screens\android\src\main\java\com\swmansion\rnscreens\bottomsheet\BottomSheetDialogRootView.kt:83:9: warning: the corresponding parameter in the supertype 'RootView' is named 'childView'. This may cause problems when calling this function with named arguments.
exception:         view: View,
exception:         ^^^^
exception: node_modules\react-native-screens\android\src\main\java\com\swmansion\rnscreens\bottomsheet\BottomSheetDialogRootView.kt:84:9: warning: the corresponding parameter in the supertype 'RootView' is named 'ev'. This may cause problems when calling this function with named arguments.
exception:         event: MotionEvent,
exception:         ^^^^^
exception: node_modules\react-native-screens\android\src\main\java\com\swmansion\rnscreens\bottomsheet\BottomSheetDialogRootView.kt:95:34: warning: the corresponding parameter in the supertype 'RootView' is named 't'. This may cause problems when calling this function with named arguments.
exception:     override fun handleException(throwable: Throwable) {
exception:                                  ^^^^^^^^^
exception: node_modules\react-native-screens\android\src\main\java\com\swmansion\rnscreens\bottomsheet\DimmingView.kt:63:9: warning: the corresponding parameter in the supertype 'ReactCompoundView' is named 'touchX'. This may cause problems when calling this function with named arguments.
exception:         x: Float,
exception:         ^
exception: node_modules\react-native-screens\android\src\main\java\com\swmansion\rnscreens\bottomsheet\DimmingView.kt:64:9: warning: the corresponding parameter in the supertype 'ReactCompoundView' is named 'touchY'. This may cause problems when calling this function with named arguments.
exception:         y: Float,
exception:         ^
exception: node_modules\react-native-screens\android\src\main\java\com\swmansion\rnscreens\bottomsheet\DimmingView.kt:68:9: warning: the corresponding parameter in the supertype 'ReactCompoundViewGroup' is named 'touchX'. This may cause problems when calling this function with named arguments.
exception:         x: Float,
exception:         ^
exception: node_modules\react-native-screens\android\src\main\java\com\swmansion\rnscreens\bottomsheet\DimmingView.kt:69:9: warning: the corresponding parameter in the supertype 'ReactCompoundViewGroup' is named 'touchY'. This may cause problems when calling this function with named arguments.
exception:         y: Float,
exception:         ^
exception: node_modules\react-native-screens\android\src\main\java\com\swmansion\rnscreens\gamma\tabs\TabsHostViewManager.kt:37:9: warning: the corresponding parameter in the supertype 'TabsHostViewManager' is named 'view'. This may cause problems when calling this function with named arguments.
exception:         child: View,
exception:         ^^^^^

> Task :react-native-screens:compileReleaseJavaWithJavac
> Task :react-native-screens:processReleaseJavaRes
> Task :react-native-screens:bundleLibCompileToJarRelease
> Task :react-native-screens:generateReleaseLintModel
> Task :react-native-screens:extractReleaseAnnotations
> Task :react-native-screens:mergeReleaseGeneratedProguardFiles UP-TO-DATE
> Task :react-native-screens:mergeReleaseConsumerProguardFiles UP-TO-DATE
> Task :react-native-screens:mergeReleaseJavaResource

> Task :expo-constants:compileReleaseKotlin
e: Failed connecting to the daemon in 4 retries
e: Daemon compilation failed: Could not connect to Kotlin compile daemon
java.lang.RuntimeException: Could not connect to Kotlin compile daemon
	at org.jetbrains.kotlin.compilerRunner.GradleKotlinCompilerWork.compileWithDaemon(GradleKotlinCompilerWork.kt:214)
	at org.jetbrains.kotlin.compilerRunner.GradleKotlinCompilerWork.compileWithDaemonOrFallbackImpl(GradleKotlinCompilerWork.kt:159)
	at org.jetbrains.kotlin.compilerRunner.GradleKotlinCompilerWork.run(GradleKotlinCompilerWork.kt:111)
	at org.jetbrains.kotlin.compilerRunner.GradleCompilerRunnerWithWorkers$GradleKotlinCompilerWorkAction.execute(GradleCompilerRunnerWithWorkers.kt:76)
	at org.gradle.workers.internal.DefaultWorkerServer.execute(DefaultWorkerServer.java:63)
	at org.gradle.workers.internal.NoIsolationWorkerFactory$1$1.create(NoIsolationWorkerFactory.java:66)
	at org.gradle.workers.internal.NoIsolationWorkerFactory$1$1.create(NoIsolationWorkerFactory.java:62)
	at org.gradle.internal.classloader.ClassLoaderUtils.executeInClassloader(ClassLoaderUtils.java:100)
	at org.gradle.workers.internal.NoIsolationWorkerFactory$1.lambda$execute$0(NoIsolationWorkerFactory.java:62)
	at org.gradle.workers.internal.AbstractWorker$1.call(AbstractWorker.java:44)
	at org.gradle.workers.internal.AbstractWorker$1.call(AbstractWorker.java:41)
	at org.gradle.internal.operations.DefaultBuildOperationRunner$CallableBuildOperationWorker.execute(DefaultBuildOperationRunner.java:210)
	at org.gradle.internal.operations.DefaultBuildOperationRunner$CallableBuildOperationWorker.execute(DefaultBuildOperationRunner.java:205)
	at org.gradle.internal.operations.DefaultBuildOperationRunner$2.execute(DefaultBuildOperationRunner.java:67)
	at org.gradle.internal.operations.DefaultBuildOperationRunner$2.execute(DefaultBuildOperationRunner.java:60)
	at org.gradle.internal.operations.DefaultBuildOperationRunner.execute(DefaultBuildOperationRunner.java:167)
	at org.gradle.internal.operations.DefaultBuildOperationRunner.execute(DefaultBuildOperationRunner.java:60)
	at org.gradle.internal.operations.DefaultBuildOperationRunner.call(DefaultBuildOperationRunner.java:54)
	at org.gradle.workers.internal.AbstractWorker.executeWrappedInBuildOperation(AbstractWorker.java:41)
	at org.gradle.workers.internal.NoIsolationWorkerFactory$1.execute(NoIsolationWorkerFactory.java:59)
	at org.gradle.workers.internal.DefaultWorkerExecutor.lambda$submitWork$0(DefaultWorkerExecutor.java:174)
	at java.base/java.util.concurrent.FutureTask.run(FutureTask.java:264)
	at org.gradle.internal.work.DefaultConditionalExecutionQueue$ExecutionRunner.runExecution(DefaultConditionalExecutionQueue.java:194)
	at org.gradle.internal.work.DefaultConditionalExecutionQueue$ExecutionRunner.access$700(DefaultConditionalExecutionQueue.java:127)
	at org.gradle.internal.work.DefaultConditionalExecutionQueue$ExecutionRunner$1.run(DefaultConditionalExecutionQueue.java:169)
	at org.gradle.internal.Factories$1.create(Factories.java:31)
	at org.gradle.internal.work.DefaultWorkerLeaseService.withLocks(DefaultWorkerLeaseService.java:263)
	at org.gradle.internal.work.DefaultWorkerLeaseService.runAsWorkerThread(DefaultWorkerLeaseService.java:127)
	at org.gradle.internal.work.DefaultWorkerLeaseService.runAsWorkerThread(DefaultWorkerLeaseService.java:132)
	at org.gradle.internal.work.DefaultConditionalExecutionQueue$ExecutionRunner.runBatch(DefaultConditionalExecutionQueue.java:164)
	at org.gradle.internal.work.DefaultConditionalExecutionQueue$ExecutionRunner.run(DefaultConditionalExecutionQueue.java:133)
	at java.base/java.util.concurrent.Executors$RunnableAdapter.call(Executors.java:539)
	at java.base/java.util.concurrent.FutureTask.run(FutureTask.java:264)
	at org.gradle.internal.concurrent.ExecutorPolicy$CatchAndRecordFailures.onExecute(ExecutorPolicy.java:64)
	at org.gradle.internal.concurrent.AbstractManagedExecutor$1.run(AbstractManagedExecutor.java:48)
	at java.base/java.util.concurrent.ThreadPoolExecutor.runWorker(ThreadPoolExecutor.java:1136)
	at java.base/java.util.concurrent.ThreadPoolExecutor$Worker.run(ThreadPoolExecutor.java:635)
	at java.base/java.lang.Thread.run(Thread.java:840)

Failed to compile with Kotlin daemon: java.lang.RuntimeException: Could not connect to Kotlin compile daemon
	at org.jetbrains.kotlin.compilerRunner.GradleKotlinCompilerWork.compileWithDaemon(GradleKotlinCompilerWork.kt:214)
	at org.jetbrains.kotlin.compilerRunner.GradleKotlinCompilerWork.compileWithDaemonOrFallbackImpl(GradleKotlinCompilerWork.kt:159)
	at org.jetbrains.kotlin.compilerRunner.GradleKotlinCompilerWork.run(GradleKotlinCompilerWork.kt:111)
	at org.jetbrains.kotlin.compilerRunner.GradleCompilerRunnerWithWorkers$GradleKotlinCompilerWorkAction.execute(GradleCompilerRunnerWithWorkers.kt:76)
	at org.gradle.workers.internal.DefaultWorkerServer.execute(DefaultWorkerServer.java:63)
	at org.gradle.workers.internal.NoIsolationWorkerFactory$1$1.create(NoIsolationWorkerFactory.java:66)
	at org.gradle.workers.internal.NoIsolationWorkerFactory$1$1.create(NoIsolationWorkerFactory.java:62)
	at org.gradle.internal.classloader.ClassLoaderUtils.executeInClassloader(ClassLoaderUtils.java:100)
	at org.gradle.workers.internal.NoIsolationWorkerFactory$1.lambda$execute$0(NoIsolationWorkerFactory.java:62)
	at org.gradle.workers.internal.AbstractWorker$1.call(AbstractWorker.java:44)
	at org.gradle.workers.internal.AbstractWorker$1.call(AbstractWorker.java:41)
	at org.gradle.internal.operations.DefaultBuildOperationRunner$CallableBuildOperationWorker.execute(DefaultBuildOperationRunner.java:210)
	at org.gradle.internal.operations.DefaultBuildOperationRunner$CallableBuildOperationWorker.execute(DefaultBuildOperationRunner.java:205)
	at org.gradle.internal.operations.DefaultBuildOperationRunner$2.execute(DefaultBuildOperationRunner.java:67)
	at org.gradle.internal.operations.DefaultBuildOperationRunner$2.execute(DefaultBuildOperationRunner.java:60)
	at org.gradle.internal.operations.DefaultBuildOperationRunner.execute(DefaultBuildOperationRunner.java:167)
	at org.gradle.internal.operations.DefaultBuildOperationRunner.execute(DefaultBuildOperationRunner.java:60)
	at org.gradle.internal.operations.DefaultBuildOperationRunner.call(DefaultBuildOperationRunner.java:54)
	at org.gradle.workers.internal.AbstractWorker.executeWrappedInBuildOperation(AbstractWorker.java:41)
	at org.gradle.workers.internal.NoIsolationWorkerFactory$1.execute(NoIsolationWorkerFactory.java:59)
	at org.gradle.workers.internal.DefaultWorkerExecutor.lambda$submitWork$0(DefaultWorkerExecutor.java:174)
	at java.base/java.util.concurrent.FutureTask.run(FutureTask.java:264)
	at org.gradle.internal.work.DefaultConditionalExecutionQueue$ExecutionRunner.runExecution(DefaultConditionalExecutionQueue.java:194)
	at org.gradle.internal.work.DefaultConditionalExecutionQueue$ExecutionRunner.access$700(DefaultConditionalExecutionQueue.java:127)
	at org.gradle.internal.work.DefaultConditionalExecutionQueue$ExecutionRunner$1.run(DefaultConditionalExecutionQueue.java:169)
	at org.gradle.internal.Factories$1.create(Factories.java:31)
	at org.gradle.internal.work.DefaultWorkerLeaseService.withLocks(DefaultWorkerLeaseService.java:263)
	at org.gradle.internal.work.DefaultWorkerLeaseService.runAsWorkerThread(DefaultWorkerLeaseService.java:127)
	at org.gradle.internal.work.DefaultWorkerLeaseService.runAsWorkerThread(DefaultWorkerLeaseService.java:132)
	at org.gradle.internal.work.DefaultConditionalExecutionQueue$ExecutionRunner.runBatch(DefaultConditionalExecutionQueue.java:164)
	at org.gradle.internal.work.DefaultConditionalExecutionQueue$ExecutionRunner.run(DefaultConditionalExecutionQueue.java:133)
	at java.base/java.util.concurrent.Executors$RunnableAdapter.call(Executors.java:539)
	at java.base/java.util.concurrent.FutureTask.run(FutureTask.java:264)
	at org.gradle.internal.concurrent.ExecutorPolicy$CatchAndRecordFailures.onExecute(ExecutorPolicy.java:64)
	at org.gradle.internal.concurrent.AbstractManagedExecutor$1.run(AbstractManagedExecutor.java:48)
	at java.base/java.util.concurrent.ThreadPoolExecutor.runWorker(ThreadPoolExecutor.java:1136)
	at java.base/java.util.concurrent.ThreadPoolExecutor$Worker.run(ThreadPoolExecutor.java:635)
	at java.base/java.lang.Thread.run(Thread.java:840)
Using fallback strategy: Compile without Kotlin daemon
Try ./gradlew --stop if this issue persists
If it does not look related to your configuration, please file an issue with logs to https://kotl.in/issue

> Task :react-native-screens:bundleLibRuntimeToJarRelease
> Task :react-native-screens:syncReleaseLibJars
> Task :react-native-screens:createFullJarRelease
> Task :react-native-screens:bundleReleaseLocalLintAar
> Task :react-native-screens:generateReleaseLintVitalModel
> Task :react-native-screens:bundleReleaseAar
> Task :react-native-screens:assembleRelease
> Task :expo-modules-core:lintVitalAnalyzeRelease
> Task :react-native-screens:bundleLibRuntimeToDirRelease

> Task :expo-constants:compileReleaseKotlin
exception: node_modules\expo-constants\android\src\main\java\expo\modules\constants\ConstantsModule.kt:12:5: warning: 'fun Constants(legacyConstantsProvider: () -> Map<String, Any?>): Unit' is deprecated. Use `Constant` or `Property` instead.
exception:     Constants {
exception:     ^^^^^^^^^

> Task :expo-constants:compileReleaseJavaWithJavac
> Task :expo-constants:bundleLibCompileToJarRelease
> Task :expo-constants:bundleLibRuntimeToJarRelease
> Task :expo-constants:processReleaseJavaRes
> Task :expo-constants:createFullJarRelease
> Task :expo-constants:bundleLibRuntimeToDirRelease
> Task :expo-constants:generateReleaseLintModel
> Task :expo-constants:extractReleaseAnnotations
> Task :expo-constants:mergeReleaseGeneratedProguardFiles UP-TO-DATE
> Task :expo-constants:mergeReleaseConsumerProguardFiles UP-TO-DATE
> Task :expo-constants:mergeReleaseJavaResource
> Task :expo-constants:syncReleaseLibJars
> Task :expo-constants:bundleReleaseLocalLintAar
> Task :expo-constants:generateReleaseLintVitalModel
> Task :expo-constants:bundleReleaseAar
> Task :expo-constants:assembleRelease
> Task :react-native-screens:lintVitalAnalyzeRelease
> Task :expo-constants:lintVitalAnalyzeRelease

> Task :expo:compileReleaseKotlin
e: Failed connecting to the daemon in 4 retries
e: Daemon compilation failed: Could not connect to Kotlin compile daemon
java.lang.RuntimeException: Could not connect to Kotlin compile daemon
	at org.jetbrains.kotlin.compilerRunner.GradleKotlinCompilerWork.compileWithDaemon(GradleKotlinCompilerWork.kt:214)
	at org.jetbrains.kotlin.compilerRunner.GradleKotlinCompilerWork.compileWithDaemonOrFallbackImpl(GradleKotlinCompilerWork.kt:159)
	at org.jetbrains.kotlin.compilerRunner.GradleKotlinCompilerWork.run(GradleKotlinCompilerWork.kt:111)
	at org.jetbrains.kotlin.compilerRunner.GradleCompilerRunnerWithWorkers$GradleKotlinCompilerWorkAction.execute(GradleCompilerRunnerWithWorkers.kt:76)
	at org.gradle.workers.internal.DefaultWorkerServer.execute(DefaultWorkerServer.java:63)
	at org.gradle.workers.internal.NoIsolationWorkerFactory$1$1.create(NoIsolationWorkerFactory.java:66)
	at org.gradle.workers.internal.NoIsolationWorkerFactory$1$1.create(NoIsolationWorkerFactory.java:62)
	at org.gradle.internal.classloader.ClassLoaderUtils.executeInClassloader(ClassLoaderUtils.java:100)
	at org.gradle.workers.internal.NoIsolationWorkerFactory$1.lambda$execute$0(NoIsolationWorkerFactory.java:62)
	at org.gradle.workers.internal.AbstractWorker$1.call(AbstractWorker.java:44)
	at org.gradle.workers.internal.AbstractWorker$1.call(AbstractWorker.java:41)
	at org.gradle.internal.operations.DefaultBuildOperationRunner$CallableBuildOperationWorker.execute(DefaultBuildOperationRunner.java:210)
	at org.gradle.internal.operations.DefaultBuildOperationRunner$CallableBuildOperationWorker.execute(DefaultBuildOperationRunner.java:205)
	at org.gradle.internal.operations.DefaultBuildOperationRunner$2.execute(DefaultBuildOperationRunner.java:67)
	at org.gradle.internal.operations.DefaultBuildOperationRunner$2.execute(DefaultBuildOperationRunner.java:60)
	at org.gradle.internal.operations.DefaultBuildOperationRunner.execute(DefaultBuildOperationRunner.java:167)
	at org.gradle.internal.operations.DefaultBuildOperationRunner.execute(DefaultBuildOperationRunner.java:60)
	at org.gradle.internal.operations.DefaultBuildOperationRunner.call(DefaultBuildOperationRunner.java:54)
	at org.gradle.workers.internal.AbstractWorker.executeWrappedInBuildOperation(AbstractWorker.java:41)
	at org.gradle.workers.internal.NoIsolationWorkerFactory$1.execute(NoIsolationWorkerFactory.java:59)
	at org.gradle.workers.internal.DefaultWorkerExecutor.lambda$submitWork$0(DefaultWorkerExecutor.java:174)
	at java.base/java.util.concurrent.FutureTask.run(FutureTask.java:264)
	at org.gradle.internal.work.DefaultConditionalExecutionQueue$ExecutionRunner.runExecution(DefaultConditionalExecutionQueue.java:194)
	at org.gradle.internal.work.DefaultConditionalExecutionQueue$ExecutionRunner.access$700(DefaultConditionalExecutionQueue.java:127)
	at org.gradle.internal.work.DefaultConditionalExecutionQueue$ExecutionRunner$1.run(DefaultConditionalExecutionQueue.java:169)
	at org.gradle.internal.Factories$1.create(Factories.java:31)
	at org.gradle.internal.work.DefaultWorkerLeaseService.withLocks(DefaultWorkerLeaseService.java:263)
	at org.gradle.internal.work.DefaultWorkerLeaseService.runAsWorkerThread(DefaultWorkerLeaseService.java:127)
	at org.gradle.internal.work.DefaultWorkerLeaseService.runAsWorkerThread(DefaultWorkerLeaseService.java:132)
	at org.gradle.internal.work.DefaultConditionalExecutionQueue$ExecutionRunner.runBatch(DefaultConditionalExecutionQueue.java:164)
	at org.gradle.internal.work.DefaultConditionalExecutionQueue$ExecutionRunner.run(DefaultConditionalExecutionQueue.java:133)
	at java.base/java.util.concurrent.Executors$RunnableAdapter.call(Executors.java:539)
	at java.base/java.util.concurrent.FutureTask.run(FutureTask.java:264)
	at org.gradle.internal.concurrent.ExecutorPolicy$CatchAndRecordFailures.onExecute(ExecutorPolicy.java:64)
	at org.gradle.internal.concurrent.AbstractManagedExecutor$1.run(AbstractManagedExecutor.java:48)
	at java.base/java.util.concurrent.ThreadPoolExecutor.runWorker(ThreadPoolExecutor.java:1136)
	at java.base/java.util.concurrent.ThreadPoolExecutor$Worker.run(ThreadPoolExecutor.java:635)
	at java.base/java.lang.Thread.run(Thread.java:840)

Failed to compile with Kotlin daemon: java.lang.RuntimeException: Could not connect to Kotlin compile daemon
	at org.jetbrains.kotlin.compilerRunner.GradleKotlinCompilerWork.compileWithDaemon(GradleKotlinCompilerWork.kt:214)
	at org.jetbrains.kotlin.compilerRunner.GradleKotlinCompilerWork.compileWithDaemonOrFallbackImpl(GradleKotlinCompilerWork.kt:159)
	at org.jetbrains.kotlin.compilerRunner.GradleKotlinCompilerWork.run(GradleKotlinCompilerWork.kt:111)
	at org.jetbrains.kotlin.compilerRunner.GradleCompilerRunnerWithWorkers$GradleKotlinCompilerWorkAction.execute(GradleCompilerRunnerWithWorkers.kt:76)
	at org.gradle.workers.internal.DefaultWorkerServer.execute(DefaultWorkerServer.java:63)
	at org.gradle.workers.internal.NoIsolationWorkerFactory$1$1.create(NoIsolationWorkerFactory.java:66)
	at org.gradle.workers.internal.NoIsolationWorkerFactory$1$1.create(NoIsolationWorkerFactory.java:62)
	at org.gradle.internal.classloader.ClassLoaderUtils.executeInClassloader(ClassLoaderUtils.java:100)
	at org.gradle.workers.internal.NoIsolationWorkerFactory$1.lambda$execute$0(NoIsolationWorkerFactory.java:62)
	at org.gradle.workers.internal.AbstractWorker$1.call(AbstractWorker.java:44)
	at org.gradle.workers.internal.AbstractWorker$1.call(AbstractWorker.java:41)
	at org.gradle.internal.operations.DefaultBuildOperationRunner$CallableBuildOperationWorker.execute(DefaultBuildOperationRunner.java:210)
	at org.gradle.internal.operations.DefaultBuildOperationRunner$CallableBuildOperationWorker.execute(DefaultBuildOperationRunner.java:205)
	at org.gradle.internal.operations.DefaultBuildOperationRunner$2.execute(DefaultBuildOperationRunner.java:67)
	at org.gradle.internal.operations.DefaultBuildOperationRunner$2.execute(DefaultBuildOperationRunner.java:60)
	at org.gradle.internal.operations.DefaultBuildOperationRunner.execute(DefaultBuildOperationRunner.java:167)
	at org.gradle.internal.operations.DefaultBuildOperationRunner.execute(DefaultBuildOperationRunner.java:60)
	at org.gradle.internal.operations.DefaultBuildOperationRunner.call(DefaultBuildOperationRunner.java:54)
	at org.gradle.workers.internal.AbstractWorker.executeWrappedInBuildOperation(AbstractWorker.java:41)
	at org.gradle.workers.internal.NoIsolationWorkerFactory$1.execute(NoIsolationWorkerFactory.java:59)
	at org.gradle.workers.internal.DefaultWorkerExecutor.lambda$submitWork$0(DefaultWorkerExecutor.java:174)
	at java.base/java.util.concurrent.FutureTask.run(FutureTask.java:264)
	at org.gradle.internal.work.DefaultConditionalExecutionQueue$ExecutionRunner.runExecution(DefaultConditionalExecutionQueue.java:194)
	at org.gradle.internal.work.DefaultConditionalExecutionQueue$ExecutionRunner.access$700(DefaultConditionalExecutionQueue.java:127)
	at org.gradle.internal.work.DefaultConditionalExecutionQueue$ExecutionRunner$1.run(DefaultConditionalExecutionQueue.java:169)
	at org.gradle.internal.Factories$1.create(Factories.java:31)
	at org.gradle.internal.work.DefaultWorkerLeaseService.withLocks(DefaultWorkerLeaseService.java:263)
	at org.gradle.internal.work.DefaultWorkerLeaseService.runAsWorkerThread(DefaultWorkerLeaseService.java:127)
	at org.gradle.internal.work.DefaultWorkerLeaseService.runAsWorkerThread(DefaultWorkerLeaseService.java:132)
	at org.gradle.internal.work.DefaultConditionalExecutionQueue$ExecutionRunner.runBatch(DefaultConditionalExecutionQueue.java:164)
	at org.gradle.internal.work.DefaultConditionalExecutionQueue$ExecutionRunner.run(DefaultConditionalExecutionQueue.java:133)
	at java.base/java.util.concurrent.Executors$RunnableAdapter.call(Executors.java:539)
	at java.base/java.util.concurrent.FutureTask.run(FutureTask.java:264)
	at org.gradle.internal.concurrent.ExecutorPolicy$CatchAndRecordFailures.onExecute(ExecutorPolicy.java:64)
	at org.gradle.internal.concurrent.AbstractManagedExecutor$1.run(AbstractManagedExecutor.java:48)
	at java.base/java.util.concurrent.ThreadPoolExecutor.runWorker(ThreadPoolExecutor.java:1136)
	at java.base/java.util.concurrent.ThreadPoolExecutor$Worker.run(ThreadPoolExecutor.java:635)
	at java.base/java.lang.Thread.run(Thread.java:840)
Using fallback strategy: Compile without Kotlin daemon
Try ./gradlew --stop if this issue persists
If it does not look related to your configuration, please file an issue with logs to https://kotl.in/issue
exception: node_modules\expo\android\src\main\java\expo\modules\ExpoModulesPackage.kt:34:16: warning: this declaration overrides a deprecated member but is not marked as deprecated itself. Add the '@Deprecated' annotation or suppress the diagnostic.
exception:   override fun createNativeModules(reactContext: ReactApplicationContext): List<NativeModule> {
exception:                ^^^^^^^^^^^^^^^^^^^
exception: node_modules\expo\android\src\main\java\expo\modules\ExpoReactHostFactory.kt:8:8: warning: 'class ReactNativeHost : Any' is deprecated. Deprecated in Java.
exception: import com.facebook.react.ReactNativeHost
exception:        ^^^^^^^^^^^^^^^^^^^^^^^^^^^^^^^^^^
exception: node_modules\expo\android\src\main\java\expo\modules\ExpoReactHostFactory.kt:80:22: warning: 'class ReactNativeHost : Any' is deprecated. Deprecated in Java.
exception:     reactNativeHost: ReactNativeHost
exception:                      ^^^^^^^^^^^^^^^
exception: node_modules\expo\android\src\main\java\expo\modules\ReactActivityDelegateWrapper.kt:24:8: warning: 'class ReactNativeHost : Any' is deprecated. Deprecated in Java.
exception: import com.facebook.react.ReactNativeHost
exception:        ^^^^^^^^^^^^^^^^^^^^^^^^^^^^^^^^^^
exception: node_modules\expo\android\src\main\java\expo\modules\ReactActivityDelegateWrapper.kt:58:33: warning: 'class ReactNativeHost : Any' is deprecated. Deprecated in Java.
exception:   private val _reactNativeHost: ReactNativeHost by lazy {
exception:                                 ^^^^^^^^^^^^^^^
exception: node_modules\expo\android\src\main\java\expo\modules\ReactActivityDelegateWrapper.kt:105:16: warning: this declaration overrides a deprecated member but is not marked as deprecated itself. Add the '@Deprecated' annotation or suppress the diagnostic.
exception:   override fun getReactNativeHost(): ReactNativeHost {
exception:                ^^^^^^^^^^^^^^^^^^
exception: node_modules\expo\android\src\main\java\expo\modules\ReactActivityDelegateWrapper.kt:105:38: warning: 'class ReactNativeHost : Any' is deprecated. Deprecated in Java.
exception:   override fun getReactNativeHost(): ReactNativeHost {
exception:                                      ^^^^^^^^^^^^^^^
exception: node_modules\expo\android\src\main\java\expo\modules\ReactActivityDelegateWrapper.kt:113:16: warning: this declaration overrides a deprecated member but is not marked as deprecated itself. Add the '@Deprecated' annotation or suppress the diagnostic.
exception:   override fun getReactInstanceManager(): ReactInstanceManager {
exception:                ^^^^^^^^^^^^^^^^^^^^^^^
exception: node_modules\expo\android\src\main\java\expo\modules\ReactActivityDelegateWrapper.kt:114:21: warning: 'val reactInstanceManager: ReactInstanceManager' is deprecated. Deprecated in Java.
exception:     return delegate.reactInstanceManager
exception:                     ^^^^^^^^^^^^^^^^^^^^
exception: node_modules\expo\android\src\main\java\expo\modules\ReactActivityDelegateWrapper.kt:168:36: warning: 'constructor(activity: Activity, reactNativeHost: ReactNativeHost?, appKey: String?, launchOptions: Bundle?, fabricEnabled: Boolean): ReactDelegate' is deprecated. Deprecated since 0.81.0, use one of the other constructors instead.
exception:           reactDelegate = object : ReactDelegate(
exception:                                    ^^^^^^^^^^^^^
exception: node_modules\expo\android\src\main\java\expo\modules\ReactActivityDelegateWrapper.kt:279:77: warning: 'val reactInstanceManager: ReactInstanceManager' is deprecated. Deprecated in Java.
exception:       if (!ReactNativeFeatureFlags.enableBridgelessArchitecture && delegate.reactInstanceManager.currentReactContext == null) {
exception:                                                                             ^^^^^^^^^^^^^^^^^^^^
exception: node_modules\expo\android\src\main\java\expo\modules\ReactActivityDelegateWrapper.kt:282:22: warning: 'val reactInstanceManager: ReactInstanceManager' is deprecated. Deprecated in Java.
exception:             delegate.reactInstanceManager.removeReactInstanceEventListener(this)
exception:                      ^^^^^^^^^^^^^^^^^^^^
exception: node_modules\expo\android\src\main\java\expo\modules\ReactActivityDelegateWrapper.kt:286:54: warning: 'val reactInstanceManager: ReactInstanceManager' is deprecated. Deprecated in Java.
exception:         return@launchLifecycleScopeWithLock delegate.reactInstanceManager.addReactInstanceEventListener(
exception:                                                      ^^^^^^^^^^^^^^^^^^^^
exception: node_modules\expo\android\src\main\java\expo\modules\ReactNativeHostWrapper.kt:6:8: warning: 'class ReactNativeHost : Any' is deprecated. Deprecated in Java.
exception: import com.facebook.react.ReactNativeHost
exception:        ^^^^^^^^^^^^^^^^^^^^^^^^^^^^^^^^^^
exception: node_modules\expo\android\src\main\java\expo\modules\ReactNativeHostWrapper.kt:15:9: warning: 'class ReactNativeHost : Any' is deprecated. Deprecated in Java.
exception:   host: ReactNativeHost
exception:         ^^^^^^^^^^^^^^^
exception: node_modules\expo\android\src\main\java\expo\modules\ReactNativeHostWrapper.kt:47:60: warning: 'class ReactNativeHost : Any' is deprecated. Deprecated in Java.
exception:     fun createReactHost(context: Context, reactNativeHost: ReactNativeHost): ReactHost {
exception:                                                            ^^^^^^^^^^^^^^^
exception: node_modules\expo\android\src\main\java\expo\modules\ReactNativeHostWrapperBase.kt:7:8: warning: 'class ReactNativeHost : Any' is deprecated. Deprecated in Java.
exception: import com.facebook.react.ReactNativeHost
exception:        ^^^^^^^^^^^^^^^^^^^^^^^^^^^^^^^^^^
exception: node_modules\expo\android\src\main\java\expo\modules\ReactNativeHostWrapperBase.kt:16:23: warning: 'class ReactNativeHost : Any' is deprecated. Deprecated in Java.
exception:   protected val host: ReactNativeHost
exception:                       ^^^^^^^^^^^^^^^
exception: node_modules\expo\android\src\main\java\expo\modules\ReactNativeHostWrapperBase.kt:89:16: warning: 'class ReactNativeHost : Any' is deprecated. Deprecated in Java.
exception:       method = ReactNativeHost::class.java.getDeclaredMethod(name)
exception:                ^^^^^^^^^^^^^^^
exception: node_modules\expo\android\src\main\java\expo\modules\ReactNativeHostWrapperBase.kt:101:38: warning: 'class ReactNativeHost : Any' is deprecated. Deprecated in Java.
exception:     val mReactInstanceManagerField = ReactNativeHost::class.java.getDeclaredField("mReactInstanceManager")
exception:                                      ^^^^^^^^^^^^^^^
exception: node_modules\expo\android\src\main\java\expo\modules\fetch\ExpoFetchModule.kt:30:39: warning: 'constructor(reactContext: ReactContext): ForwardingCookieHandler' is deprecated. Use the default constructor.
exception:   private val cookieHandler by lazy { ForwardingCookieHandler(reactContext) }
exception:                                       ^^^^^^^^^^^^^^^^^^^^^^^
exception: node_modules\expo\android\src\main\java\expo\modules\fetch\NativeResponse.kt:42:16: warning: this declaration overrides a deprecated member but is not marked as deprecated itself. Add the '@Deprecated' annotation or suppress the diagnostic.
exception:   override fun deallocate() {
exception:                ^^^^^^^^^^
exception: node_modules\expo\android\src\main\java\expo\modules\fetch\NativeResponse.kt:44:11: warning: 'fun deallocate(): Unit' is deprecated. Use sharedObjectDidRelease() instead.
exception:     super.deallocate()
exception:           ^^^^^^^^^^

> Task :expo:compileReleaseJavaWithJavac
> Task :expo:bundleLibCompileToJarRelease
> Task :expo:bundleLibRuntimeToJarRelease
> Task :expo:processReleaseJavaRes
> Task :expo:createFullJarRelease
> Task :expo:bundleLibRuntimeToDirRelease
> Task :expo:generateReleaseLintModel
> Task :expo:extractReleaseAnnotations
> Task :expo:mergeReleaseGeneratedProguardFiles UP-TO-DATE
> Task :expo:mergeReleaseConsumerProguardFiles
> Task :expo:mergeReleaseJavaResource
> Task :expo:syncReleaseLibJars
> Task :expo:bundleReleaseLocalLintAar
> Task :expo:generateReleaseLintVitalModel
> Task :expo:bundleReleaseAar
> Task :expo:assembleRelease
> Task :expo:lintVitalAnalyzeRelease
> Task :react-native-reanimated:buildCMakeRelWithDebInfo[armeabi-v7a][reanimated]
> Task :react-native-reanimated:buildCMakeRelWithDebInfo[x86][reanimated]
> Task :react-native-reanimated:buildCMakeRelWithDebInfo[x86_64][reanimated]
> Task :react-native-reanimated:externalNativeBuildRelease
> Task :react-native-reanimated:prefabReleasePackage
> Task :react-native-reanimated:mergeReleaseNativeLibs

> Task :react-native-reanimated:compileReleaseJavaWithJavac
Note: Some input files use or override a deprecated API.
Note: Recompile with -Xlint:deprecation for details.
Note: Some input files use unchecked or unsafe operations.
Note: Recompile with -Xlint:unchecked for details.

> Task :react-native-reanimated:bundleLibRuntimeToJarRelease
> Task :react-native-reanimated:generateReleaseLintModel
> Task :react-native-reanimated:bundleLibCompileToJarRelease
> Task :react-native-reanimated:createFullJarRelease
> Task :react-native-reanimated:bundleLibRuntimeToDirRelease
> Task :react-native-reanimated:extractReleaseAnnotations
> Task :react-native-reanimated:mergeReleaseGeneratedProguardFiles UP-TO-DATE
> Task :react-native-reanimated:mergeReleaseConsumerProguardFiles
> Task :react-native-reanimated:syncReleaseLibJars
> Task :react-native-reanimated:generateReleaseLintVitalModel
> Task :react-native-reanimated:mapReleaseSourceSetPaths
> Task :react-native-reanimated:stripReleaseDebugSymbols
> Task :react-native-reanimated:copyReleaseJniLibsProjectOnly
> Task :react-native-reanimated:lintVitalAnalyzeRelease
> Task :react-native-reanimated:mergeReleaseResources
> Task :react-native-reanimated:copyReleaseJniLibsProjectAndLocalJars
> Task :react-native-reanimated:verifyReleaseResources
> Task :react-native-reanimated:bundleReleaseLocalLintAar
> Task :react-native-gesture-handler:buildCMakeRelWithDebInfo[arm64-v8a]
> Task :app:buildCMakeRelWithDebInfo[arm64-v8a]
> Task :react-native-gesture-handler:buildCMakeRelWithDebInfo[armeabi-v7a]
> Task :react-native-reanimated:bundleReleaseAar
> Task :react-native-reanimated:assembleRelease
> Task :react-native-gesture-handler:buildCMakeRelWithDebInfo[x86]
> Task :react-native-gesture-handler:buildCMakeRelWithDebInfo[x86_64]
> Task :react-native-gesture-handler:mergeReleaseNativeLibs
> Task :react-native-gesture-handler:copyReleaseJniLibsProjectOnly
> Task :react-native-gesture-handler:stripReleaseDebugSymbols
> Task :react-native-gesture-handler:copyReleaseJniLibsProjectAndLocalJars

> Task :react-native-gesture-handler:compileReleaseKotlin
e: Failed connecting to the daemon in 4 retries
e: Daemon compilation failed: Could not connect to Kotlin compile daemon
java.lang.RuntimeException: Could not connect to Kotlin compile daemon
	at org.jetbrains.kotlin.compilerRunner.GradleKotlinCompilerWork.compileWithDaemon(GradleKotlinCompilerWork.kt:214)
	at org.jetbrains.kotlin.compilerRunner.GradleKotlinCompilerWork.compileWithDaemonOrFallbackImpl(GradleKotlinCompilerWork.kt:159)
	at org.jetbrains.kotlin.compilerRunner.GradleKotlinCompilerWork.run(GradleKotlinCompilerWork.kt:111)
	at org.jetbrains.kotlin.compilerRunner.GradleCompilerRunnerWithWorkers$GradleKotlinCompilerWorkAction.execute(GradleCompilerRunnerWithWorkers.kt:76)
	at org.gradle.workers.internal.DefaultWorkerServer.execute(DefaultWorkerServer.java:63)
	at org.gradle.workers.internal.NoIsolationWorkerFactory$1$1.create(NoIsolationWorkerFactory.java:66)
	at org.gradle.workers.internal.NoIsolationWorkerFactory$1$1.create(NoIsolationWorkerFactory.java:62)
	at org.gradle.internal.classloader.ClassLoaderUtils.executeInClassloader(ClassLoaderUtils.java:100)
	at org.gradle.workers.internal.NoIsolationWorkerFactory$1.lambda$execute$0(NoIsolationWorkerFactory.java:62)
	at org.gradle.workers.internal.AbstractWorker$1.call(AbstractWorker.java:44)
	at org.gradle.workers.internal.AbstractWorker$1.call(AbstractWorker.java:41)
	at org.gradle.internal.operations.DefaultBuildOperationRunner$CallableBuildOperationWorker.execute(DefaultBuildOperationRunner.java:210)
	at org.gradle.internal.operations.DefaultBuildOperationRunner$CallableBuildOperationWorker.execute(DefaultBuildOperationRunner.java:205)
	at org.gradle.internal.operations.DefaultBuildOperationRunner$2.execute(DefaultBuildOperationRunner.java:67)
	at org.gradle.internal.operations.DefaultBuildOperationRunner$2.execute(DefaultBuildOperationRunner.java:60)
	at org.gradle.internal.operations.DefaultBuildOperationRunner.execute(DefaultBuildOperationRunner.java:167)
	at org.gradle.internal.operations.DefaultBuildOperationRunner.execute(DefaultBuildOperationRunner.java:60)
	at org.gradle.internal.operations.DefaultBuildOperationRunner.call(DefaultBuildOperationRunner.java:54)
	at org.gradle.workers.internal.AbstractWorker.executeWrappedInBuildOperation(AbstractWorker.java:41)
	at org.gradle.workers.internal.NoIsolationWorkerFactory$1.execute(NoIsolationWorkerFactory.java:59)
	at org.gradle.workers.internal.DefaultWorkerExecutor.lambda$submitWork$0(DefaultWorkerExecutor.java:174)
	at java.base/java.util.concurrent.FutureTask.run(FutureTask.java:264)
	at org.gradle.internal.work.DefaultConditionalExecutionQueue$ExecutionRunner.runExecution(DefaultConditionalExecutionQueue.java:194)
	at org.gradle.internal.work.DefaultConditionalExecutionQueue$ExecutionRunner.access$700(DefaultConditionalExecutionQueue.java:127)
	at org.gradle.internal.work.DefaultConditionalExecutionQueue$ExecutionRunner$1.run(DefaultConditionalExecutionQueue.java:169)
	at org.gradle.internal.Factories$1.create(Factories.java:31)
	at org.gradle.internal.work.DefaultWorkerLeaseService.withLocks(DefaultWorkerLeaseService.java:263)
	at org.gradle.internal.work.DefaultWorkerLeaseService.runAsWorkerThread(DefaultWorkerLeaseService.java:127)
	at org.gradle.internal.work.DefaultWorkerLeaseService.runAsWorkerThread(DefaultWorkerLeaseService.java:132)
	at org.gradle.internal.work.DefaultConditionalExecutionQueue$ExecutionRunner.runBatch(DefaultConditionalExecutionQueue.java:164)
	at org.gradle.internal.work.DefaultConditionalExecutionQueue$ExecutionRunner.run(DefaultConditionalExecutionQueue.java:133)
	at java.base/java.util.concurrent.Executors$RunnableAdapter.call(Executors.java:539)
	at java.base/java.util.concurrent.FutureTask.run(FutureTask.java:264)
	at org.gradle.internal.concurrent.ExecutorPolicy$CatchAndRecordFailures.onExecute(ExecutorPolicy.java:64)
	at org.gradle.internal.concurrent.AbstractManagedExecutor$1.run(AbstractManagedExecutor.java:48)
	at java.base/java.util.concurrent.ThreadPoolExecutor.runWorker(ThreadPoolExecutor.java:1136)
	at java.base/java.util.concurrent.ThreadPoolExecutor$Worker.run(ThreadPoolExecutor.java:635)
	at java.base/java.lang.Thread.run(Thread.java:840)

Failed to compile with Kotlin daemon: java.lang.RuntimeException: Could not connect to Kotlin compile daemon
	at org.jetbrains.kotlin.compilerRunner.GradleKotlinCompilerWork.compileWithDaemon(GradleKotlinCompilerWork.kt:214)
	at org.jetbrains.kotlin.compilerRunner.GradleKotlinCompilerWork.compileWithDaemonOrFallbackImpl(GradleKotlinCompilerWork.kt:159)
	at org.jetbrains.kotlin.compilerRunner.GradleKotlinCompilerWork.run(GradleKotlinCompilerWork.kt:111)
	at org.jetbrains.kotlin.compilerRunner.GradleCompilerRunnerWithWorkers$GradleKotlinCompilerWorkAction.execute(GradleCompilerRunnerWithWorkers.kt:76)
	at org.gradle.workers.internal.DefaultWorkerServer.execute(DefaultWorkerServer.java:63)
	at org.gradle.workers.internal.NoIsolationWorkerFactory$1$1.create(NoIsolationWorkerFactory.java:66)
	at org.gradle.workers.internal.NoIsolationWorkerFactory$1$1.create(NoIsolationWorkerFactory.java:62)
	at org.gradle.internal.classloader.ClassLoaderUtils.executeInClassloader(ClassLoaderUtils.java:100)
	at org.gradle.workers.internal.NoIsolationWorkerFactory$1.lambda$execute$0(NoIsolationWorkerFactory.java:62)
	at org.gradle.workers.internal.AbstractWorker$1.call(AbstractWorker.java:44)
	at org.gradle.workers.internal.AbstractWorker$1.call(AbstractWorker.java:41)
	at org.gradle.internal.operations.DefaultBuildOperationRunner$CallableBuildOperationWorker.execute(DefaultBuildOperationRunner.java:210)
	at org.gradle.internal.operations.DefaultBuildOperationRunner$CallableBuildOperationWorker.execute(DefaultBuildOperationRunner.java:205)
	at org.gradle.internal.operations.DefaultBuildOperationRunner$2.execute(DefaultBuildOperationRunner.java:67)
	at org.gradle.internal.operations.DefaultBuildOperationRunner$2.execute(DefaultBuildOperationRunner.java:60)
	at org.gradle.internal.operations.DefaultBuildOperationRunner.execute(DefaultBuildOperationRunner.java:167)
	at org.gradle.internal.operations.DefaultBuildOperationRunner.execute(DefaultBuildOperationRunner.java:60)
	at org.gradle.internal.operations.DefaultBuildOperationRunner.call(DefaultBuildOperationRunner.java:54)
	at org.gradle.workers.internal.AbstractWorker.executeWrappedInBuildOperation(AbstractWorker.java:41)
	at org.gradle.workers.internal.NoIsolationWorkerFactory$1.execute(NoIsolationWorkerFactory.java:59)
	at org.gradle.workers.internal.DefaultWorkerExecutor.lambda$submitWork$0(DefaultWorkerExecutor.java:174)
	at java.base/java.util.concurrent.FutureTask.run(FutureTask.java:264)
	at org.gradle.internal.work.DefaultConditionalExecutionQueue$ExecutionRunner.runExecution(DefaultConditionalExecutionQueue.java:194)
	at org.gradle.internal.work.DefaultConditionalExecutionQueue$ExecutionRunner.access$700(DefaultConditionalExecutionQueue.java:127)
	at org.gradle.internal.work.DefaultConditionalExecutionQueue$ExecutionRunner$1.run(DefaultConditionalExecutionQueue.java:169)
	at org.gradle.internal.Factories$1.create(Factories.java:31)
	at org.gradle.internal.work.DefaultWorkerLeaseService.withLocks(DefaultWorkerLeaseService.java:263)
	at org.gradle.internal.work.DefaultWorkerLeaseService.runAsWorkerThread(DefaultWorkerLeaseService.java:127)
	at org.gradle.internal.work.DefaultWorkerLeaseService.runAsWorkerThread(DefaultWorkerLeaseService.java:132)
	at org.gradle.internal.work.DefaultConditionalExecutionQueue$ExecutionRunner.runBatch(DefaultConditionalExecutionQueue.java:164)
	at org.gradle.internal.work.DefaultConditionalExecutionQueue$ExecutionRunner.run(DefaultConditionalExecutionQueue.java:133)
	at java.base/java.util.concurrent.Executors$RunnableAdapter.call(Executors.java:539)
	at java.base/java.util.concurrent.FutureTask.run(FutureTask.java:264)
	at org.gradle.internal.concurrent.ExecutorPolicy$CatchAndRecordFailures.onExecute(ExecutorPolicy.java:64)
	at org.gradle.internal.concurrent.AbstractManagedExecutor$1.run(AbstractManagedExecutor.java:48)
	at java.base/java.util.concurrent.ThreadPoolExecutor.runWorker(ThreadPoolExecutor.java:1136)
	at java.base/java.util.concurrent.ThreadPoolExecutor$Worker.run(ThreadPoolExecutor.java:635)
	at java.base/java.lang.Thread.run(Thread.java:840)
Using fallback strategy: Compile without Kotlin daemon
Try ./gradlew --stop if this issue persists
If it does not look related to your configuration, please file an issue with logs to https://kotl.in/issue
exception: node_modules\react-native-gesture-handler\android\src\main\java\com\swmansion\gesturehandler\react\RNGestureHandlerRootView.kt:41:43: warning: the corresponding parameter in the supertype 'ReactViewGroup' is named 'ev'. This may cause problems when calling this function with named arguments.
exception:   override fun dispatchGenericMotionEvent(event: MotionEvent) =
exception:                                           ^^^^^

> Task :react-native-gesture-handler:compileReleaseJavaWithJavac
> Task :react-native-gesture-handler:bundleLibCompileToJarRelease
> Task :react-native-gesture-handler:bundleLibRuntimeToJarRelease
> Task :react-native-gesture-handler:processReleaseJavaRes
> Task :react-native-gesture-handler:createFullJarRelease
> Task :react-native-gesture-handler:generateReleaseLintModel
> Task :react-native-gesture-handler:extractReleaseAnnotations
> Task :react-native-gesture-handler:mergeReleaseGeneratedProguardFiles UP-TO-DATE
> Task :react-native-gesture-handler:mergeReleaseConsumerProguardFiles UP-TO-DATE
> Task :react-native-gesture-handler:mergeReleaseJavaResource
> Task :react-native-gesture-handler:syncReleaseLibJars
> Task :react-native-gesture-handler:bundleReleaseLocalLintAar
> Task :react-native-gesture-handler:generateReleaseLintVitalModel
> Task :react-native-gesture-handler:bundleLibRuntimeToDirRelease
> Task :react-native-gesture-handler:bundleReleaseAar
> Task :react-native-gesture-handler:assembleRelease
> Task :app:buildCMakeRelWithDebInfo[armeabi-v7a]
> Task :react-native-gesture-handler:lintVitalAnalyzeRelease
> Task :app:buildCMakeRelWithDebInfo[x86]
> Task :app:buildCMakeRelWithDebInfo[x86_64]

> Task :app:compileReleaseKotlin
e: Failed connecting to the daemon in 4 retries
e: Daemon compilation failed: Could not connect to Kotlin compile daemon
java.lang.RuntimeException: Could not connect to Kotlin compile daemon
	at org.jetbrains.kotlin.compilerRunner.GradleKotlinCompilerWork.compileWithDaemon(GradleKotlinCompilerWork.kt:214)
	at org.jetbrains.kotlin.compilerRunner.GradleKotlinCompilerWork.compileWithDaemonOrFallbackImpl(GradleKotlinCompilerWork.kt:159)
	at org.jetbrains.kotlin.compilerRunner.GradleKotlinCompilerWork.run(GradleKotlinCompilerWork.kt:111)
	at org.jetbrains.kotlin.compilerRunner.GradleCompilerRunnerWithWorkers$GradleKotlinCompilerWorkAction.execute(GradleCompilerRunnerWithWorkers.kt:76)
	at org.gradle.workers.internal.DefaultWorkerServer.execute(DefaultWorkerServer.java:63)
	at org.gradle.workers.internal.NoIsolationWorkerFactory$1$1.create(NoIsolationWorkerFactory.java:66)
	at org.gradle.workers.internal.NoIsolationWorkerFactory$1$1.create(NoIsolationWorkerFactory.java:62)
	at org.gradle.internal.classloader.ClassLoaderUtils.executeInClassloader(ClassLoaderUtils.java:100)
	at org.gradle.workers.internal.NoIsolationWorkerFactory$1.lambda$execute$0(NoIsolationWorkerFactory.java:62)
	at org.gradle.workers.internal.AbstractWorker$1.call(AbstractWorker.java:44)
	at org.gradle.workers.internal.AbstractWorker$1.call(AbstractWorker.java:41)
	at org.gradle.internal.operations.DefaultBuildOperationRunner$CallableBuildOperationWorker.execute(DefaultBuildOperationRunner.java:210)
	at org.gradle.internal.operations.DefaultBuildOperationRunner$CallableBuildOperationWorker.execute(DefaultBuildOperationRunner.java:205)
	at org.gradle.internal.operations.DefaultBuildOperationRunner$2.execute(DefaultBuildOperationRunner.java:67)
	at org.gradle.internal.operations.DefaultBuildOperationRunner$2.execute(DefaultBuildOperationRunner.java:60)
	at org.gradle.internal.operations.DefaultBuildOperationRunner.execute(DefaultBuildOperationRunner.java:167)
	at org.gradle.internal.operations.DefaultBuildOperationRunner.execute(DefaultBuildOperationRunner.java:60)
	at org.gradle.internal.operations.DefaultBuildOperationRunner.call(DefaultBuildOperationRunner.java:54)
	at org.gradle.workers.internal.AbstractWorker.executeWrappedInBuildOperation(AbstractWorker.java:41)
	at org.gradle.workers.internal.NoIsolationWorkerFactory$1.execute(NoIsolationWorkerFactory.java:59)
	at org.gradle.workers.internal.DefaultWorkerExecutor.lambda$submitWork$0(DefaultWorkerExecutor.java:174)
	at java.base/java.util.concurrent.FutureTask.run(FutureTask.java:264)
	at org.gradle.internal.work.DefaultConditionalExecutionQueue$ExecutionRunner.runExecution(DefaultConditionalExecutionQueue.java:194)
	at org.gradle.internal.work.DefaultConditionalExecutionQueue$ExecutionRunner.access$700(DefaultConditionalExecutionQueue.java:127)
	at org.gradle.internal.work.DefaultConditionalExecutionQueue$ExecutionRunner$1.run(DefaultConditionalExecutionQueue.java:169)
	at org.gradle.internal.Factories$1.create(Factories.java:31)
	at org.gradle.internal.work.DefaultWorkerLeaseService.withLocks(DefaultWorkerLeaseService.java:263)
	at org.gradle.internal.work.DefaultWorkerLeaseService.runAsWorkerThread(DefaultWorkerLeaseService.java:127)
	at org.gradle.internal.work.DefaultWorkerLeaseService.runAsWorkerThread(DefaultWorkerLeaseService.java:132)
	at org.gradle.internal.work.DefaultConditionalExecutionQueue$ExecutionRunner.runBatch(DefaultConditionalExecutionQueue.java:164)
	at org.gradle.internal.work.DefaultConditionalExecutionQueue$ExecutionRunner.run(DefaultConditionalExecutionQueue.java:133)
	at java.base/java.util.concurrent.Executors$RunnableAdapter.call(Executors.java:539)
	at java.base/java.util.concurrent.FutureTask.run(FutureTask.java:264)
	at org.gradle.internal.concurrent.ExecutorPolicy$CatchAndRecordFailures.onExecute(ExecutorPolicy.java:64)
	at org.gradle.internal.concurrent.AbstractManagedExecutor$1.run(AbstractManagedExecutor.java:48)
	at java.base/java.util.concurrent.ThreadPoolExecutor.runWorker(ThreadPoolExecutor.java:1136)
	at java.base/java.util.concurrent.ThreadPoolExecutor$Worker.run(ThreadPoolExecutor.java:635)
	at java.base/java.lang.Thread.run(Thread.java:840)

Failed to compile with Kotlin daemon: java.lang.RuntimeException: Could not connect to Kotlin compile daemon
	at org.jetbrains.kotlin.compilerRunner.GradleKotlinCompilerWork.compileWithDaemon(GradleKotlinCompilerWork.kt:214)
	at org.jetbrains.kotlin.compilerRunner.GradleKotlinCompilerWork.compileWithDaemonOrFallbackImpl(GradleKotlinCompilerWork.kt:159)
	at org.jetbrains.kotlin.compilerRunner.GradleKotlinCompilerWork.run(GradleKotlinCompilerWork.kt:111)
	at org.jetbrains.kotlin.compilerRunner.GradleCompilerRunnerWithWorkers$GradleKotlinCompilerWorkAction.execute(GradleCompilerRunnerWithWorkers.kt:76)
	at org.gradle.workers.internal.DefaultWorkerServer.execute(DefaultWorkerServer.java:63)
	at org.gradle.workers.internal.NoIsolationWorkerFactory$1$1.create(NoIsolationWorkerFactory.java:66)
	at org.gradle.workers.internal.NoIsolationWorkerFactory$1$1.create(NoIsolationWorkerFactory.java:62)
	at org.gradle.internal.classloader.ClassLoaderUtils.executeInClassloader(ClassLoaderUtils.java:100)
	at org.gradle.workers.internal.NoIsolationWorkerFactory$1.lambda$execute$0(NoIsolationWorkerFactory.java:62)
	at org.gradle.workers.internal.AbstractWorker$1.call(AbstractWorker.java:44)
	at org.gradle.workers.internal.AbstractWorker$1.call(AbstractWorker.java:41)
	at org.gradle.internal.operations.DefaultBuildOperationRunner$CallableBuildOperationWorker.execute(DefaultBuildOperationRunner.java:210)
	at org.gradle.internal.operations.DefaultBuildOperationRunner$CallableBuildOperationWorker.execute(DefaultBuildOperationRunner.java:205)
	at org.gradle.internal.operations.DefaultBuildOperationRunner$2.execute(DefaultBuildOperationRunner.java:67)
	at org.gradle.internal.operations.DefaultBuildOperationRunner$2.execute(DefaultBuildOperationRunner.java:60)
	at org.gradle.internal.operations.DefaultBuildOperationRunner.execute(DefaultBuildOperationRunner.java:167)
	at org.gradle.internal.operations.DefaultBuildOperationRunner.execute(DefaultBuildOperationRunner.java:60)
	at org.gradle.internal.operations.DefaultBuildOperationRunner.call(DefaultBuildOperationRunner.java:54)
	at org.gradle.workers.internal.AbstractWorker.executeWrappedInBuildOperation(AbstractWorker.java:41)
	at org.gradle.workers.internal.NoIsolationWorkerFactory$1.execute(NoIsolationWorkerFactory.java:59)
	at org.gradle.workers.internal.DefaultWorkerExecutor.lambda$submitWork$0(DefaultWorkerExecutor.java:174)
	at java.base/java.util.concurrent.FutureTask.run(FutureTask.java:264)
	at org.gradle.internal.work.DefaultConditionalExecutionQueue$ExecutionRunner.runExecution(DefaultConditionalExecutionQueue.java:194)
	at org.gradle.internal.work.DefaultConditionalExecutionQueue$ExecutionRunner.access$700(DefaultConditionalExecutionQueue.java:127)
	at org.gradle.internal.work.DefaultConditionalExecutionQueue$ExecutionRunner$1.run(DefaultConditionalExecutionQueue.java:169)
	at org.gradle.internal.Factories$1.create(Factories.java:31)
	at org.gradle.internal.work.DefaultWorkerLeaseService.withLocks(DefaultWorkerLeaseService.java:263)
	at org.gradle.internal.work.DefaultWorkerLeaseService.runAsWorkerThread(DefaultWorkerLeaseService.java:127)
	at org.gradle.internal.work.DefaultWorkerLeaseService.runAsWorkerThread(DefaultWorkerLeaseService.java:132)
	at org.gradle.internal.work.DefaultConditionalExecutionQueue$ExecutionRunner.runBatch(DefaultConditionalExecutionQueue.java:164)
	at org.gradle.internal.work.DefaultConditionalExecutionQueue$ExecutionRunner.run(DefaultConditionalExecutionQueue.java:133)
	at java.base/java.util.concurrent.Executors$RunnableAdapter.call(Executors.java:539)
	at java.base/java.util.concurrent.FutureTask.run(FutureTask.java:264)
	at org.gradle.internal.concurrent.ExecutorPolicy$CatchAndRecordFailures.onExecute(ExecutorPolicy.java:64)
	at org.gradle.internal.concurrent.AbstractManagedExecutor$1.run(AbstractManagedExecutor.java:48)
	at java.base/java.util.concurrent.ThreadPoolExecutor.runWorker(ThreadPoolExecutor.java:1136)
	at java.base/java.util.concurrent.ThreadPoolExecutor$Worker.run(ThreadPoolExecutor.java:635)
	at java.base/java.lang.Thread.run(Thread.java:840)
Using fallback strategy: Compile without Kotlin daemon
Try ./gradlew --stop if this issue persists
If it does not look related to your configuration, please file an issue with logs to https://kotl.in/issue

> Task :app:mergeReleaseNativeLibs

> Task :app:compileReleaseKotlin
exception: android\app\src\main\java\com\careconnectksa\nurse\MainApplication.kt:9:8: warning: 'class ReactNativeHost : Any' is deprecated. Deprecated in Java.
exception: import com.facebook.react.ReactNativeHost
exception:        ^^^^^^^^^^^^^^^^^^^^^^^^^^^^^^^^^^
exception: android\app\src\main\java\com\careconnectksa\nurse\MainApplication.kt:21:16: warning: this declaration overrides a deprecated member but is not marked as deprecated itself. Add the '@Deprecated' annotation or suppress the diagnostic.
exception:   override val reactNativeHost: ReactNativeHost = ReactNativeHostWrapper(
exception:                ^^^^^^^^^^^^^^^
exception: android\app\src\main\java\com\careconnectksa\nurse\MainApplication.kt:21:33: warning: 'class ReactNativeHost : Any' is deprecated. Deprecated in Java.
exception:   override val reactNativeHost: ReactNativeHost = ReactNativeHostWrapper(
exception:                                 ^^^^^^^^^^^^^^^

> Task :app:stripReleaseDebugSymbols
> Task :app:compileReleaseJavaWithJavac
> Task :app:extractReleaseNativeSymbolTables
> Task :app:dexBuilderRelease
> Task :app:mergeReleaseGlobalSynthetics
> Task :app:generateReleaseLintVitalReportModel
> Task :app:processReleaseJavaRes
> Task :app:mergeReleaseNativeDebugMetadata
> Task :app:mergeDexRelease
> Task :app:lintVitalAnalyzeRelease
> Task :app:lintVitalReportRelease
> Task :app:lintVitalRelease
> Task :app:compileReleaseArtProfile
> Task :app:mergeReleaseJavaResource
> Task :app:packageRelease
> Task :app:createReleaseApkListingFileRedirect
> Task :app:assembleRelease

[Incubating] Problems report is available at: file:///D:/work/React/waleed/careconnect/nurse/v4/Goconnect/android/build/reports/problems/problems-report.html

Deprecated Gradle features were used in this build, making it incompatible with Gradle 9.0.

You can use '--warning-mode all' to show the individual deprecation warnings and determine if they come from your own scripts or plugins.

For more on this, please refer to https://docs.gradle.org/8.14.3/userguide/command_line_interface.html#sec:command_line_warnings in the Gradle documentation.

BUILD SUCCESSFUL in 18m 14s
852 actionable tasks: 719 executed, 133 up-to-date
