Starting a Gradle Daemon, 1 stopped Daemon could not be reused, use --status for details
> Task :gradle-plugin:settings-plugin:checkKotlinGradlePluginConfigurationErrors SKIPPED
> Task :expo-gradle-plugin:expo-autolinking-plugin-shared:checkKotlinGradlePluginConfigurationErrors SKIPPED
> Task :gradle-plugin:shared:checkKotlinGradlePluginConfigurationErrors SKIPPED
> Task :expo-gradle-plugin:expo-autolinking-settings-plugin:checkKotlinGradlePluginConfigurationErrors SKIPPED
> Task :expo-gradle-plugin:expo-autolinking-settings-plugin:pluginDescriptors UP-TO-DATE
> Task :gradle-plugin:settings-plugin:pluginDescriptors UP-TO-DATE
> Task :gradle-plugin:settings-plugin:processResources UP-TO-DATE
> Task :expo-gradle-plugin:expo-autolinking-settings-plugin:processResources UP-TO-DATE
> Task :expo-gradle-plugin:expo-autolinking-plugin-shared:compileKotlin UP-TO-DATE
> Task :gradle-plugin:shared:compileKotlin UP-TO-DATE
> Task :expo-gradle-plugin:expo-autolinking-plugin-shared:compileJava NO-SOURCE
> Task :gradle-plugin:shared:compileJava NO-SOURCE
> Task :gradle-plugin:shared:processResources NO-SOURCE
> Task :expo-gradle-plugin:expo-autolinking-plugin-shared:processResources NO-SOURCE
> Task :gradle-plugin:shared:classes UP-TO-DATE
> Task :expo-gradle-plugin:expo-autolinking-plugin-shared:classes UP-TO-DATE
> Task :expo-gradle-plugin:expo-autolinking-plugin-shared:jar UP-TO-DATE
> Task :gradle-plugin:shared:jar UP-TO-DATE
> Task :gradle-plugin:settings-plugin:compileKotlin UP-TO-DATE
> Task :gradle-plugin:settings-plugin:compileJava NO-SOURCE
> Task :gradle-plugin:settings-plugin:classes UP-TO-DATE
> Task :gradle-plugin:settings-plugin:jar UP-TO-DATE
> Task :expo-gradle-plugin:expo-autolinking-settings-plugin:compileKotlin UP-TO-DATE
> Task :expo-gradle-plugin:expo-autolinking-settings-plugin:compileJava NO-SOURCE
> Task :expo-gradle-plugin:expo-autolinking-settings-plugin:classes UP-TO-DATE
> Task :expo-gradle-plugin:expo-autolinking-settings-plugin:jar UP-TO-DATE
> Task :expo-gradle-plugin:expo-autolinking-plugin:checkKotlinGradlePluginConfigurationErrors SKIPPED
> Task :gradle-plugin:react-native-gradle-plugin:checkKotlinGradlePluginConfigurationErrors SKIPPED
> Task :expo-module-gradle-plugin:checkKotlinGradlePluginConfigurationErrors SKIPPED
> Task :expo-module-gradle-plugin:pluginDescriptors UP-TO-DATE
> Task :expo-module-gradle-plugin:processResources UP-TO-DATE
> Task :expo-gradle-plugin:expo-autolinking-plugin:compileKotlin UP-TO-DATE
> Task :expo-gradle-plugin:expo-autolinking-plugin:compileJava NO-SOURCE
> Task :expo-gradle-plugin:expo-autolinking-plugin:pluginDescriptors UP-TO-DATE
> Task :expo-gradle-plugin:expo-autolinking-plugin:processResources UP-TO-DATE
> Task :expo-gradle-plugin:expo-autolinking-plugin:classes UP-TO-DATE
> Task :expo-gradle-plugin:expo-autolinking-plugin:jar UP-TO-DATE
> Task :gradle-plugin:react-native-gradle-plugin:compileKotlin UP-TO-DATE
> Task :gradle-plugin:react-native-gradle-plugin:compileJava NO-SOURCE
> Task :gradle-plugin:react-native-gradle-plugin:pluginDescriptors UP-TO-DATE
> Task :gradle-plugin:react-native-gradle-plugin:processResources UP-TO-DATE
> Task :gradle-plugin:react-native-gradle-plugin:classes UP-TO-DATE
> Task :gradle-plugin:react-native-gradle-plugin:jar UP-TO-DATE
> Task :expo-module-gradle-plugin:compileKotlin UP-TO-DATE
> Task :expo-module-gradle-plugin:compileJava NO-SOURCE
> Task :expo-module-gradle-plugin:classes UP-TO-DATE
> Task :expo-module-gradle-plugin:jar UP-TO-DATE

> Configure project :
[32m[ExpoRootProject][0m Using the following versions:
  - buildTools:  [32m36.0.0[0m
  - minSdk:      [32m24[0m
  - compileSdk:  [32m36[0m
  - targetSdk:   [32m36[0m
  - ndk:         [32m27.1.12297006[0m
  - kotlin:      [32m2.1.20[0m
  - ksp:         [32m2.1.20-2.0.1[0m

> Configure project :expo

Using expo modules
  - [32mexpo-constants[0m (18.0.13)
  - [32mexpo-modules-core[0m (3.0.29)
  - [33m[?][0m [32mexpo-application[0m (7.0.8)
  - [33m[?][0m [32mexpo-asset[0m (12.0.12)
  - [33m[?][0m [32mexpo-av[0m (16.0.8)
  - [33m[?][0m [32mexpo-background-fetch[0m (14.0.9)
  - [33m[?][0m [32mexpo-blur[0m (15.0.8)
  - [33m[?][0m [32mexpo-device[0m (8.0.10)
  - [33m[?][0m [32mexpo-file-system[0m (19.0.21)
  - [33m[?][0m [32mexpo-font[0m (14.0.11)
  - [33m[?][0m [32mexpo-haptics[0m (15.0.8)
  - [33m[?][0m [32mexpo-image[0m (3.0.11)
  - [33m[?][0m [32mexpo-image-loader[0m (6.0.0)
  - [33m[?][0m [32mexpo-image-picker[0m (17.0.10)
  - [33m[?][0m [32mexpo-keep-awake[0m (15.0.8)
  - [33m[?][0m [32mexpo-linear-gradient[0m (15.0.8)
  - [33m[?][0m [32mexpo-linking[0m (8.0.11)
  - [33m[?][0m [32mexpo-local-authentication[0m (17.0.8)
  - [33m[?][0m [32mexpo-location[0m (19.0.8)
  - [33m[?][0m [32mexpo-notifications[0m (0.32.17)
  - [33m[?][0m [32mexpo-secure-store[0m (15.0.8)
  - [33m[?][0m [32mexpo-splash-screen[0m (31.0.13)
  - [33m[?][0m [32mexpo-sqlite[0m (16.0.10)
  - [33m[?][0m [32mexpo-system-ui[0m (6.0.9)
  - [33m[?][0m [32mexpo-task-manager[0m (14.0.9)
  - [33m[?][0m [32mexpo-web-browser[0m (15.0.10)
  - [33m[?][0m [32munimodules-app-loader[0m (6.0.8)


> Configure project :notifee_react-native
:notifee_react-native @notifee/react-native found at D:\work\React\waleed\careconnect\nurse\v4\Goconnect\node_modules\.pnpm\@notifee+react-native@9.1.8_de30f21a1100f0474c8ec52c3793749a\node_modules\@notifee\react-native
:notifee_react-native package.json found at D:\work\React\waleed\careconnect\nurse\v4\Goconnect\node_modules\.pnpm\@notifee+react-native@9.1.8_de30f21a1100f0474c8ec52c3793749a\node_modules\@notifee\react-native\package.json
:notifee_react-native:version set from package.json: 9.1.8 (9,1,8 - 9001008)
:notifee_react-native:android.compileSdk using custom value: 36
:notifee_react-native:android.targetSdk using custom value: 36
:notifee_react-native:android.minSdk using custom value: 24
:notifee_react-native:reactNativeAndroidDir D:\work\React\waleed\careconnect\nurse\v4\Goconnect\node_modules\react-native

> Configure project :react-native-firebase_app
:react-native-firebase_app package.json found at D:\work\React\waleed\careconnect\nurse\v4\Goconnect\node_modules\.pnpm\@react-native-firebase+app@_2c795b3e494c18604ca7716719229d3f\node_modules\@react-native-firebase\app\package.json
:react-native-firebase_app:firebase.bom using default value: 34.16.0
:react-native-firebase_app:play.play-services-auth using default value: 21.5.0
:react-native-firebase_app package.json found at D:\work\React\waleed\careconnect\nurse\v4\Goconnect\node_modules\.pnpm\@react-native-firebase+app@_2c795b3e494c18604ca7716719229d3f\node_modules\@react-native-firebase\app\package.json
:react-native-firebase_app:version set from package.json: 26.2.0 (26,2,0 - 26002000)
:react-native-firebase_app:android.compileSdk using custom value: 36
:react-native-firebase_app:android.targetSdk using custom value: 36
:react-native-firebase_app:android.minSdk using custom value: 24
:react-native-firebase_app:reactNativeAndroidDir D:\work\React\waleed\careconnect\nurse\v4\Goconnect\node_modules\react-native

> Configure project :react-native-firebase_messaging
:react-native-firebase_messaging package.json found at D:\work\React\waleed\careconnect\nurse\v4\Goconnect\node_modules\.pnpm\@react-native-firebase+mess_59adeb4fa65c6670b5129151aface092\node_modules\@react-native-firebase\messaging\package.json
:react-native-firebase_app package.json found at D:\work\React\waleed\careconnect\nurse\v4\Goconnect\node_modules\.pnpm\@react-native-firebase+app@_2c795b3e494c18604ca7716719229d3f\node_modules\@react-native-firebase\app\package.json
:react-native-firebase_messaging:firebase.bom using default value: 34.16.0
:react-native-firebase_messaging package.json found at D:\work\React\waleed\careconnect\nurse\v4\Goconnect\node_modules\.pnpm\@react-native-firebase+mess_59adeb4fa65c6670b5129151aface092\node_modules\@react-native-firebase\messaging\package.json
:react-native-firebase_messaging:version set from package.json: 26.2.0 (26,2,0 - 26002000)
:react-native-firebase_messaging:android.compileSdk using custom value: 36
:react-native-firebase_messaging:android.targetSdk using custom value: 36
:react-native-firebase_messaging:android.minSdk using custom value: 24
:react-native-firebase_messaging:reactNativeAndroidDir D:\work\React\waleed\careconnect\nurse\v4\Goconnect\node_modules\react-native

> Task :expo-constants:clean
> Task :expo:clean
> Task :app:externalNativeBuildCleanDebug
> Task :expo-modules-core:externalNativeBuildCleanDebug
> Task :react-native-gesture-handler:externalNativeBuildCleanDebug
> Task :app:externalNativeBuildCleanDebugOptimized
> Task :react-native-gesture-handler:externalNativeBuildCleanRelease
> Task :app:externalNativeBuildCleanRelease
> Task :react-native-reanimated:cleanCmakeCache
> Task :react-native-reanimated:externalNativeBuildCleanDebug
> Task :react-native-reanimated:externalNativeBuildCleanRelease
> Task :react-native-reanimated:clean
> Task :react-native-screens:externalNativeBuildCleanDebug
> Task :react-native-screens:externalNativeBuildCleanRelease
> Task :react-native-gesture-handler:clean
> Task :react-native-screens:clean

> Task :expo-modules-core:externalNativeBuildCleanRelease
Clean fabric-arm64-v8a, expo-modules-core-arm64-v8a
C/C++: CMake Warning in CMakeLists.txt:
C/C++:   The object file directory
C/C++:     D:/.pnpm-vs/goconnect/expo-modules-core@3.0.29_re_608eee6e418ac022011475ab34711ee7/node_modules/expo-modules-core/android/.cxx/RelWithDebInfo/6x2110j2/arm64-v8a/CMakeFiles/expo-modules-core.dir/./
C/C++:   has 196 characters.  The maximum full path to an object file is 250
C/C++:   characters (see CMAKE_OBJECT_PATH_MAX).  Object file
C/C++:     D_/.pnpm-vs/goconnect/expo-modules-core@3.0.29_re_608eee6e418ac022011475ab34711ee7/node_modules/expo-modules-core/common/cpp/ObjectDeallocator.cpp.o
C/C++:   cannot be safely placed under this directory.  The build may not work
C/C++:   correctly.
C/C++: CMake Warning in src/fabric/CMakeLists.txt:
C/C++:   The object file directory
C/C++:     D:/.pnpm-vs/goconnect/expo-modules-core@3.0.29_re_608eee6e418ac022011475ab34711ee7/node_modules/expo-modules-core/android/.cxx/RelWithDebInfo/6x2110j2/arm64-v8a/src/fabric/CMakeFiles/fabric.dir/./
C/C++:   has 196 characters.  The maximum full path to an object file is 250
C/C++:   characters (see CMAKE_OBJECT_PATH_MAX).  Object file
C/C++:     D_/.pnpm-vs/goconnect/expo-modules-core@3.0.29_re_608eee6e418ac022011475ab34711ee7/node_modules/expo-modules-core/common/cpp/fabric/ExpoViewComponentDescriptor.cpp.o
C/C++:   cannot be safely placed under this directory.  The build may not work
C/C++:   correctly.
C/C++: CMake Warning in CMakeLists.txt:
C/C++:   The object file directory
C/C++:     D:/.pnpm-vs/goconnect/expo-modules-core@3.0.29_re_608eee6e418ac022011475ab34711ee7/node_modules/expo-modules-core/android/.cxx/RelWithDebInfo/6x2110j2/arm64-v8a/CMakeFiles/expo-modules-core.dir/./
C/C++:   has 196 characters.  The maximum full path to an object file is 250
C/C++:   characters (see CMAKE_OBJECT_PATH_MAX).  Object file
C/C++:     D_/.pnpm-vs/goconnect/expo-modules-core@3.0.29_re_608eee6e418ac022011475ab34711ee7/node_modules/expo-modules-core/common/cpp/ObjectDeallocator.cpp.o
C/C++:   cannot be safely placed under this directory.  The build may not work
C/C++:   correctly.
C/C++: CMake Warning in src/fabric/CMakeLists.txt:
C/C++:   The object file directory
C/C++:     D:/.pnpm-vs/goconnect/expo-modules-core@3.0.29_re_608eee6e418ac022011475ab34711ee7/node_modules/expo-modules-core/android/.cxx/RelWithDebInfo/6x2110j2/arm64-v8a/src/fabric/CMakeFiles/fabric.dir/./
C/C++:   has 196 characters.  The maximum full path to an object file is 250
C/C++:   characters (see CMAKE_OBJECT_PATH_MAX).  Object file
C/C++:     D_/.pnpm-vs/goconnect/expo-modules-core@3.0.29_re_608eee6e418ac022011475ab34711ee7/node_modules/expo-modules-core/common/cpp/fabric/ExpoViewEventEmitter.cpp.o
C/C++:   cannot be safely placed under this directory.  The build may not work
C/C++:   correctly.
C/C++: CMake Warning in CMakeLists.txt:
C/C++:   The object file directory
C/C++:     D:/.pnpm-vs/goconnect/expo-modules-core@3.0.29_re_608eee6e418ac022011475ab34711ee7/node_modules/expo-modules-core/android/.cxx/RelWithDebInfo/6x2110j2/arm64-v8a/CMakeFiles/expo-modules-core.dir/./
C/C++:   has 196 characters.  The maximum full path to an object file is 250
C/C++:   characters (see CMAKE_OBJECT_PATH_MAX).  Object file
C/C++:     D_/.pnpm-vs/goconnect/expo-modules-core@3.0.29_re_608eee6e418ac022011475ab34711ee7/node_modules/expo-modules-core/common/cpp/ObjectDeallocator.cpp.o
C/C++:   cannot be safely placed under this directory.  The build may not work
C/C++:   correctly.
C/C++: CMake Warning in src/fabric/CMakeLists.txt:
C/C++:   The object file directory
C/C++:     D:/.pnpm-vs/goconnect/expo-modules-core@3.0.29_re_608eee6e418ac022011475ab34711ee7/node_modules/expo-modules-core/android/.cxx/RelWithDebInfo/6x2110j2/arm64-v8a/src/fabric/CMakeFiles/fabric.dir/./
C/C++:   has 196 characters.  The maximum full path to an object file is 250
C/C++:   characters (see CMAKE_OBJECT_PATH_MAX).  Object file
C/C++:     D_/.pnpm-vs/goconnect/expo-modules-core@3.0.29_re_608eee6e418ac022011475ab34711ee7/node_modules/expo-modules-core/common/cpp/fabric/ExpoViewEventEmitter.cpp.o
C/C++:   cannot be safely placed under this directory.  The build may not work
C/C++:   correctly.
C/C++: CMake Warning in CMakeLists.txt:
C/C++:   The object file directory
C/C++:     D:/.pnpm-vs/goconnect/expo-modules-core@3.0.29_re_608eee6e418ac022011475ab34711ee7/node_modules/expo-modules-core/android/.cxx/RelWithDebInfo/6x2110j2/arm64-v8a/CMakeFiles/expo-modules-core.dir/./
C/C++:   has 196 characters.  The maximum full path to an object file is 250
C/C++:   characters (see CMAKE_OBJECT_PATH_MAX).  Object file
C/C++:     D_/.pnpm-vs/goconnect/expo-modules-core@3.0.29_re_608eee6e418ac022011475ab34711ee7/node_modules/expo-modules-core/common/cpp/ObjectDeallocator.cpp.o
C/C++:   cannot be safely placed under this directory.  The build may not work
C/C++:   correctly.
C/C++: CMake Warning in src/fabric/CMakeLists.txt:
C/C++:   The object file directory
C/C++:     D:/.pnpm-vs/goconnect/expo-modules-core@3.0.29_re_608eee6e418ac022011475ab34711ee7/node_modules/expo-modules-core/android/.cxx/RelWithDebInfo/6x2110j2/arm64-v8a/src/fabric/CMakeFiles/fabric.dir/./
C/C++:   has 196 characters.  The maximum full path to an object file is 250
C/C++:   characters (see CMAKE_OBJECT_PATH_MAX).  Object file
C/C++:     D_/.pnpm-vs/goconnect/expo-modules-core@3.0.29_re_608eee6e418ac022011475ab34711ee7/node_modules/expo-modules-core/common/cpp/fabric/ExpoViewComponentDescriptor.cpp.o
C/C++:   cannot be safely placed under this directory.  The build may not work
C/C++:   correctly.
C/C++: CMake Warning in CMakeLists.txt:
C/C++:   The object file directory
C/C++:     D:/.pnpm-vs/goconnect/expo-modules-core@3.0.29_re_608eee6e418ac022011475ab34711ee7/node_modules/expo-modules-core/android/.cxx/RelWithDebInfo/6x2110j2/arm64-v8a/CMakeFiles/expo-modules-core.dir/./
C/C++:   has 196 characters.  The maximum full path to an object file is 250
C/C++:   characters (see CMAKE_OBJECT_PATH_MAX).  Object file
C/C++:     D_/.pnpm-vs/goconnect/expo-modules-core@3.0.29_re_608eee6e418ac022011475ab34711ee7/node_modules/expo-modules-core/common/cpp/ObjectDeallocator.cpp.o
C/C++:   cannot be safely placed under this directory.  The build may not work
C/C++:   correctly.
C/C++: CMake Warning in src/fabric/CMakeLists.txt:
C/C++:   The object file directory
C/C++:     D:/.pnpm-vs/goconnect/expo-modules-core@3.0.29_re_608eee6e418ac022011475ab34711ee7/node_modules/expo-modules-core/android/.cxx/RelWithDebInfo/6x2110j2/arm64-v8a/src/fabric/CMakeFiles/fabric.dir/./
C/C++:   has 196 characters.  The maximum full path to an object file is 250
C/C++:   characters (see CMAKE_OBJECT_PATH_MAX).  Object file
C/C++:     D_/.pnpm-vs/goconnect/expo-modules-core@3.0.29_re_608eee6e418ac022011475ab34711ee7/node_modules/expo-modules-core/common/cpp/fabric/ExpoViewComponentDescriptor.cpp.o
C/C++:   cannot be safely placed under this directory.  The build may not work
C/C++:   correctly.
C/C++: CMake Warning in CMakeLists.txt:
C/C++:   The object file directory
C/C++:     D:/.pnpm-vs/goconnect/expo-modules-core@3.0.29_re_608eee6e418ac022011475ab34711ee7/node_modules/expo-modules-core/android/.cxx/RelWithDebInfo/6x2110j2/arm64-v8a/CMakeFiles/expo-modules-core.dir/./
C/C++:   has 196 characters.  The maximum full path to an object file is 250
C/C++:   characters (see CMAKE_OBJECT_PATH_MAX).  Object file
C/C++:     D_/.pnpm-vs/goconnect/expo-modules-core@3.0.29_re_608eee6e418ac022011475ab34711ee7/node_modules/expo-modules-core/common/cpp/ObjectDeallocator.cpp.o
C/C++:   cannot be safely placed under this directory.  The build may not work
C/C++:   correctly.
C/C++: CMake Warning in src/fabric/CMakeLists.txt:
C/C++:   The object file directory
C/C++:     D:/.pnpm-vs/goconnect/expo-modules-core@3.0.29_re_608eee6e418ac022011475ab34711ee7/node_modules/expo-modules-core/android/.cxx/RelWithDebInfo/6x2110j2/arm64-v8a/src/fabric/CMakeFiles/fabric.dir/./
C/C++:   has 196 characters.  The maximum full path to an object file is 250
C/C++:   characters (see CMAKE_OBJECT_PATH_MAX).  Object file
C/C++:     D_/.pnpm-vs/goconnect/expo-modules-core@3.0.29_re_608eee6e418ac022011475ab34711ee7/node_modules/expo-modules-core/common/cpp/fabric/ExpoViewComponentDescriptor.cpp.o
C/C++:   cannot be safely placed under this directory.  The build may not work
C/C++:   correctly.
C/C++: CMake Warning in CMakeLists.txt:
C/C++:   The object file directory
C/C++:     D:/.pnpm-vs/goconnect/expo-modules-core@3.0.29_re_608eee6e418ac022011475ab34711ee7/node_modules/expo-modules-core/android/.cxx/RelWithDebInfo/6x2110j2/arm64-v8a/CMakeFiles/expo-modules-core.dir/./
C/C++:   has 196 characters.  The maximum full path to an object file is 250
C/C++:   characters (see CMAKE_OBJECT_PATH_MAX).  Object file
C/C++:     D_/.pnpm-vs/goconnect/expo-modules-core@3.0.29_re_608eee6e418ac022011475ab34711ee7/node_modules/expo-modules-core/common/cpp/ObjectDeallocator.cpp.o
C/C++:   cannot be safely placed under this directory.  The build may not work
C/C++:   correctly.
C/C++: CMake Warning in src/fabric/CMakeLists.txt:
C/C++:   The object file directory
C/C++:     D:/.pnpm-vs/goconnect/expo-modules-core@3.0.29_re_608eee6e418ac022011475ab34711ee7/node_modules/expo-modules-core/android/.cxx/RelWithDebInfo/6x2110j2/arm64-v8a/src/fabric/CMakeFiles/fabric.dir/./
C/C++:   has 196 characters.  The maximum full path to an object file is 250
C/C++:   characters (see CMAKE_OBJECT_PATH_MAX).  Object file
C/C++:     D_/.pnpm-vs/goconnect/expo-modules-core@3.0.29_re_608eee6e418ac022011475ab34711ee7/node_modules/expo-modules-core/common/cpp/fabric/ExpoViewComponentDescriptor.cpp.o
C/C++:   cannot be safely placed under this directory.  The build may not work
C/C++:   correctly.
C/C++: CMake Warning in CMakeLists.txt:
C/C++:   The object file directory
C/C++:     D:/.pnpm-vs/goconnect/expo-modules-core@3.0.29_re_608eee6e418ac022011475ab34711ee7/node_modules/expo-modules-core/android/.cxx/RelWithDebInfo/6x2110j2/arm64-v8a/CMakeFiles/expo-modules-core.dir/./
C/C++:   has 196 characters.  The maximum full path to an object file is 250
C/C++:   characters (see CMAKE_OBJECT_PATH_MAX).  Object file
C/C++:     D_/.pnpm-vs/goconnect/expo-modules-core@3.0.29_re_608eee6e418ac022011475ab34711ee7/node_modules/expo-modules-core/common/cpp/ObjectDeallocator.cpp.o
C/C++:   cannot be safely placed under this directory.  The build may not work
C/C++:   correctly.
C/C++: CMake Warning in src/fabric/CMakeLists.txt:
C/C++:   The object file directory
C/C++:     D:/.pnpm-vs/goconnect/expo-modules-core@3.0.29_re_608eee6e418ac022011475ab34711ee7/node_modules/expo-modules-core/android/.cxx/RelWithDebInfo/6x2110j2/arm64-v8a/src/fabric/CMakeFiles/fabric.dir/./
C/C++:   has 196 characters.  The maximum full path to an object file is 250
C/C++:   characters (see CMAKE_OBJECT_PATH_MAX).  Object file
C/C++:     D_/.pnpm-vs/goconnect/expo-modules-core@3.0.29_re_608eee6e418ac022011475ab34711ee7/node_modules/expo-modules-core/common/cpp/fabric/ExpoViewEventEmitter.cpp.o
C/C++:   cannot be safely placed under this directory.  The build may not work
C/C++:   correctly.
C/C++: CMake Warning in CMakeLists.txt:
C/C++:   The object file directory
C/C++:     D:/.pnpm-vs/goconnect/expo-modules-core@3.0.29_re_608eee6e418ac022011475ab34711ee7/node_modules/expo-modules-core/android/.cxx/RelWithDebInfo/6x2110j2/arm64-v8a/CMakeFiles/expo-modules-core.dir/./
C/C++:   has 196 characters.  The maximum full path to an object file is 250
C/C++:   characters (see CMAKE_OBJECT_PATH_MAX).  Object file
C/C++:     D_/.pnpm-vs/goconnect/expo-modules-core@3.0.29_re_608eee6e418ac022011475ab34711ee7/node_modules/expo-modules-core/common/cpp/ObjectDeallocator.cpp.o
C/C++:   cannot be safely placed under this directory.  The build may not work
C/C++:   correctly.
C/C++: CMake Warning in src/fabric/CMakeLists.txt:
C/C++:   The object file directory
C/C++:     D:/.pnpm-vs/goconnect/expo-modules-core@3.0.29_re_608eee6e418ac022011475ab34711ee7/node_modules/expo-modules-core/android/.cxx/RelWithDebInfo/6x2110j2/arm64-v8a/src/fabric/CMakeFiles/fabric.dir/./
C/C++:   has 196 characters.  The maximum full path to an object file is 250
C/C++:   characters (see CMAKE_OBJECT_PATH_MAX).  Object file
C/C++:     D_/.pnpm-vs/goconnect/expo-modules-core@3.0.29_re_608eee6e418ac022011475ab34711ee7/node_modules/expo-modules-core/common/cpp/fabric/ExpoViewComponentDescriptor.cpp.o
C/C++:   cannot be safely placed under this directory.  The build may not work
C/C++:   correctly.
C/C++: CMake Warning in CMakeLists.txt:
C/C++:   The object file directory
C/C++:     D:/.pnpm-vs/goconnect/expo-modules-core@3.0.29_re_608eee6e418ac022011475ab34711ee7/node_modules/expo-modules-core/android/.cxx/RelWithDebInfo/6x2110j2/arm64-v8a/CMakeFiles/expo-modules-core.dir/./
C/C++:   has 196 characters.  The maximum full path to an object file is 250
C/C++:   characters (see CMAKE_OBJECT_PATH_MAX).  Object file
C/C++:     D_/.pnpm-vs/goconnect/expo-modules-core@3.0.29_re_608eee6e418ac022011475ab34711ee7/node_modules/expo-modules-core/common/cpp/ObjectDeallocator.cpp.o
C/C++:   cannot be safely placed under this directory.  The build may not work
C/C++:   correctly.
C/C++: CMake Warning in src/fabric/CMakeLists.txt:
C/C++:   The object file directory
C/C++:     D:/.pnpm-vs/goconnect/expo-modules-core@3.0.29_re_608eee6e418ac022011475ab34711ee7/node_modules/expo-modules-core/android/.cxx/RelWithDebInfo/6x2110j2/arm64-v8a/src/fabric/CMakeFiles/fabric.dir/./
C/C++:   has 196 characters.  The maximum full path to an object file is 250
C/C++:   characters (see CMAKE_OBJECT_PATH_MAX).  Object file
C/C++:     D_/.pnpm-vs/goconnect/expo-modules-core@3.0.29_re_608eee6e418ac022011475ab34711ee7/node_modules/expo-modules-core/common/cpp/fabric/ExpoViewEventEmitter.cpp.o
C/C++:   cannot be safely placed under this directory.  The build may not work
C/C++:   correctly.
C/C++: CMake Warning in CMakeLists.txt:
C/C++:   The object file directory
C/C++:     D:/.pnpm-vs/goconnect/expo-modules-core@3.0.29_re_608eee6e418ac022011475ab34711ee7/node_modules/expo-modules-core/android/.cxx/RelWithDebInfo/6x2110j2/arm64-v8a/CMakeFiles/expo-modules-core.dir/./
C/C++:   has 196 characters.  The maximum full path to an object file is 250
C/C++:   characters (see CMAKE_OBJECT_PATH_MAX).  Object file
C/C++:     D_/.pnpm-vs/goconnect/expo-modules-core@3.0.29_re_608eee6e418ac022011475ab34711ee7/node_modules/expo-modules-core/common/cpp/ObjectDeallocator.cpp.o
C/C++:   cannot be safely placed under this directory.  The build may not work
C/C++:   correctly.
C/C++: CMake Warning in src/fabric/CMakeLists.txt:
C/C++:   The object file directory
C/C++:     D:/.pnpm-vs/goconnect/expo-modules-core@3.0.29_re_608eee6e418ac022011475ab34711ee7/node_modules/expo-modules-core/android/.cxx/RelWithDebInfo/6x2110j2/arm64-v8a/src/fabric/CMakeFiles/fabric.dir/./
C/C++:   has 196 characters.  The maximum full path to an object file is 250
C/C++:   characters (see CMAKE_OBJECT_PATH_MAX).  Object file
C/C++:     D_/.pnpm-vs/goconnect/expo-modules-core@3.0.29_re_608eee6e418ac022011475ab34711ee7/node_modules/expo-modules-core/common/cpp/fabric/ExpoViewComponentDescriptor.cpp.o
C/C++:   cannot be safely placed under this directory.  The build may not work
C/C++:   correctly.
C/C++: CMake Warning in CMakeLists.txt:
C/C++:   The object file directory
C/C++:     D:/.pnpm-vs/goconnect/expo-modules-core@3.0.29_re_608eee6e418ac022011475ab34711ee7/node_modules/expo-modules-core/android/.cxx/RelWithDebInfo/6x2110j2/arm64-v8a/CMakeFiles/expo-modules-core.dir/./
C/C++:   has 196 characters.  The maximum full path to an object file is 250
C/C++:   characters (see CMAKE_OBJECT_PATH_MAX).  Object file
C/C++:     D_/.pnpm-vs/goconnect/expo-modules-core@3.0.29_re_608eee6e418ac022011475ab34711ee7/node_modules/expo-modules-core/common/cpp/ObjectDeallocator.cpp.o
C/C++:   cannot be safely placed under this directory.  The build may not work
C/C++:   correctly.
C/C++: CMake Warning in src/fabric/CMakeLists.txt:
C/C++:   The object file directory
C/C++:     D:/.pnpm-vs/goconnect/expo-modules-core@3.0.29_re_608eee6e418ac022011475ab34711ee7/node_modules/expo-modules-core/android/.cxx/RelWithDebInfo/6x2110j2/arm64-v8a/src/fabric/CMakeFiles/fabric.dir/./
C/C++:   has 196 characters.  The maximum full path to an object file is 250
C/C++:   characters (see CMAKE_OBJECT_PATH_MAX).  Object file
C/C++:     D_/.pnpm-vs/goconnect/expo-modules-core@3.0.29_re_608eee6e418ac022011475ab34711ee7/node_modules/expo-modules-core/common/cpp/fabric/ExpoViewEventEmitter.cpp.o
C/C++:   cannot be safely placed under this directory.  The build may not work
C/C++:   correctly.
C/C++: CMake Warning in CMakeLists.txt:
C/C++:   The object file directory
C/C++:     D:/.pnpm-vs/goconnect/expo-modules-core@3.0.29_re_608eee6e418ac022011475ab34711ee7/node_modules/expo-modules-core/android/.cxx/RelWithDebInfo/6x2110j2/arm64-v8a/CMakeFiles/expo-modules-core.dir/./
C/C++:   has 196 characters.  The maximum full path to an object file is 250
C/C++:   characters (see CMAKE_OBJECT_PATH_MAX).  Object file
C/C++:     src/main/cpp/decorators/JSDecoratorsBridgingObject.cpp.o
C/C++:   cannot be safely placed under this directory.  The build may not work
C/C++:   correctly.
C/C++: CMake Warning in src/fabric/CMakeLists.txt:
C/C++:   The object file directory
C/C++:     D:/.pnpm-vs/goconnect/expo-modules-core@3.0.29_re_608eee6e418ac022011475ab34711ee7/node_modules/expo-modules-core/android/.cxx/RelWithDebInfo/6x2110j2/arm64-v8a/src/fabric/CMakeFiles/fabric.dir/./
C/C++:   has 196 characters.  The maximum full path to an object file is 250
C/C++:   characters (see CMAKE_OBJECT_PATH_MAX).  Object file
C/C++:     D_/.pnpm-vs/goconnect/expo-modules-core@3.0.29_re_608eee6e418ac022011475ab34711ee7/node_modules/expo-modules-core/common/cpp/fabric/ExpoViewComponentDescriptor.cpp.o
C/C++:   cannot be safely placed under this directory.  The build may not work
C/C++:   correctly.
C/C++: CMake Warning in CMakeLists.txt:
C/C++:   The object file directory
C/C++:     D:/.pnpm-vs/goconnect/expo-modules-core@3.0.29_re_608eee6e418ac022011475ab34711ee7/node_modules/expo-modules-core/android/.cxx/RelWithDebInfo/6x2110j2/arm64-v8a/CMakeFiles/expo-modules-core.dir/./
C/C++:   has 196 characters.  The maximum full path to an object file is 250
C/C++:   characters (see CMAKE_OBJECT_PATH_MAX).  Object file
C/C++:     src/main/cpp/decorators/JSDecoratorsBridgingObject.cpp.o
C/C++:   cannot be safely placed under this directory.  The build may not work
C/C++:   correctly.
C/C++: CMake Warning in src/fabric/CMakeLists.txt:
C/C++:   The object file directory
C/C++:     D:/.pnpm-vs/goconnect/expo-modules-core@3.0.29_re_608eee6e418ac022011475ab34711ee7/node_modules/expo-modules-core/android/.cxx/RelWithDebInfo/6x2110j2/arm64-v8a/src/fabric/CMakeFiles/fabric.dir/./
C/C++:   has 196 characters.  The maximum full path to an object file is 250
C/C++:   characters (see CMAKE_OBJECT_PATH_MAX).  Object file
C/C++:     D_/.pnpm-vs/goconnect/expo-modules-core@3.0.29_re_608eee6e418ac022011475ab34711ee7/node_modules/expo-modules-core/common/cpp/fabric/ExpoViewShadowNode.cpp.o
C/C++:   cannot be safely placed under this directory.  The build may not work
C/C++:   correctly.
C/C++: CMake Warning in CMakeLists.txt:
C/C++:   The object file directory
C/C++:     D:/.pnpm-vs/goconnect/expo-modules-core@3.0.29_re_608eee6e418ac022011475ab34711ee7/node_modules/expo-modules-core/android/.cxx/RelWithDebInfo/6x2110j2/arm64-v8a/CMakeFiles/expo-modules-core.dir/./
C/C++:   has 196 characters.  The maximum full path to an object file is 250
C/C++:   characters (see CMAKE_OBJECT_PATH_MAX).  Object file
C/C++:     D_/.pnpm-vs/goconnect/expo-modules-core@3.0.29_re_608eee6e418ac022011475ab34711ee7/node_modules/expo-modules-core/common/cpp/ObjectDeallocator.cpp.o
C/C++:   cannot be safely placed under this directory.  The build may not work
C/C++:   correctly.
C/C++: CMake Warning in src/fabric/CMakeLists.txt:
C/C++:   The object file directory
C/C++:     D:/.pnpm-vs/goconnect/expo-modules-core@3.0.29_re_608eee6e418ac022011475ab34711ee7/node_modules/expo-modules-core/android/.cxx/RelWithDebInfo/6x2110j2/arm64-v8a/src/fabric/CMakeFiles/fabric.dir/./
C/C++:   has 196 characters.  The maximum full path to an object file is 250
C/C++:   characters (see CMAKE_OBJECT_PATH_MAX).  Object file
C/C++:     D_/.pnpm-vs/goconnect/expo-modules-core@3.0.29_re_608eee6e418ac022011475ab34711ee7/node_modules/expo-modules-core/common/cpp/fabric/ExpoViewEventEmitter.cpp.o
C/C++:   cannot be safely placed under this directory.  The build may not work
C/C++:   correctly.
C/C++: CMake Warning in CMakeLists.txt:
C/C++:   The object file directory
C/C++:     D:/.pnpm-vs/goconnect/expo-modules-core@3.0.29_re_608eee6e418ac022011475ab34711ee7/node_modules/expo-modules-core/android/.cxx/RelWithDebInfo/6x2110j2/arm64-v8a/CMakeFiles/expo-modules-core.dir/./
C/C++:   has 196 characters.  The maximum full path to an object file is 250
C/C++:   characters (see CMAKE_OBJECT_PATH_MAX).  Object file
C/C++:     D_/.pnpm-vs/goconnect/expo-modules-core@3.0.29_re_608eee6e418ac022011475ab34711ee7/node_modules/expo-modules-core/common/cpp/ObjectDeallocator.cpp.o
C/C++:   cannot be safely placed under this directory.  The build may not work
C/C++:   correctly.
C/C++: CMake Warning in src/fabric/CMakeLists.txt:
C/C++:   The object file directory
C/C++:     D:/.pnpm-vs/goconnect/expo-modules-core@3.0.29_re_608eee6e418ac022011475ab34711ee7/node_modules/expo-modules-core/android/.cxx/RelWithDebInfo/6x2110j2/arm64-v8a/src/fabric/CMakeFiles/fabric.dir/./
C/C++:   has 196 characters.  The maximum full path to an object file is 250
C/C++:   characters (see CMAKE_OBJECT_PATH_MAX).  Object file
C/C++:     D_/.pnpm-vs/goconnect/expo-modules-core@3.0.29_re_608eee6e418ac022011475ab34711ee7/node_modules/expo-modules-core/common/cpp/fabric/ExpoViewShadowNode.cpp.o
C/C++:   cannot be safely placed under this directory.  The build may not work
C/C++:   correctly.
C/C++: CMake Warning in CMakeLists.txt:
C/C++:   The object file directory
C/C++:     D:/.pnpm-vs/goconnect/expo-modules-core@3.0.29_re_608eee6e418ac022011475ab34711ee7/node_modules/expo-modules-core/android/.cxx/RelWithDebInfo/6x2110j2/arm64-v8a/CMakeFiles/expo-modules-core.dir/./
C/C++:   has 196 characters.  The maximum full path to an object file is 250
C/C++:   characters (see CMAKE_OBJECT_PATH_MAX).  Object file
C/C++:     D_/.pnpm-vs/goconnect/expo-modules-core@3.0.29_re_608eee6e418ac022011475ab34711ee7/node_modules/expo-modules-core/common/cpp/ObjectDeallocator.cpp.o
C/C++:   cannot be safely placed under this directory.  The build may not work
C/C++:   correctly.
C/C++: CMake Warning in src/fabric/CMakeLists.txt:
C/C++:   The object file directory
C/C++:     D:/.pnpm-vs/goconnect/expo-modules-core@3.0.29_re_608eee6e418ac022011475ab34711ee7/node_modules/expo-modules-core/android/.cxx/RelWithDebInfo/6x2110j2/arm64-v8a/src/fabric/CMakeFiles/fabric.dir/./
C/C++:   has 196 characters.  The maximum full path to an object file is 250
C/C++:   characters (see CMAKE_OBJECT_PATH_MAX).  Object file
C/C++:     D_/.pnpm-vs/goconnect/expo-modules-core@3.0.29_re_608eee6e418ac022011475ab34711ee7/node_modules/expo-modules-core/common/cpp/fabric/ExpoViewShadowNode.cpp.o
C/C++:   cannot be safely placed under this directory.  The build may not work
C/C++:   correctly.
C/C++: CMake Warning in CMakeLists.txt:
C/C++:   The object file directory
C/C++:     D:/.pnpm-vs/goconnect/expo-modules-core@3.0.29_re_608eee6e418ac022011475ab34711ee7/node_modules/expo-modules-core/android/.cxx/RelWithDebInfo/6x2110j2/arm64-v8a/CMakeFiles/expo-modules-core.dir/./
C/C++:   has 196 characters.  The maximum full path to an object file is 250
C/C++:   characters (see CMAKE_OBJECT_PATH_MAX).  Object file
C/C++:     D_/.pnpm-vs/goconnect/expo-modules-core@3.0.29_re_608eee6e418ac022011475ab34711ee7/node_modules/expo-modules-core/common/cpp/ObjectDeallocator.cpp.o
C/C++:   cannot be safely placed under this directory.  The build may not work
C/C++:   correctly.
C/C++: CMake Warning in src/fabric/CMakeLists.txt:
C/C++:   The object file directory
C/C++:     D:/.pnpm-vs/goconnect/expo-modules-core@3.0.29_re_608eee6e418ac022011475ab34711ee7/node_modules/expo-modules-core/android/.cxx/RelWithDebInfo/6x2110j2/arm64-v8a/src/fabric/CMakeFiles/fabric.dir/./
C/C++:   has 196 characters.  The maximum full path to an object file is 250
C/C++:   characters (see CMAKE_OBJECT_PATH_MAX).  Object file
C/C++:     D_/.pnpm-vs/goconnect/expo-modules-core@3.0.29_re_608eee6e418ac022011475ab34711ee7/node_modules/expo-modules-core/common/cpp/fabric/ExpoViewShadowNode.cpp.o
C/C++:   cannot be safely placed under this directory.  The build may not work
C/C++:   correctly.
C/C++: CMake Warning in CMakeLists.txt:
C/C++:   The object file directory
C/C++:     D:/.pnpm-vs/goconnect/expo-modules-core@3.0.29_re_608eee6e418ac022011475ab34711ee7/node_modules/expo-modules-core/android/.cxx/RelWithDebInfo/6x2110j2/arm64-v8a/CMakeFiles/expo-modules-core.dir/./
C/C++:   has 196 characters.  The maximum full path to an object file is 250
C/C++:   characters (see CMAKE_OBJECT_PATH_MAX).  Object file
C/C++:     D_/.pnpm-vs/goconnect/expo-modules-core@3.0.29_re_608eee6e418ac022011475ab34711ee7/node_modules/expo-modules-core/common/cpp/ObjectDeallocator.cpp.o
C/C++:   cannot be safely placed under this directory.  The build may not work
C/C++:   correctly.
C/C++: CMake Warning in src/fabric/CMakeLists.txt:
C/C++:   The object file directory
C/C++:     D:/.pnpm-vs/goconnect/expo-modules-core@3.0.29_re_608eee6e418ac022011475ab34711ee7/node_modules/expo-modules-core/android/.cxx/RelWithDebInfo/6x2110j2/arm64-v8a/src/fabric/CMakeFiles/fabric.dir/./
C/C++:   has 196 characters.  The maximum full path to an object file is 250
C/C++:   characters (see CMAKE_OBJECT_PATH_MAX).  Object file
C/C++:     D_/.pnpm-vs/goconnect/expo-modules-core@3.0.29_re_608eee6e418ac022011475ab34711ee7/node_modules/expo-modules-core/common/cpp/fabric/ExpoViewEventEmitter.cpp.o
C/C++:   cannot be safely placed under this directory.  The build may not work
C/C++:   correctly.
C/C++: CMake Warning in CMakeLists.txt:
C/C++:   The object file directory
C/C++:     D:/.pnpm-vs/goconnect/expo-modules-core@3.0.29_re_608eee6e418ac022011475ab34711ee7/node_modules/expo-modules-core/android/.cxx/RelWithDebInfo/6x2110j2/arm64-v8a/CMakeFiles/expo-modules-core.dir/./
C/C++:   has 196 characters.  The maximum full path to an object file is 250
C/C++:   characters (see CMAKE_OBJECT_PATH_MAX).  Object file
C/C++:     D_/.pnpm-vs/goconnect/expo-modules-core@3.0.29_re_608eee6e418ac022011475ab34711ee7/node_modules/expo-modules-core/common/cpp/ObjectDeallocator.cpp.o
C/C++:   cannot be safely placed under this directory.  The build may not work
C/C++:   correctly.
C/C++: CMake Warning in src/fabric/CMakeLists.txt:
C/C++:   The object file directory
C/C++:     D:/.pnpm-vs/goconnect/expo-modules-core@3.0.29_re_608eee6e418ac022011475ab34711ee7/node_modules/expo-modules-core/android/.cxx/RelWithDebInfo/6x2110j2/arm64-v8a/src/fabric/CMakeFiles/fabric.dir/./
C/C++:   has 196 characters.  The maximum full path to an object file is 250
C/C++:   characters (see CMAKE_OBJECT_PATH_MAX).  Object file
C/C++:     D_/.pnpm-vs/goconnect/expo-modules-core@3.0.29_re_608eee6e418ac022011475ab34711ee7/node_modules/expo-modules-core/common/cpp/fabric/ExpoViewComponentDescriptor.cpp.o
C/C++:   cannot be safely placed under this directory.  The build may not work
C/C++:   correctly.
C/C++: CMake Warning in CMakeLists.txt:
C/C++:   The object file directory
C/C++:     D:/.pnpm-vs/goconnect/expo-modules-core@3.0.29_re_608eee6e418ac022011475ab34711ee7/node_modules/expo-modules-core/android/.cxx/RelWithDebInfo/6x2110j2/arm64-v8a/CMakeFiles/expo-modules-core.dir/./
C/C++:   has 196 characters.  The maximum full path to an object file is 250
C/C++:   characters (see CMAKE_OBJECT_PATH_MAX).  Object file
C/C++:     D_/.pnpm-vs/goconnect/expo-modules-core@3.0.29_re_608eee6e418ac022011475ab34711ee7/node_modules/expo-modules-core/common/cpp/ObjectDeallocator.cpp.o
C/C++:   cannot be safely placed under this directory.  The build may not work
C/C++:   correctly.
C/C++: CMake Warning in src/fabric/CMakeLists.txt:
C/C++:   The object file directory
C/C++:     D:/.pnpm-vs/goconnect/expo-modules-core@3.0.29_re_608eee6e418ac022011475ab34711ee7/node_modules/expo-modules-core/android/.cxx/RelWithDebInfo/6x2110j2/arm64-v8a/src/fabric/CMakeFiles/fabric.dir/./
C/C++:   has 196 characters.  The maximum full path to an object file is 250
C/C++:   characters (see CMAKE_OBJECT_PATH_MAX).  Object file
C/C++:     D_/.pnpm-vs/goconnect/expo-modules-core@3.0.29_re_608eee6e418ac022011475ab34711ee7/node_modules/expo-modules-core/common/cpp/fabric/ExpoViewEventEmitter.cpp.o
C/C++:   cannot be safely placed under this directory.  The build may not work
C/C++:   correctly.
C/C++: CMake Warning in CMakeLists.txt:
C/C++:   The object file directory
C/C++:     D:/.pnpm-vs/goconnect/expo-modules-core@3.0.29_re_608eee6e418ac022011475ab34711ee7/node_modules/expo-modules-core/android/.cxx/RelWithDebInfo/6x2110j2/arm64-v8a/CMakeFiles/expo-modules-core.dir/./
C/C++:   has 196 characters.  The maximum full path to an object file is 250
C/C++:   characters (see CMAKE_OBJECT_PATH_MAX).  Object file
C/C++:     D_/.pnpm-vs/goconnect/expo-modules-core@3.0.29_re_608eee6e418ac022011475ab34711ee7/node_modules/expo-modules-core/common/cpp/ObjectDeallocator.cpp.o
C/C++:   cannot be safely placed under this directory.  The build may not work
C/C++:   correctly.
C/C++: CMake Warning in src/fabric/CMakeLists.txt:
C/C++:   The object file directory
C/C++:     D:/.pnpm-vs/goconnect/expo-modules-core@3.0.29_re_608eee6e418ac022011475ab34711ee7/node_modules/expo-modules-core/android/.cxx/RelWithDebInfo/6x2110j2/arm64-v8a/src/fabric/CMakeFiles/fabric.dir/./
C/C++:   has 196 characters.  The maximum full path to an object file is 250
C/C++:   characters (see CMAKE_OBJECT_PATH_MAX).  Object file
C/C++:     D_/.pnpm-vs/goconnect/expo-modules-core@3.0.29_re_608eee6e418ac022011475ab34711ee7/node_modules/expo-modules-core/common/cpp/fabric/ExpoViewComponentDescriptor.cpp.o
C/C++:   cannot be safely placed under this directory.  The build may not work
C/C++:   correctly.
C/C++: CMake Warning in CMakeLists.txt:
C/C++:   The object file directory
C/C++:     D:/.pnpm-vs/goconnect/expo-modules-core@3.0.29_re_608eee6e418ac022011475ab34711ee7/node_modules/expo-modules-core/android/.cxx/RelWithDebInfo/6x2110j2/arm64-v8a/CMakeFiles/expo-modules-core.dir/./
C/C++:   has 196 characters.  The maximum full path to an object file is 250
C/C++:   characters (see CMAKE_OBJECT_PATH_MAX).  Object file
C/C++:     D_/.pnpm-vs/goconnect/expo-modules-core@3.0.29_re_608eee6e418ac022011475ab34711ee7/node_modules/expo-modules-core/common/cpp/ObjectDeallocator.cpp.o
C/C++:   cannot be safely placed under this directory.  The build may not work
C/C++:   correctly.
C/C++: CMake Warning in src/fabric/CMakeLists.txt:
C/C++:   The object file directory
C/C++:     D:/.pnpm-vs/goconnect/expo-modules-core@3.0.29_re_608eee6e418ac022011475ab34711ee7/node_modules/expo-modules-core/android/.cxx/RelWithDebInfo/6x2110j2/arm64-v8a/src/fabric/CMakeFiles/fabric.dir/./
C/C++:   has 196 characters.  The maximum full path to an object file is 250
C/C++:   characters (see CMAKE_OBJECT_PATH_MAX).  Object file
C/C++:     D_/.pnpm-vs/goconnect/expo-modules-core@3.0.29_re_608eee6e418ac022011475ab34711ee7/node_modules/expo-modules-core/common/cpp/fabric/ExpoViewComponentDescriptor.cpp.o
C/C++:   cannot be safely placed under this directory.  The build may not work
C/C++:   correctly.
C/C++: CMake Warning in CMakeLists.txt:
C/C++:   The object file directory
C/C++:     D:/.pnpm-vs/goconnect/expo-modules-core@3.0.29_re_608eee6e418ac022011475ab34711ee7/node_modules/expo-modules-core/android/.cxx/RelWithDebInfo/6x2110j2/arm64-v8a/CMakeFiles/expo-modules-core.dir/./
C/C++:   has 196 characters.  The maximum full path to an object file is 250
C/C++:   characters (see CMAKE_OBJECT_PATH_MAX).  Object file
C/C++:     D_/.pnpm-vs/goconnect/expo-modules-core@3.0.29_re_608eee6e418ac022011475ab34711ee7/node_modules/expo-modules-core/common/cpp/ObjectDeallocator.cpp.o
C/C++:   cannot be safely placed under this directory.  The build may not work
C/C++:   correctly.
C/C++: CMake Warning in src/fabric/CMakeLists.txt:
C/C++:   The object file directory
C/C++:     D:/.pnpm-vs/goconnect/expo-modules-core@3.0.29_re_608eee6e418ac022011475ab34711ee7/node_modules/expo-modules-core/android/.cxx/RelWithDebInfo/6x2110j2/arm64-v8a/src/fabric/CMakeFiles/fabric.dir/./
C/C++:   has 196 characters.  The maximum full path to an object file is 250
C/C++:   characters (see CMAKE_OBJECT_PATH_MAX).  Object file
C/C++:     D_/.pnpm-vs/goconnect/expo-modules-core@3.0.29_re_608eee6e418ac022011475ab34711ee7/node_modules/expo-modules-core/common/cpp/fabric/ExpoViewComponentDescriptor.cpp.o
C/C++:   cannot be safely placed under this directory.  The build may not work
C/C++:   correctly.
C/C++: CMake Warning in CMakeLists.txt:
C/C++:   The object file directory
C/C++:     D:/.pnpm-vs/goconnect/expo-modules-core@3.0.29_re_608eee6e418ac022011475ab34711ee7/node_modules/expo-modules-core/android/.cxx/RelWithDebInfo/6x2110j2/arm64-v8a/CMakeFiles/expo-modules-core.dir/./
C/C++:   has 196 characters.  The maximum full path to an object file is 250
C/C++:   characters (see CMAKE_OBJECT_PATH_MAX).  Object file
C/C++:     D_/.pnpm-vs/goconnect/expo-modules-core@3.0.29_re_608eee6e418ac022011475ab34711ee7/node_modules/expo-modules-core/common/cpp/ObjectDeallocator.cpp.o
C/C++:   cannot be safely placed under this directory.  The build may not work
C/C++:   correctly.
C/C++: CMake Warning in src/fabric/CMakeLists.txt:
C/C++:   The object file directory
C/C++:     D:/.pnpm-vs/goconnect/expo-modules-core@3.0.29_re_608eee6e418ac022011475ab34711ee7/node_modules/expo-modules-core/android/.cxx/RelWithDebInfo/6x2110j2/arm64-v8a/src/fabric/CMakeFiles/fabric.dir/./
C/C++:   has 196 characters.  The maximum full path to an object file is 250
C/C++:   characters (see CMAKE_OBJECT_PATH_MAX).  Object file
C/C++:     D_/.pnpm-vs/goconnect/expo-modules-core@3.0.29_re_608eee6e418ac022011475ab34711ee7/node_modules/expo-modules-core/common/cpp/fabric/ExpoViewComponentDescriptor.cpp.o
C/C++:   cannot be safely placed under this directory.  The build may not work
C/C++:   correctly.
C/C++: CMake Warning in CMakeLists.txt:
C/C++:   The object file directory
C/C++:     D:/.pnpm-vs/goconnect/expo-modules-core@3.0.29_re_608eee6e418ac022011475ab34711ee7/node_modules/expo-modules-core/android/.cxx/RelWithDebInfo/6x2110j2/arm64-v8a/CMakeFiles/expo-modules-core.dir/./
C/C++:   has 196 characters.  The maximum full path to an object file is 250
C/C++:   characters (see CMAKE_OBJECT_PATH_MAX).  Object file
C/C++:     D_/.pnpm-vs/goconnect/expo-modules-core@3.0.29_re_608eee6e418ac022011475ab34711ee7/node_modules/expo-modules-core/common/cpp/ObjectDeallocator.cpp.o
C/C++:   cannot be safely placed under this directory.  The build may not work
C/C++:   correctly.
C/C++: CMake Warning in src/fabric/CMakeLists.txt:
C/C++:   The object file directory
C/C++:     D:/.pnpm-vs/goconnect/expo-modules-core@3.0.29_re_608eee6e418ac022011475ab34711ee7/node_modules/expo-modules-core/android/.cxx/RelWithDebInfo/6x2110j2/arm64-v8a/src/fabric/CMakeFiles/fabric.dir/./
C/C++:   has 196 characters.  The maximum full path to an object file is 250
C/C++:   characters (see CMAKE_OBJECT_PATH_MAX).  Object file
C/C++:     D_/.pnpm-vs/goconnect/expo-modules-core@3.0.29_re_608eee6e418ac022011475ab34711ee7/node_modules/expo-modules-core/common/cpp/fabric/ExpoViewEventEmitter.cpp.o
C/C++:   cannot be safely placed under this directory.  The build may not work
C/C++:   correctly.
C/C++: CMake Warning in CMakeLists.txt:
C/C++:   The object file directory
C/C++:     D:/.pnpm-vs/goconnect/expo-modules-core@3.0.29_re_608eee6e418ac022011475ab34711ee7/node_modules/expo-modules-core/android/.cxx/RelWithDebInfo/6x2110j2/arm64-v8a/CMakeFiles/expo-modules-core.dir/./
C/C++:   has 196 characters.  The maximum full path to an object file is 250
C/C++:   characters (see CMAKE_OBJECT_PATH_MAX).  Object file
C/C++:     D_/.pnpm-vs/goconnect/expo-modules-core@3.0.29_re_608eee6e418ac022011475ab34711ee7/node_modules/expo-modules-core/common/cpp/ObjectDeallocator.cpp.o
C/C++:   cannot be safely placed under this directory.  The build may not work
C/C++:   correctly.
C/C++: CMake Warning in src/fabric/CMakeLists.txt:
C/C++:   The object file directory
C/C++:     D:/.pnpm-vs/goconnect/expo-modules-core@3.0.29_re_608eee6e418ac022011475ab34711ee7/node_modules/expo-modules-core/android/.cxx/RelWithDebInfo/6x2110j2/arm64-v8a/src/fabric/CMakeFiles/fabric.dir/./
C/C++:   has 196 characters.  The maximum full path to an object file is 250
C/C++:   characters (see CMAKE_OBJECT_PATH_MAX).  Object file
C/C++:     D_/.pnpm-vs/goconnect/expo-modules-core@3.0.29_re_608eee6e418ac022011475ab34711ee7/node_modules/expo-modules-core/common/cpp/fabric/ExpoViewShadowNode.cpp.o
C/C++:   cannot be safely placed under this directory.  The build may not work
C/C++:   correctly.
C/C++: CMake Warning in CMakeLists.txt:
C/C++:   The object file directory
C/C++:     D:/.pnpm-vs/goconnect/expo-modules-core@3.0.29_re_608eee6e418ac022011475ab34711ee7/node_modules/expo-modules-core/android/.cxx/RelWithDebInfo/6x2110j2/arm64-v8a/CMakeFiles/expo-modules-core.dir/./
C/C++:   has 196 characters.  The maximum full path to an object file is 250
C/C++:   characters (see CMAKE_OBJECT_PATH_MAX).  Object file
C/C++:     D_/.pnpm-vs/goconnect/expo-modules-core@3.0.29_re_608eee6e418ac022011475ab34711ee7/node_modules/expo-modules-core/common/cpp/ObjectDeallocator.cpp.o
C/C++:   cannot be safely placed under this directory.  The build may not work
C/C++:   correctly.
C/C++: CMake Warning in src/fabric/CMakeLists.txt:
C/C++:   The object file directory
C/C++:     D:/.pnpm-vs/goconnect/expo-modules-core@3.0.29_re_608eee6e418ac022011475ab34711ee7/node_modules/expo-modules-core/android/.cxx/RelWithDebInfo/6x2110j2/arm64-v8a/src/fabric/CMakeFiles/fabric.dir/./
C/C++:   has 196 characters.  The maximum full path to an object file is 250
C/C++:   characters (see CMAKE_OBJECT_PATH_MAX).  Object file
C/C++:     D_/.pnpm-vs/goconnect/expo-modules-core@3.0.29_re_608eee6e418ac022011475ab34711ee7/node_modules/expo-modules-core/common/cpp/fabric/ExpoViewShadowNode.cpp.o
C/C++:   cannot be safely placed under this directory.  The build may not work
C/C++:   correctly.
C/C++: CMake Warning in CMakeLists.txt:
C/C++:   The object file directory
C/C++:     D:/.pnpm-vs/goconnect/expo-modules-core@3.0.29_re_608eee6e418ac022011475ab34711ee7/node_modules/expo-modules-core/android/.cxx/RelWithDebInfo/6x2110j2/arm64-v8a/CMakeFiles/expo-modules-core.dir/./
C/C++:   has 196 characters.  The maximum full path to an object file is 250
C/C++:   characters (see CMAKE_OBJECT_PATH_MAX).  Object file
C/C++:     D_/.pnpm-vs/goconnect/expo-modules-core@3.0.29_re_608eee6e418ac022011475ab34711ee7/node_modules/expo-modules-core/common/cpp/ObjectDeallocator.cpp.o
C/C++:   cannot be safely placed under this directory.  The build may not work
C/C++:   correctly.
C/C++: CMake Warning in src/fabric/CMakeLists.txt:
C/C++:   The object file directory
C/C++:     D:/.pnpm-vs/goconnect/expo-modules-core@3.0.29_re_608eee6e418ac022011475ab34711ee7/node_modules/expo-modules-core/android/.cxx/RelWithDebInfo/6x2110j2/arm64-v8a/src/fabric/CMakeFiles/fabric.dir/./
C/C++:   has 196 characters.  The maximum full path to an object file is 250
C/C++:   characters (see CMAKE_OBJECT_PATH_MAX).  Object file
C/C++:     D_/.pnpm-vs/goconnect/expo-modules-core@3.0.29_re_608eee6e418ac022011475ab34711ee7/node_modules/expo-modules-core/common/cpp/fabric/ExpoViewComponentDescriptor.cpp.o
C/C++:   cannot be safely placed under this directory.  The build may not work
C/C++:   correctly.
C/C++: CMake Warning in CMakeLists.txt:
C/C++:   The object file directory
C/C++:     D:/.pnpm-vs/goconnect/expo-modules-core@3.0.29_re_608eee6e418ac022011475ab34711ee7/node_modules/expo-modules-core/android/.cxx/RelWithDebInfo/6x2110j2/arm64-v8a/CMakeFiles/expo-modules-core.dir/./
C/C++:   has 196 characters.  The maximum full path to an object file is 250
C/C++:   characters (see CMAKE_OBJECT_PATH_MAX).  Object file
C/C++:     D_/.pnpm-vs/goconnect/expo-modules-core@3.0.29_re_608eee6e418ac022011475ab34711ee7/node_modules/expo-modules-core/common/cpp/ObjectDeallocator.cpp.o
C/C++:   cannot be safely placed under this directory.  The build may not work
C/C++:   correctly.
C/C++: CMake Warning in src/fabric/CMakeLists.txt:
C/C++:   The object file directory
C/C++:     D:/.pnpm-vs/goconnect/expo-modules-core@3.0.29_re_608eee6e418ac022011475ab34711ee7/node_modules/expo-modules-core/android/.cxx/RelWithDebInfo/6x2110j2/arm64-v8a/src/fabric/CMakeFiles/fabric.dir/./
C/C++:   has 196 characters.  The maximum full path to an object file is 250
C/C++:   characters (see CMAKE_OBJECT_PATH_MAX).  Object file
C/C++:     D_/.pnpm-vs/goconnect/expo-modules-core@3.0.29_re_608eee6e418ac022011475ab34711ee7/node_modules/expo-modules-core/common/cpp/fabric/ExpoViewShadowNode.cpp.o
C/C++:   cannot be safely placed under this directory.  The build may not work
C/C++:   correctly.
C/C++: CMake Warning in CMakeLists.txt:
C/C++:   The object file directory
C/C++:     D:/.pnpm-vs/goconnect/expo-modules-core@3.0.29_re_608eee6e418ac022011475ab34711ee7/node_modules/expo-modules-core/android/.cxx/RelWithDebInfo/6x2110j2/arm64-v8a/CMakeFiles/expo-modules-core.dir/./
C/C++:   has 196 characters.  The maximum full path to an object file is 250
C/C++:   characters (see CMAKE_OBJECT_PATH_MAX).  Object file
C/C++:     D_/.pnpm-vs/goconnect/expo-modules-core@3.0.29_re_608eee6e418ac022011475ab34711ee7/node_modules/expo-modules-core/common/cpp/ObjectDeallocator.cpp.o
C/C++:   cannot be safely placed under this directory.  The build may not work
C/C++:   correctly.
C/C++: CMake Warning in src/fabric/CMakeLists.txt:
C/C++:   The object file directory
C/C++:     D:/.pnpm-vs/goconnect/expo-modules-core@3.0.29_re_608eee6e418ac022011475ab34711ee7/node_modules/expo-modules-core/android/.cxx/RelWithDebInfo/6x2110j2/arm64-v8a/src/fabric/CMakeFiles/fabric.dir/./
C/C++:   has 196 characters.  The maximum full path to an object file is 250
C/C++:   characters (see CMAKE_OBJECT_PATH_MAX).  Object file
C/C++:     D_/.pnpm-vs/goconnect/expo-modules-core@3.0.29_re_608eee6e418ac022011475ab34711ee7/node_modules/expo-modules-core/common/cpp/fabric/ExpoViewEventEmitter.cpp.o
C/C++:   cannot be safely placed under this directory.  The build may not work
C/C++:   correctly.
C/C++: CMake Warning in CMakeLists.txt:
C/C++:   The object file directory
C/C++:     D:/.pnpm-vs/goconnect/expo-modules-core@3.0.29_re_608eee6e418ac022011475ab34711ee7/node_modules/expo-modules-core/android/.cxx/RelWithDebInfo/6x2110j2/arm64-v8a/CMakeFiles/expo-modules-core.dir/./
C/C++:   has 196 characters.  The maximum full path to an object file is 250
C/C++:   characters (see CMAKE_OBJECT_PATH_MAX).  Object file
C/C++:     D_/.pnpm-vs/goconnect/expo-modules-core@3.0.29_re_608eee6e418ac022011475ab34711ee7/node_modules/expo-modules-core/common/cpp/ObjectDeallocator.cpp.o
C/C++:   cannot be safely placed under this directory.  The build may not work
C/C++:   correctly.
C/C++: CMake Warning in src/fabric/CMakeLists.txt:
C/C++:   The object file directory
C/C++:     D:/.pnpm-vs/goconnect/expo-modules-core@3.0.29_re_608eee6e418ac022011475ab34711ee7/node_modules/expo-modules-core/android/.cxx/RelWithDebInfo/6x2110j2/arm64-v8a/src/fabric/CMakeFiles/fabric.dir/./
C/C++:   has 196 characters.  The maximum full path to an object file is 250
C/C++:   characters (see CMAKE_OBJECT_PATH_MAX).  Object file
C/C++:     D_/.pnpm-vs/goconnect/expo-modules-core@3.0.29_re_608eee6e418ac022011475ab34711ee7/node_modules/expo-modules-core/common/cpp/fabric/ExpoViewComponentDescriptor.cpp.o
C/C++:   cannot be safely placed under this directory.  The build may not work
C/C++:   correctly.
C/C++: CMake Warning in CMakeLists.txt:
C/C++:   The object file directory
C/C++:     D:/.pnpm-vs/goconnect/expo-modules-core@3.0.29_re_608eee6e418ac022011475ab34711ee7/node_modules/expo-modules-core/android/.cxx/RelWithDebInfo/6x2110j2/arm64-v8a/CMakeFiles/expo-modules-core.dir/./
C/C++:   has 196 characters.  The maximum full path to an object file is 250
C/C++:   characters (see CMAKE_OBJECT_PATH_MAX).  Object file
C/C++:     D_/.pnpm-vs/goconnect/expo-modules-core@3.0.29_re_608eee6e418ac022011475ab34711ee7/node_modules/expo-modules-core/common/cpp/ObjectDeallocator.cpp.o
C/C++:   cannot be safely placed under this directory.  The build may not work
C/C++:   correctly.
C/C++: CMake Warning in src/fabric/CMakeLists.txt:
C/C++:   The object file directory
C/C++:     D:/.pnpm-vs/goconnect/expo-modules-core@3.0.29_re_608eee6e418ac022011475ab34711ee7/node_modules/expo-modules-core/android/.cxx/RelWithDebInfo/6x2110j2/arm64-v8a/src/fabric/CMakeFiles/fabric.dir/./
C/C++:   has 196 characters.  The maximum full path to an object file is 250
C/C++:   characters (see CMAKE_OBJECT_PATH_MAX).  Object file
C/C++:     D_/.pnpm-vs/goconnect/expo-modules-core@3.0.29_re_608eee6e418ac022011475ab34711ee7/node_modules/expo-modules-core/common/cpp/fabric/ExpoViewEventEmitter.cpp.o
C/C++:   cannot be safely placed under this directory.  The build may not work
C/C++:   correctly.
C/C++: CMake Warning in CMakeLists.txt:
C/C++:   The object file directory
C/C++:     D:/.pnpm-vs/goconnect/expo-modules-core@3.0.29_re_608eee6e418ac022011475ab34711ee7/node_modules/expo-modules-core/android/.cxx/RelWithDebInfo/6x2110j2/arm64-v8a/CMakeFiles/expo-modules-core.dir/./
C/C++:   has 196 characters.  The maximum full path to an object file is 250
C/C++:   characters (see CMAKE_OBJECT_PATH_MAX).  Object file
C/C++:     D_/.pnpm-vs/goconnect/expo-modules-core@3.0.29_re_608eee6e418ac022011475ab34711ee7/node_modules/expo-modules-core/common/cpp/ObjectDeallocator.cpp.o
C/C++:   cannot be safely placed under this directory.  The build may not work
C/C++:   correctly.
C/C++: CMake Warning in src/fabric/CMakeLists.txt:
C/C++:   The object file directory
C/C++:     D:/.pnpm-vs/goconnect/expo-modules-core@3.0.29_re_608eee6e418ac022011475ab34711ee7/node_modules/expo-modules-core/android/.cxx/RelWithDebInfo/6x2110j2/arm64-v8a/src/fabric/CMakeFiles/fabric.dir/./
C/C++:   has 196 characters.  The maximum full path to an object file is 250
C/C++:   characters (see CMAKE_OBJECT_PATH_MAX).  Object file
C/C++:     D_/.pnpm-vs/goconnect/expo-modules-core@3.0.29_re_608eee6e418ac022011475ab34711ee7/node_modules/expo-modules-core/common/cpp/fabric/ExpoViewShadowNode.cpp.o
C/C++:   cannot be safely placed under this directory.  The build may not work
C/C++:   correctly.
C/C++: CMake Warning in CMakeLists.txt:
C/C++:   The object file directory
C/C++:     D:/.pnpm-vs/goconnect/expo-modules-core@3.0.29_re_608eee6e418ac022011475ab34711ee7/node_modules/expo-modules-core/android/.cxx/RelWithDebInfo/6x2110j2/arm64-v8a/CMakeFiles/expo-modules-core.dir/./
C/C++:   has 196 characters.  The maximum full path to an object file is 250
C/C++:   characters (see CMAKE_OBJECT_PATH_MAX).  Object file
C/C++:     D_/.pnpm-vs/goconnect/expo-modules-core@3.0.29_re_608eee6e418ac022011475ab34711ee7/node_modules/expo-modules-core/common/cpp/ObjectDeallocator.cpp.o
C/C++:   cannot be safely placed under this directory.  The build may not work
C/C++:   correctly.
C/C++: CMake Warning in src/fabric/CMakeLists.txt:
C/C++:   The object file directory
C/C++:     D:/.pnpm-vs/goconnect/expo-modules-core@3.0.29_re_608eee6e418ac022011475ab34711ee7/node_modules/expo-modules-core/android/.cxx/RelWithDebInfo/6x2110j2/arm64-v8a/src/fabric/CMakeFiles/fabric.dir/./
C/C++:   has 196 characters.  The maximum full path to an object file is 250
C/C++:   characters (see CMAKE_OBJECT_PATH_MAX).  Object file
C/C++:     D_/.pnpm-vs/goconnect/expo-modules-core@3.0.29_re_608eee6e418ac022011475ab34711ee7/node_modules/expo-modules-core/common/cpp/fabric/ExpoViewComponentDescriptor.cpp.o
C/C++:   cannot be safely placed under this directory.  The build may not work
C/C++:   correctly.
C/C++: CMake Warning in CMakeLists.txt:
C/C++:   The object file directory
C/C++:     D:/.pnpm-vs/goconnect/expo-modules-core@3.0.29_re_608eee6e418ac022011475ab34711ee7/node_modules/expo-modules-core/android/.cxx/RelWithDebInfo/6x2110j2/arm64-v8a/CMakeFiles/expo-modules-core.dir/./
C/C++:   has 196 characters.  The maximum full path to an object file is 250
C/C++:   characters (see CMAKE_OBJECT_PATH_MAX).  Object file
C/C++:     D_/.pnpm-vs/goconnect/expo-modules-core@3.0.29_re_608eee6e418ac022011475ab34711ee7/node_modules/expo-modules-core/common/cpp/ObjectDeallocator.cpp.o
C/C++:   cannot be safely placed under this directory.  The build may not work
C/C++:   correctly.
C/C++: CMake Warning in src/fabric/CMakeLists.txt:
C/C++:   The object file directory
C/C++:     D:/.pnpm-vs/goconnect/expo-modules-core@3.0.29_re_608eee6e418ac022011475ab34711ee7/node_modules/expo-modules-core/android/.cxx/RelWithDebInfo/6x2110j2/arm64-v8a/src/fabric/CMakeFiles/fabric.dir/./
C/C++:   has 196 characters.  The maximum full path to an object file is 250
C/C++:   characters (see CMAKE_OBJECT_PATH_MAX).  Object file
C/C++:     D_/.pnpm-vs/goconnect/expo-modules-core@3.0.29_re_608eee6e418ac022011475ab34711ee7/node_modules/expo-modules-core/common/cpp/fabric/ExpoViewComponentDescriptor.cpp.o
C/C++:   cannot be safely placed under this directory.  The build may not work
C/C++:   correctly.
C/C++: CMake Warning in CMakeLists.txt:
C/C++:   The object file directory
C/C++:     D:/.pnpm-vs/goconnect/expo-modules-core@3.0.29_re_608eee6e418ac022011475ab34711ee7/node_modules/expo-modules-core/android/.cxx/RelWithDebInfo/6x2110j2/arm64-v8a/CMakeFiles/expo-modules-core.dir/./
C/C++:   has 196 characters.  The maximum full path to an object file is 250
C/C++:   characters (see CMAKE_OBJECT_PATH_MAX).  Object file
C/C++:     D_/.pnpm-vs/goconnect/expo-modules-core@3.0.29_re_608eee6e418ac022011475ab34711ee7/node_modules/expo-modules-core/common/cpp/ObjectDeallocator.cpp.o
C/C++:   cannot be safely placed under this directory.  The build may not work
C/C++:   correctly.
C/C++: CMake Warning in src/fabric/CMakeLists.txt:
C/C++:   The object file directory
C/C++:     D:/.pnpm-vs/goconnect/expo-modules-core@3.0.29_re_608eee6e418ac022011475ab34711ee7/node_modules/expo-modules-core/android/.cxx/RelWithDebInfo/6x2110j2/arm64-v8a/src/fabric/CMakeFiles/fabric.dir/./
C/C++:   has 196 characters.  The maximum full path to an object file is 250
C/C++:   characters (see CMAKE_OBJECT_PATH_MAX).  Object file
C/C++:     D_/.pnpm-vs/goconnect/expo-modules-core@3.0.29_re_608eee6e418ac022011475ab34711ee7/node_modules/expo-modules-core/common/cpp/fabric/ExpoViewComponentDescriptor.cpp.o
C/C++:   cannot be safely placed under this directory.  The build may not work
C/C++:   correctly.
C/C++: CMake Warning in CMakeLists.txt:
C/C++:   The object file directory
C/C++:     D:/.pnpm-vs/goconnect/expo-modules-core@3.0.29_re_608eee6e418ac022011475ab34711ee7/node_modules/expo-modules-core/android/.cxx/RelWithDebInfo/6x2110j2/arm64-v8a/CMakeFiles/expo-modules-core.dir/./
C/C++:   has 196 characters.  The maximum full path to an object file is 250
C/C++:   characters (see CMAKE_OBJECT_PATH_MAX).  Object file
C/C++:     src/main/cpp/decorators/JSDecoratorsBridgingObject.cpp.o
C/C++:   cannot be safely placed under this directory.  The build may not work
C/C++:   correctly.
C/C++: CMake Warning in src/fabric/CMakeLists.txt:
C/C++:   The object file directory
C/C++:     D:/.pnpm-vs/goconnect/expo-modules-core@3.0.29_re_608eee6e418ac022011475ab34711ee7/node_modules/expo-modules-core/android/.cxx/RelWithDebInfo/6x2110j2/arm64-v8a/src/fabric/CMakeFiles/fabric.dir/./
C/C++:   has 196 characters.  The maximum full path to an object file is 250
C/C++:   characters (see CMAKE_OBJECT_PATH_MAX).  Object file
C/C++:     D_/.pnpm-vs/goconnect/expo-modules-core@3.0.29_re_608eee6e418ac022011475ab34711ee7/node_modules/expo-modules-core/common/cpp/fabric/ExpoViewComponentDescriptor.cpp.o
C/C++:   cannot be safely placed under this directory.  The build may not work
C/C++:   correctly.
C/C++: CMake Warning in CMakeLists.txt:
C/C++:   The object file directory
C/C++:     D:/.pnpm-vs/goconnect/expo-modules-core@3.0.29_re_608eee6e418ac022011475ab34711ee7/node_modules/expo-modules-core/android/.cxx/RelWithDebInfo/6x2110j2/arm64-v8a/CMakeFiles/expo-modules-core.dir/./
C/C++:   has 196 characters.  The maximum full path to an object file is 250
C/C++:   characters (see CMAKE_OBJECT_PATH_MAX).  Object file
C/C++:     D_/.pnpm-vs/goconnect/expo-modules-core@3.0.29_re_608eee6e418ac022011475ab34711ee7/node_modules/expo-modules-core/common/cpp/ObjectDeallocator.cpp.o
C/C++:   cannot be safely placed under this directory.  The build may not work
C/C++:   correctly.
C/C++: CMake Warning in src/fabric/CMakeLists.txt:
C/C++:   The object file directory
C/C++:     D:/.pnpm-vs/goconnect/expo-modules-core@3.0.29_re_608eee6e418ac022011475ab34711ee7/node_modules/expo-modules-core/android/.cxx/RelWithDebInfo/6x2110j2/arm64-v8a/src/fabric/CMakeFiles/fabric.dir/./
C/C++:   has 196 characters.  The maximum full path to an object file is 250
C/C++:   characters (see CMAKE_OBJECT_PATH_MAX).  Object file
C/C++:     D_/.pnpm-vs/goconnect/expo-modules-core@3.0.29_re_608eee6e418ac022011475ab34711ee7/node_modules/expo-modules-core/common/cpp/fabric/ExpoViewComponentDescriptor.cpp.o
C/C++:   cannot be safely placed under this directory.  The build may not work
C/C++:   correctly.
C/C++: CMake Warning in CMakeLists.txt:
C/C++:   The object file directory
C/C++:     D:/.pnpm-vs/goconnect/expo-modules-core@3.0.29_re_608eee6e418ac022011475ab34711ee7/node_modules/expo-modules-core/android/.cxx/RelWithDebInfo/6x2110j2/arm64-v8a/CMakeFiles/expo-modules-core.dir/./
C/C++:   has 196 characters.  The maximum full path to an object file is 250
C/C++:   characters (see CMAKE_OBJECT_PATH_MAX).  Object file
C/C++:     D_/.pnpm-vs/goconnect/expo-modules-core@3.0.29_re_608eee6e418ac022011475ab34711ee7/node_modules/expo-modules-core/common/cpp/ObjectDeallocator.cpp.o
C/C++:   cannot be safely placed under this directory.  The build may not work
C/C++:   correctly.
C/C++: CMake Warning in src/fabric/CMakeLists.txt:
C/C++:   The object file directory
C/C++:     D:/.pnpm-vs/goconnect/expo-modules-core@3.0.29_re_608eee6e418ac022011475ab34711ee7/node_modules/expo-modules-core/android/.cxx/RelWithDebInfo/6x2110j2/arm64-v8a/src/fabric/CMakeFiles/fabric.dir/./
C/C++:   has 196 characters.  The maximum full path to an object file is 250
C/C++:   characters (see CMAKE_OBJECT_PATH_MAX).  Object file
C/C++:     D_/.pnpm-vs/goconnect/expo-modules-core@3.0.29_re_608eee6e418ac022011475ab34711ee7/node_modules/expo-modules-core/common/cpp/fabric/ExpoViewEventEmitter.cpp.o
C/C++:   cannot be safely placed under this directory.  The build may not work
C/C++:   correctly.
C/C++: CMake Warning in CMakeLists.txt:
C/C++:   The object file directory
C/C++:     D:/.pnpm-vs/goconnect/expo-modules-core@3.0.29_re_608eee6e418ac022011475ab34711ee7/node_modules/expo-modules-core/android/.cxx/RelWithDebInfo/6x2110j2/arm64-v8a/CMakeFiles/expo-modules-core.dir/./
C/C++:   has 196 characters.  The maximum full path to an object file is 250
C/C++:   characters (see CMAKE_OBJECT_PATH_MAX).  Object file
C/C++:     D_/.pnpm-vs/goconnect/expo-modules-core@3.0.29_re_608eee6e418ac022011475ab34711ee7/node_modules/expo-modules-core/common/cpp/ObjectDeallocator.cpp.o
C/C++:   cannot be safely placed under this directory.  The build may not work
C/C++:   correctly.
C/C++: CMake Warning in src/fabric/CMakeLists.txt:
C/C++:   The object file directory
C/C++:     D:/.pnpm-vs/goconnect/expo-modules-core@3.0.29_re_608eee6e418ac022011475ab34711ee7/node_modules/expo-modules-core/android/.cxx/RelWithDebInfo/6x2110j2/arm64-v8a/src/fabric/CMakeFiles/fabric.dir/./
C/C++:   has 196 characters.  The maximum full path to an object file is 250
C/C++:   characters (see CMAKE_OBJECT_PATH_MAX).  Object file
C/C++:     D_/.pnpm-vs/goconnect/expo-modules-core@3.0.29_re_608eee6e418ac022011475ab34711ee7/node_modules/expo-modules-core/common/cpp/fabric/ExpoViewComponentDescriptor.cpp.o
C/C++:   cannot be safely placed under this directory.  The build may not work
C/C++:   correctly.
C/C++: CMake Warning in CMakeLists.txt:
C/C++:   The object file directory
C/C++:     D:/.pnpm-vs/goconnect/expo-modules-core@3.0.29_re_608eee6e418ac022011475ab34711ee7/node_modules/expo-modules-core/android/.cxx/RelWithDebInfo/6x2110j2/arm64-v8a/CMakeFiles/expo-modules-core.dir/./
C/C++:   has 196 characters.  The maximum full path to an object file is 250
C/C++:   characters (see CMAKE_OBJECT_PATH_MAX).  Object file
C/C++:     src/main/cpp/decorators/JSDecoratorsBridgingObject.cpp.o
C/C++:   cannot be safely placed under this directory.  The build may not work
C/C++:   correctly.
C/C++: CMake Warning in src/fabric/CMakeLists.txt:
C/C++:   The object file directory
C/C++:     D:/.pnpm-vs/goconnect/expo-modules-core@3.0.29_re_608eee6e418ac022011475ab34711ee7/node_modules/expo-modules-core/android/.cxx/RelWithDebInfo/6x2110j2/arm64-v8a/src/fabric/CMakeFiles/fabric.dir/./
C/C++:   has 196 characters.  The maximum full path to an object file is 250
C/C++:   characters (see CMAKE_OBJECT_PATH_MAX).  Object file
C/C++:     D_/.pnpm-vs/goconnect/expo-modules-core@3.0.29_re_608eee6e418ac022011475ab34711ee7/node_modules/expo-modules-core/common/cpp/fabric/ExpoViewComponentDescriptor.cpp.o
C/C++:   cannot be safely placed under this directory.  The build may not work
C/C++:   correctly.
C/C++: CMake Warning in CMakeLists.txt:
C/C++:   The object file directory
C/C++:     D:/.pnpm-vs/goconnect/expo-modules-core@3.0.29_re_608eee6e418ac022011475ab34711ee7/node_modules/expo-modules-core/android/.cxx/RelWithDebInfo/6x2110j2/arm64-v8a/CMakeFiles/expo-modules-core.dir/./
C/C++:   has 196 characters.  The maximum full path to an object file is 250
C/C++:   characters (see CMAKE_OBJECT_PATH_MAX).  Object file
C/C++:     D_/.pnpm-vs/goconnect/expo-modules-core@3.0.29_re_608eee6e418ac022011475ab34711ee7/node_modules/expo-modules-core/common/cpp/ObjectDeallocator.cpp.o
C/C++:   cannot be safely placed under this directory.  The build may not work
C/C++:   correctly.
C/C++: CMake Warning in src/fabric/CMakeLists.txt:
C/C++:   The object file directory
C/C++:     D:/.pnpm-vs/goconnect/expo-modules-core@3.0.29_re_608eee6e418ac022011475ab34711ee7/node_modules/expo-modules-core/android/.cxx/RelWithDebInfo/6x2110j2/arm64-v8a/src/fabric/CMakeFiles/fabric.dir/./
C/C++:   has 196 characters.  The maximum full path to an object file is 250
C/C++:   characters (see CMAKE_OBJECT_PATH_MAX).  Object file
C/C++:     D_/.pnpm-vs/goconnect/expo-modules-core@3.0.29_re_608eee6e418ac022011475ab34711ee7/node_modules/expo-modules-core/common/cpp/fabric/ExpoViewComponentDescriptor.cpp.o
C/C++:   cannot be safely placed under this directory.  The build may not work
C/C++:   correctly.
C/C++: CMake Warning in CMakeLists.txt:
C/C++:   The object file directory
C/C++:     D:/.pnpm-vs/goconnect/expo-modules-core@3.0.29_re_608eee6e418ac022011475ab34711ee7/node_modules/expo-modules-core/android/.cxx/RelWithDebInfo/6x2110j2/arm64-v8a/CMakeFiles/expo-modules-core.dir/./
C/C++:   has 196 characters.  The maximum full path to an object file is 250
C/C++:   characters (see CMAKE_OBJECT_PATH_MAX).  Object file
C/C++:     D_/.pnpm-vs/goconnect/expo-modules-core@3.0.29_re_608eee6e418ac022011475ab34711ee7/node_modules/expo-modules-core/common/cpp/ObjectDeallocator.cpp.o
C/C++:   cannot be safely placed under this directory.  The build may not work
C/C++:   correctly.
C/C++: CMake Warning in src/fabric/CMakeLists.txt:
C/C++:   The object file directory
C/C++:     D:/.pnpm-vs/goconnect/expo-modules-core@3.0.29_re_608eee6e418ac022011475ab34711ee7/node_modules/expo-modules-core/android/.cxx/RelWithDebInfo/6x2110j2/arm64-v8a/src/fabric/CMakeFiles/fabric.dir/./
C/C++:   has 196 characters.  The maximum full path to an object file is 250
C/C++:   characters (see CMAKE_OBJECT_PATH_MAX).  Object file
C/C++:     D_/.pnpm-vs/goconnect/expo-modules-core@3.0.29_re_608eee6e418ac022011475ab34711ee7/node_modules/expo-modules-core/common/cpp/fabric/ExpoViewComponentDescriptor.cpp.o
C/C++:   cannot be safely placed under this directory.  The build may not work
C/C++:   correctly.
C/C++: CMake Warning in CMakeLists.txt:
C/C++:   The object file directory
C/C++:     D:/.pnpm-vs/goconnect/expo-modules-core@3.0.29_re_608eee6e418ac022011475ab34711ee7/node_modules/expo-modules-core/android/.cxx/RelWithDebInfo/6x2110j2/arm64-v8a/CMakeFiles/expo-modules-core.dir/./
C/C++:   has 196 characters.  The maximum full path to an object file is 250
C/C++:   characters (see CMAKE_OBJECT_PATH_MAX).  Object file
C/C++:     D_/.pnpm-vs/goconnect/expo-modules-core@3.0.29_re_608eee6e418ac022011475ab34711ee7/node_modules/expo-modules-core/common/cpp/ObjectDeallocator.cpp.o
C/C++:   cannot be safely placed under this directory.  The build may not work
C/C++:   correctly.
C/C++: CMake Warning in src/fabric/CMakeLists.txt:
C/C++:   The object file directory
C/C++:     D:/.pnpm-vs/goconnect/expo-modules-core@3.0.29_re_608eee6e418ac022011475ab34711ee7/node_modules/expo-modules-core/android/.cxx/RelWithDebInfo/6x2110j2/arm64-v8a/src/fabric/CMakeFiles/fabric.dir/./
C/C++:   has 196 characters.  The maximum full path to an object file is 250
C/C++:   characters (see CMAKE_OBJECT_PATH_MAX).  Object file
C/C++:     D_/.pnpm-vs/goconnect/expo-modules-core@3.0.29_re_608eee6e418ac022011475ab34711ee7/node_modules/expo-modules-core/common/cpp/fabric/ExpoViewComponentDescriptor.cpp.o
C/C++:   cannot be safely placed under this directory.  The build may not work
C/C++:   correctly.

> Task :notifee_react-native:clean
> Task :react-native-firebase_app:clean
> Task :react-native-firebase_messaging:clean
> Task :react-native-worklets:cleanCmakeCache
> Task :react-native-worklets:externalNativeBuildCleanDebug
> Task :react-native-worklets:externalNativeBuildCleanRelease
> Task :app:clean
> Task :react-native-community_netinfo:clean
> Task :react-native-async-storage_async-storage:clean
> Task :react-native-worklets:clean
> Task :react-native-safe-area-context:clean
> Task :react-native-webview:clean
> Task :react-native-svg:clean
> Task :react-native-keyboard-controller:clean
> Task :react-native-community_datetimepicker:clean

> Task :expo-modules-core:externalNativeBuildCleanRelease
C/C++: CMake Warning in CMakeLists.txt:
C/C++:   The object file directory
C/C++:     D:/.pnpm-vs/goconnect/expo-modules-core@3.0.29_re_608eee6e418ac022011475ab34711ee7/node_modules/expo-modules-core/android/.cxx/RelWithDebInfo/6x2110j2/arm64-v8a/CMakeFiles/expo-modules-core.dir/./
C/C++:   has 196 characters.  The maximum full path to an object file is 250
C/C++:   characters (see CMAKE_OBJECT_PATH_MAX).  Object file
C/C++:     D_/.pnpm-vs/goconnect/expo-modules-core@3.0.29_re_608eee6e418ac022011475ab34711ee7/node_modules/expo-modules-core/common/cpp/ObjectDeallocator.cpp.o
C/C++:   cannot be safely placed under this directory.  The build may not work
C/C++:   correctly.
C/C++: CMake Warning in src/fabric/CMakeLists.txt:
C/C++:   The object file directory
C/C++:     D:/.pnpm-vs/goconnect/expo-modules-core@3.0.29_re_608eee6e418ac022011475ab34711ee7/node_modules/expo-modules-core/android/.cxx/RelWithDebInfo/6x2110j2/arm64-v8a/src/fabric/CMakeFiles/fabric.dir/./
C/C++:   has 196 characters.  The maximum full path to an object file is 250
C/C++:   characters (see CMAKE_OBJECT_PATH_MAX).  Object file
C/C++:     D_/.pnpm-vs/goconnect/expo-modules-core@3.0.29_re_608eee6e418ac022011475ab34711ee7/node_modules/expo-modules-core/common/cpp/fabric/ExpoViewComponentDescriptor.cpp.o
C/C++:   cannot be safely placed under this directory.  The build may not work
C/C++:   correctly.
C/C++: CMake Warning in CMakeLists.txt:
C/C++:   The object file directory
C/C++:     D:/.pnpm-vs/goconnect/expo-modules-core@3.0.29_re_608eee6e418ac022011475ab34711ee7/node_modules/expo-modules-core/android/.cxx/RelWithDebInfo/6x2110j2/arm64-v8a/CMakeFiles/expo-modules-core.dir/./
C/C++:   has 196 characters.  The maximum full path to an object file is 250
C/C++:   characters (see CMAKE_OBJECT_PATH_MAX).  Object file
C/C++:     D_/.pnpm-vs/goconnect/expo-modules-core@3.0.29_re_608eee6e418ac022011475ab34711ee7/node_modules/expo-modules-core/common/cpp/ObjectDeallocator.cpp.o
C/C++:   cannot be safely placed under this directory.  The build may not work
C/C++:   correctly.
C/C++: CMake Warning in src/fabric/CMakeLists.txt:
C/C++:   The object file directory
C/C++:     D:/.pnpm-vs/goconnect/expo-modules-core@3.0.29_re_608eee6e418ac022011475ab34711ee7/node_modules/expo-modules-core/android/.cxx/RelWithDebInfo/6x2110j2/arm64-v8a/src/fabric/CMakeFiles/fabric.dir/./
C/C++:   has 196 characters.  The maximum full path to an object file is 250
C/C++:   characters (see CMAKE_OBJECT_PATH_MAX).  Object file
C/C++:     D_/.pnpm-vs/goconnect/expo-modules-core@3.0.29_re_608eee6e418ac022011475ab34711ee7/node_modules/expo-modules-core/common/cpp/fabric/ExpoViewShadowNode.cpp.o
C/C++:   cannot be safely placed under this directory.  The build may not work
C/C++:   correctly.
C/C++: CMake Warning in CMakeLists.txt:
C/C++:   The object file directory
C/C++:     D:/.pnpm-vs/goconnect/expo-modules-core@3.0.29_re_608eee6e418ac022011475ab34711ee7/node_modules/expo-modules-core/android/.cxx/RelWithDebInfo/6x2110j2/arm64-v8a/CMakeFiles/expo-modules-core.dir/./
C/C++:   has 196 characters.  The maximum full path to an object file is 250
C/C++:   characters (see CMAKE_OBJECT_PATH_MAX).  Object file
C/C++:     D_/.pnpm-vs/goconnect/expo-modules-core@3.0.29_re_608eee6e418ac022011475ab34711ee7/node_modules/expo-modules-core/common/cpp/ObjectDeallocator.cpp.o
C/C++:   cannot be safely placed under this directory.  The build may not work
C/C++:   correctly.
C/C++: CMake Warning in src/fabric/CMakeLists.txt:
C/C++:   The object file directory
C/C++:     D:/.pnpm-vs/goconnect/expo-modules-core@3.0.29_re_608eee6e418ac022011475ab34711ee7/node_modules/expo-modules-core/android/.cxx/RelWithDebInfo/6x2110j2/arm64-v8a/src/fabric/CMakeFiles/fabric.dir/./
C/C++:   has 196 characters.  The maximum full path to an object file is 250
C/C++:   characters (see CMAKE_OBJECT_PATH_MAX).  Object file
C/C++:     D_/.pnpm-vs/goconnect/expo-modules-core@3.0.29_re_608eee6e418ac022011475ab34711ee7/node_modules/expo-modules-core/common/cpp/fabric/ExpoViewComponentDescriptor.cpp.o
C/C++:   cannot be safely placed under this directory.  The build may not work
C/C++:   correctly.
C/C++: CMake Warning in CMakeLists.txt:
C/C++:   The object file directory
C/C++:     D:/.pnpm-vs/goconnect/expo-modules-core@3.0.29_re_608eee6e418ac022011475ab34711ee7/node_modules/expo-modules-core/android/.cxx/RelWithDebInfo/6x2110j2/arm64-v8a/CMakeFiles/expo-modules-core.dir/./
C/C++:   has 196 characters.  The maximum full path to an object file is 250
C/C++:   characters (see CMAKE_OBJECT_PATH_MAX).  Object file
C/C++:     src/main/cpp/decorators/JSDecoratorsBridgingObject.cpp.o
C/C++:   cannot be safely placed under this directory.  The build may not work
C/C++:   correctly.
C/C++: CMake Warning in src/fabric/CMakeLists.txt:
C/C++:   The object file directory
C/C++:     D:/.pnpm-vs/goconnect/expo-modules-core@3.0.29_re_608eee6e418ac022011475ab34711ee7/node_modules/expo-modules-core/android/.cxx/RelWithDebInfo/6x2110j2/arm64-v8a/src/fabric/CMakeFiles/fabric.dir/./
C/C++:   has 196 characters.  The maximum full path to an object file is 250
C/C++:   characters (see CMAKE_OBJECT_PATH_MAX).  Object file
C/C++:     D_/.pnpm-vs/goconnect/expo-modules-core@3.0.29_re_608eee6e418ac022011475ab34711ee7/node_modules/expo-modules-core/common/cpp/fabric/ExpoViewComponentDescriptor.cpp.o
C/C++:   cannot be safely placed under this directory.  The build may not work
C/C++:   correctly.
C/C++: CMake Warning in CMakeLists.txt:
C/C++:   The object file directory
C/C++:     D:/.pnpm-vs/goconnect/expo-modules-core@3.0.29_re_608eee6e418ac022011475ab34711ee7/node_modules/expo-modules-core/android/.cxx/RelWithDebInfo/6x2110j2/arm64-v8a/CMakeFiles/expo-modules-core.dir/./
C/C++:   has 196 characters.  The maximum full path to an object file is 250
C/C++:   characters (see CMAKE_OBJECT_PATH_MAX).  Object file
C/C++:     D_/.pnpm-vs/goconnect/expo-modules-core@3.0.29_re_608eee6e418ac022011475ab34711ee7/node_modules/expo-modules-core/common/cpp/ObjectDeallocator.cpp.o
C/C++:   cannot be safely placed under this directory.  The build may not work
C/C++:   correctly.
C/C++: CMake Warning in src/fabric/CMakeLists.txt:
C/C++:   The object file directory
C/C++:     D:/.pnpm-vs/goconnect/expo-modules-core@3.0.29_re_608eee6e418ac022011475ab34711ee7/node_modules/expo-modules-core/android/.cxx/RelWithDebInfo/6x2110j2/arm64-v8a/src/fabric/CMakeFiles/fabric.dir/./
C/C++:   has 196 characters.  The maximum full path to an object file is 250
C/C++:   characters (see CMAKE_OBJECT_PATH_MAX).  Object file
C/C++:     D_/.pnpm-vs/goconnect/expo-modules-core@3.0.29_re_608eee6e418ac022011475ab34711ee7/node_modules/expo-modules-core/common/cpp/fabric/ExpoViewComponentDescriptor.cpp.o
C/C++:   cannot be safely placed under this directory.  The build may not work
C/C++:   correctly.
C/C++: CMake Warning in CMakeLists.txt:
C/C++:   The object file directory
C/C++:     D:/.pnpm-vs/goconnect/expo-modules-core@3.0.29_re_608eee6e418ac022011475ab34711ee7/node_modules/expo-modules-core/android/.cxx/RelWithDebInfo/6x2110j2/arm64-v8a/CMakeFiles/expo-modules-core.dir/./
C/C++:   has 196 characters.  The maximum full path to an object file is 250
C/C++:   characters (see CMAKE_OBJECT_PATH_MAX).  Object file
C/C++:     D_/.pnpm-vs/goconnect/expo-modules-core@3.0.29_re_608eee6e418ac022011475ab34711ee7/node_modules/expo-modules-core/common/cpp/ObjectDeallocator.cpp.o
C/C++:   cannot be safely placed under this directory.  The build may not work
C/C++:   correctly.
C/C++: CMake Warning in src/fabric/CMakeLists.txt:
C/C++:   The object file directory
C/C++:     D:/.pnpm-vs/goconnect/expo-modules-core@3.0.29_re_608eee6e418ac022011475ab34711ee7/node_modules/expo-modules-core/android/.cxx/RelWithDebInfo/6x2110j2/arm64-v8a/src/fabric/CMakeFiles/fabric.dir/./
C/C++:   has 196 characters.  The maximum full path to an object file is 250
C/C++:   characters (see CMAKE_OBJECT_PATH_MAX).  Object file
C/C++:     D_/.pnpm-vs/goconnect/expo-modules-core@3.0.29_re_608eee6e418ac022011475ab34711ee7/node_modules/expo-modules-core/common/cpp/fabric/ExpoViewComponentDescriptor.cpp.o
C/C++:   cannot be safely placed under this directory.  The build may not work
C/C++:   correctly.
C/C++: CMake Warning in CMakeLists.txt:
C/C++:   The object file directory
C/C++:     D:/.pnpm-vs/goconnect/expo-modules-core@3.0.29_re_608eee6e418ac022011475ab34711ee7/node_modules/expo-modules-core/android/.cxx/RelWithDebInfo/6x2110j2/arm64-v8a/CMakeFiles/expo-modules-core.dir/./
C/C++:   has 196 characters.  The maximum full path to an object file is 250
C/C++:   characters (see CMAKE_OBJECT_PATH_MAX).  Object file
C/C++:     D_/.pnpm-vs/goconnect/expo-modules-core@3.0.29_re_608eee6e418ac022011475ab34711ee7/node_modules/expo-modules-core/common/cpp/ObjectDeallocator.cpp.o
C/C++:   cannot be safely placed under this directory.  The build may not work
C/C++:   correctly.
C/C++: CMake Warning in src/fabric/CMakeLists.txt:
C/C++:   The object file directory
C/C++:     D:/.pnpm-vs/goconnect/expo-modules-core@3.0.29_re_608eee6e418ac022011475ab34711ee7/node_modules/expo-modules-core/android/.cxx/RelWithDebInfo/6x2110j2/arm64-v8a/src/fabric/CMakeFiles/fabric.dir/./
C/C++:   has 196 characters.  The maximum full path to an object file is 250
C/C++:   characters (see CMAKE_OBJECT_PATH_MAX).  Object file
C/C++:     D_/.pnpm-vs/goconnect/expo-modules-core@3.0.29_re_608eee6e418ac022011475ab34711ee7/node_modules/expo-modules-core/common/cpp/fabric/ExpoViewComponentDescriptor.cpp.o
C/C++:   cannot be safely placed under this directory.  The build may not work
C/C++:   correctly.
C/C++: CMake Warning in CMakeLists.txt:
C/C++:   The object file directory
C/C++:     D:/.pnpm-vs/goconnect/expo-modules-core@3.0.29_re_608eee6e418ac022011475ab34711ee7/node_modules/expo-modules-core/android/.cxx/RelWithDebInfo/6x2110j2/arm64-v8a/CMakeFiles/expo-modules-core.dir/./
C/C++:   has 196 characters.  The maximum full path to an object file is 250
C/C++:   characters (see CMAKE_OBJECT_PATH_MAX).  Object file
C/C++:     D_/.pnpm-vs/goconnect/expo-modules-core@3.0.29_re_608eee6e418ac022011475ab34711ee7/node_modules/expo-modules-core/common/cpp/ObjectDeallocator.cpp.o
C/C++:   cannot be safely placed under this directory.  The build may not work
C/C++:   correctly.
C/C++: CMake Warning in src/fabric/CMakeLists.txt:
C/C++:   The object file directory
C/C++:     D:/.pnpm-vs/goconnect/expo-modules-core@3.0.29_re_608eee6e418ac022011475ab34711ee7/node_modules/expo-modules-core/android/.cxx/RelWithDebInfo/6x2110j2/arm64-v8a/src/fabric/CMakeFiles/fabric.dir/./
C/C++:   has 196 characters.  The maximum full path to an object file is 250
C/C++:   characters (see CMAKE_OBJECT_PATH_MAX).  Object file
C/C++:     D_/.pnpm-vs/goconnect/expo-modules-core@3.0.29_re_608eee6e418ac022011475ab34711ee7/node_modules/expo-modules-core/common/cpp/fabric/ExpoViewEventEmitter.cpp.o
C/C++:   cannot be safely placed under this directory.  The build may not work
C/C++:   correctly.
C/C++: CMake Warning in CMakeLists.txt:
C/C++:   The object file directory
C/C++:     D:/.pnpm-vs/goconnect/expo-modules-core@3.0.29_re_608eee6e418ac022011475ab34711ee7/node_modules/expo-modules-core/android/.cxx/RelWithDebInfo/6x2110j2/arm64-v8a/CMakeFiles/expo-modules-core.dir/./
C/C++:   has 196 characters.  The maximum full path to an object file is 250
C/C++:   characters (see CMAKE_OBJECT_PATH_MAX).  Object file
C/C++:     D_/.pnpm-vs/goconnect/expo-modules-core@3.0.29_re_608eee6e418ac022011475ab34711ee7/node_modules/expo-modules-core/common/cpp/ObjectDeallocator.cpp.o
C/C++:   cannot be safely placed under this directory.  The build may not work
C/C++:   correctly.
C/C++: CMake Warning in src/fabric/CMakeLists.txt:
C/C++:   The object file directory
C/C++:     D:/.pnpm-vs/goconnect/expo-modules-core@3.0.29_re_608eee6e418ac022011475ab34711ee7/node_modules/expo-modules-core/android/.cxx/RelWithDebInfo/6x2110j2/arm64-v8a/src/fabric/CMakeFiles/fabric.dir/./
C/C++:   has 196 characters.  The maximum full path to an object file is 250
C/C++:   characters (see CMAKE_OBJECT_PATH_MAX).  Object file
C/C++:     D_/.pnpm-vs/goconnect/expo-modules-core@3.0.29_re_608eee6e418ac022011475ab34711ee7/node_modules/expo-modules-core/common/cpp/fabric/ExpoViewComponentDescriptor.cpp.o
C/C++:   cannot be safely placed under this directory.  The build may not work
C/C++:   correctly.
C/C++: CMake Warning in CMakeLists.txt:
C/C++:   The object file directory
C/C++:     D:/.pnpm-vs/goconnect/expo-modules-core@3.0.29_re_608eee6e418ac022011475ab34711ee7/node_modules/expo-modules-core/android/.cxx/RelWithDebInfo/6x2110j2/arm64-v8a/CMakeFiles/expo-modules-core.dir/./
C/C++:   has 196 characters.  The maximum full path to an object file is 250
C/C++:   characters (see CMAKE_OBJECT_PATH_MAX).  Object file
C/C++:     D_/.pnpm-vs/goconnect/expo-modules-core@3.0.29_re_608eee6e418ac022011475ab34711ee7/node_modules/expo-modules-core/common/cpp/ObjectDeallocator.cpp.o
C/C++:   cannot be safely placed under this directory.  The build may not work
C/C++:   correctly.
C/C++: CMake Warning in src/fabric/CMakeLists.txt:
C/C++:   The object file directory
C/C++:     D:/.pnpm-vs/goconnect/expo-modules-core@3.0.29_re_608eee6e418ac022011475ab34711ee7/node_modules/expo-modules-core/android/.cxx/RelWithDebInfo/6x2110j2/arm64-v8a/src/fabric/CMakeFiles/fabric.dir/./
C/C++:   has 196 characters.  The maximum full path to an object file is 250
C/C++:   characters (see CMAKE_OBJECT_PATH_MAX).  Object file
C/C++:     D_/.pnpm-vs/goconnect/expo-modules-core@3.0.29_re_608eee6e418ac022011475ab34711ee7/node_modules/expo-modules-core/common/cpp/fabric/ExpoViewEventEmitter.cpp.o
C/C++:   cannot be safely placed under this directory.  The build may not work
C/C++:   correctly.
C/C++: CMake Warning in CMakeLists.txt:
C/C++:   The object file directory
C/C++:     D:/.pnpm-vs/goconnect/expo-modules-core@3.0.29_re_608eee6e418ac022011475ab34711ee7/node_modules/expo-modules-core/android/.cxx/RelWithDebInfo/6x2110j2/arm64-v8a/CMakeFiles/expo-modules-core.dir/./
C/C++:   has 196 characters.  The maximum full path to an object file is 250
C/C++:   characters (see CMAKE_OBJECT_PATH_MAX).  Object file
C/C++:     D_/.pnpm-vs/goconnect/expo-modules-core@3.0.29_re_608eee6e418ac022011475ab34711ee7/node_modules/expo-modules-core/common/cpp/ObjectDeallocator.cpp.o
C/C++:   cannot be safely placed under this directory.  The build may not work
C/C++:   correctly.
C/C++: CMake Warning in src/fabric/CMakeLists.txt:
C/C++:   The object file directory
C/C++:     D:/.pnpm-vs/goconnect/expo-modules-core@3.0.29_re_608eee6e418ac022011475ab34711ee7/node_modules/expo-modules-core/android/.cxx/RelWithDebInfo/6x2110j2/arm64-v8a/src/fabric/CMakeFiles/fabric.dir/./
C/C++:   has 196 characters.  The maximum full path to an object file is 250
C/C++:   characters (see CMAKE_OBJECT_PATH_MAX).  Object file
C/C++:     D_/.pnpm-vs/goconnect/expo-modules-core@3.0.29_re_608eee6e418ac022011475ab34711ee7/node_modules/expo-modules-core/common/cpp/fabric/ExpoViewComponentDescriptor.cpp.o
C/C++:   cannot be safely placed under this directory.  The build may not work
C/C++:   correctly.
C/C++: CMake Warning in CMakeLists.txt:
C/C++:   The object file directory
C/C++:     D:/.pnpm-vs/goconnect/expo-modules-core@3.0.29_re_608eee6e418ac022011475ab34711ee7/node_modules/expo-modules-core/android/.cxx/RelWithDebInfo/6x2110j2/arm64-v8a/CMakeFiles/expo-modules-core.dir/./
C/C++:   has 196 characters.  The maximum full path to an object file is 250
C/C++:   characters (see CMAKE_OBJECT_PATH_MAX).  Object file
C/C++:     D_/.pnpm-vs/goconnect/expo-modules-core@3.0.29_re_608eee6e418ac022011475ab34711ee7/node_modules/expo-modules-core/common/cpp/ObjectDeallocator.cpp.o
C/C++:   cannot be safely placed under this directory.  The build may not work
C/C++:   correctly.
C/C++: CMake Warning in src/fabric/CMakeLists.txt:
C/C++:   The object file directory
C/C++:     D:/.pnpm-vs/goconnect/expo-modules-core@3.0.29_re_608eee6e418ac022011475ab34711ee7/node_modules/expo-modules-core/android/.cxx/RelWithDebInfo/6x2110j2/arm64-v8a/src/fabric/CMakeFiles/fabric.dir/./
C/C++:   has 196 characters.  The maximum full path to an object file is 250
C/C++:   characters (see CMAKE_OBJECT_PATH_MAX).  Object file
C/C++:     D_/.pnpm-vs/goconnect/expo-modules-core@3.0.29_re_608eee6e418ac022011475ab34711ee7/node_modules/expo-modules-core/common/cpp/fabric/ExpoViewShadowNode.cpp.o
C/C++:   cannot be safely placed under this directory.  The build may not work
C/C++:   correctly.
C/C++: CMake Warning in CMakeLists.txt:
C/C++:   The object file directory
C/C++:     D:/.pnpm-vs/goconnect/expo-modules-core@3.0.29_re_608eee6e418ac022011475ab34711ee7/node_modules/expo-modules-core/android/.cxx/RelWithDebInfo/6x2110j2/arm64-v8a/CMakeFiles/expo-modules-core.dir/./
C/C++:   has 196 characters.  The maximum full path to an object file is 250
C/C++:   characters (see CMAKE_OBJECT_PATH_MAX).  Object file
C/C++:     D_/.pnpm-vs/goconnect/expo-modules-core@3.0.29_re_608eee6e418ac022011475ab34711ee7/node_modules/expo-modules-core/common/cpp/ObjectDeallocator.cpp.o
C/C++:   cannot be safely placed under this directory.  The build may not work
C/C++:   correctly.
C/C++: CMake Warning in src/fabric/CMakeLists.txt:
C/C++:   The object file directory
C/C++:     D:/.pnpm-vs/goconnect/expo-modules-core@3.0.29_re_608eee6e418ac022011475ab34711ee7/node_modules/expo-modules-core/android/.cxx/RelWithDebInfo/6x2110j2/arm64-v8a/src/fabric/CMakeFiles/fabric.dir/./
C/C++:   has 196 characters.  The maximum full path to an object file is 250
C/C++:   characters (see CMAKE_OBJECT_PATH_MAX).  Object file
C/C++:     D_/.pnpm-vs/goconnect/expo-modules-core@3.0.29_re_608eee6e418ac022011475ab34711ee7/node_modules/expo-modules-core/common/cpp/fabric/ExpoViewComponentDescriptor.cpp.o
C/C++:   cannot be safely placed under this directory.  The build may not work
C/C++:   correctly.
C/C++: CMake Warning in CMakeLists.txt:
C/C++:   The object file directory
C/C++:     D:/.pnpm-vs/goconnect/expo-modules-core@3.0.29_re_608eee6e418ac022011475ab34711ee7/node_modules/expo-modules-core/android/.cxx/RelWithDebInfo/6x2110j2/arm64-v8a/CMakeFiles/expo-modules-core.dir/./
C/C++:   has 196 characters.  The maximum full path to an object file is 250
C/C++:   characters (see CMAKE_OBJECT_PATH_MAX).  Object file
C/C++:     D_/.pnpm-vs/goconnect/expo-modules-core@3.0.29_re_608eee6e418ac022011475ab34711ee7/node_modules/expo-modules-core/common/cpp/ObjectDeallocator.cpp.o
C/C++:   cannot be safely placed under this directory.  The build may not work
C/C++:   correctly.
C/C++: CMake Warning in src/fabric/CMakeLists.txt:
C/C++:   The object file directory
C/C++:     D:/.pnpm-vs/goconnect/expo-modules-core@3.0.29_re_608eee6e418ac022011475ab34711ee7/node_modules/expo-modules-core/android/.cxx/RelWithDebInfo/6x2110j2/arm64-v8a/src/fabric/CMakeFiles/fabric.dir/./
C/C++:   has 196 characters.  The maximum full path to an object file is 250
C/C++:   characters (see CMAKE_OBJECT_PATH_MAX).  Object file
C/C++:     D_/.pnpm-vs/goconnect/expo-modules-core@3.0.29_re_608eee6e418ac022011475ab34711ee7/node_modules/expo-modules-core/common/cpp/fabric/ExpoViewShadowNode.cpp.o
C/C++:   cannot be safely placed under this directory.  The build may not work
C/C++:   correctly.
C/C++: CMake Warning in CMakeLists.txt:
C/C++:   The object file directory
C/C++:     D:/.pnpm-vs/goconnect/expo-modules-core@3.0.29_re_608eee6e418ac022011475ab34711ee7/node_modules/expo-modules-core/android/.cxx/RelWithDebInfo/6x2110j2/arm64-v8a/CMakeFiles/expo-modules-core.dir/./
C/C++:   has 196 characters.  The maximum full path to an object file is 250
C/C++:   characters (see CMAKE_OBJECT_PATH_MAX).  Object file
C/C++:     D_/.pnpm-vs/goconnect/expo-modules-core@3.0.29_re_608eee6e418ac022011475ab34711ee7/node_modules/expo-modules-core/common/cpp/ObjectDeallocator.cpp.o
C/C++:   cannot be safely placed under this directory.  The build may not work
C/C++:   correctly.
C/C++: CMake Warning in src/fabric/CMakeLists.txt:
C/C++:   The object file directory
C/C++:     D:/.pnpm-vs/goconnect/expo-modules-core@3.0.29_re_608eee6e418ac022011475ab34711ee7/node_modules/expo-modules-core/android/.cxx/RelWithDebInfo/6x2110j2/arm64-v8a/src/fabric/CMakeFiles/fabric.dir/./
C/C++:   has 196 characters.  The maximum full path to an object file is 250
C/C++:   characters (see CMAKE_OBJECT_PATH_MAX).  Object file
C/C++:     D_/.pnpm-vs/goconnect/expo-modules-core@3.0.29_re_608eee6e418ac022011475ab34711ee7/node_modules/expo-modules-core/common/cpp/fabric/ExpoViewShadowNode.cpp.o
C/C++:   cannot be safely placed under this directory.  The build may not work
C/C++:   correctly.
C/C++: CMake Warning in CMakeLists.txt:
C/C++:   The object file directory
C/C++:     D:/.pnpm-vs/goconnect/expo-modules-core@3.0.29_re_608eee6e418ac022011475ab34711ee7/node_modules/expo-modules-core/android/.cxx/RelWithDebInfo/6x2110j2/arm64-v8a/CMakeFiles/expo-modules-core.dir/./
C/C++:   has 196 characters.  The maximum full path to an object file is 250
C/C++:   characters (see CMAKE_OBJECT_PATH_MAX).  Object file
C/C++:     D_/.pnpm-vs/goconnect/expo-modules-core@3.0.29_re_608eee6e418ac022011475ab34711ee7/node_modules/expo-modules-core/common/cpp/ObjectDeallocator.cpp.o
C/C++:   cannot be safely placed under this directory.  The build may not work
C/C++:   correctly.
C/C++: CMake Warning in src/fabric/CMakeLists.txt:
C/C++:   The object file directory
C/C++:     D:/.pnpm-vs/goconnect/expo-modules-core@3.0.29_re_608eee6e418ac022011475ab34711ee7/node_modules/expo-modules-core/android/.cxx/RelWithDebInfo/6x2110j2/arm64-v8a/src/fabric/CMakeFiles/fabric.dir/./
C/C++:   has 196 characters.  The maximum full path to an object file is 250
C/C++:   characters (see CMAKE_OBJECT_PATH_MAX).  Object file
C/C++:     D_/.pnpm-vs/goconnect/expo-modules-core@3.0.29_re_608eee6e418ac022011475ab34711ee7/node_modules/expo-modules-core/common/cpp/fabric/ExpoViewComponentDescriptor.cpp.o
C/C++:   cannot be safely placed under this directory.  The build may not work
C/C++:   correctly.
C/C++: CMake Warning in CMakeLists.txt:
C/C++:   The object file directory
C/C++:     D:/.pnpm-vs/goconnect/expo-modules-core@3.0.29_re_608eee6e418ac022011475ab34711ee7/node_modules/expo-modules-core/android/.cxx/RelWithDebInfo/6x2110j2/arm64-v8a/CMakeFiles/expo-modules-core.dir/./
C/C++:   has 196 characters.  The maximum full path to an object file is 250
C/C++:   characters (see CMAKE_OBJECT_PATH_MAX).  Object file
C/C++:     D_/.pnpm-vs/goconnect/expo-modules-core@3.0.29_re_608eee6e418ac022011475ab34711ee7/node_modules/expo-modules-core/common/cpp/ObjectDeallocator.cpp.o
C/C++:   cannot be safely placed under this directory.  The build may not work
C/C++:   correctly.
C/C++: CMake Warning in src/fabric/CMakeLists.txt:
C/C++:   The object file directory
C/C++:     D:/.pnpm-vs/goconnect/expo-modules-core@3.0.29_re_608eee6e418ac022011475ab34711ee7/node_modules/expo-modules-core/android/.cxx/RelWithDebInfo/6x2110j2/arm64-v8a/src/fabric/CMakeFiles/fabric.dir/./
C/C++:   has 196 characters.  The maximum full path to an object file is 250
C/C++:   characters (see CMAKE_OBJECT_PATH_MAX).  Object file
C/C++:     D_/.pnpm-vs/goconnect/expo-modules-core@3.0.29_re_608eee6e418ac022011475ab34711ee7/node_modules/expo-modules-core/common/cpp/fabric/ExpoViewEventEmitter.cpp.o
C/C++:   cannot be safely placed under this directory.  The build may not work
C/C++:   correctly.
C/C++: CMake Warning in CMakeLists.txt:
C/C++:   The object file directory
C/C++:     D:/.pnpm-vs/goconnect/expo-modules-core@3.0.29_re_608eee6e418ac022011475ab34711ee7/node_modules/expo-modules-core/android/.cxx/RelWithDebInfo/6x2110j2/arm64-v8a/CMakeFiles/expo-modules-core.dir/./
C/C++:   has 196 characters.  The maximum full path to an object file is 250
C/C++:   characters (see CMAKE_OBJECT_PATH_MAX).  Object file
C/C++:     D_/.pnpm-vs/goconnect/expo-modules-core@3.0.29_re_608eee6e418ac022011475ab34711ee7/node_modules/expo-modules-core/common/cpp/ObjectDeallocator.cpp.o
C/C++:   cannot be safely placed under this directory.  The build may not work
C/C++:   correctly.
C/C++: CMake Warning in src/fabric/CMakeLists.txt:
C/C++:   The object file directory
C/C++:     D:/.pnpm-vs/goconnect/expo-modules-core@3.0.29_re_608eee6e418ac022011475ab34711ee7/node_modules/expo-modules-core/android/.cxx/RelWithDebInfo/6x2110j2/arm64-v8a/src/fabric/CMakeFiles/fabric.dir/./
C/C++:   has 196 characters.  The maximum full path to an object file is 250
C/C++:   characters (see CMAKE_OBJECT_PATH_MAX).  Object file
C/C++:     D_/.pnpm-vs/goconnect/expo-modules-core@3.0.29_re_608eee6e418ac022011475ab34711ee7/node_modules/expo-modules-core/common/cpp/fabric/ExpoViewComponentDescriptor.cpp.o
C/C++:   cannot be safely placed under this directory.  The build may not work
C/C++:   correctly.
C/C++: CMake Warning in CMakeLists.txt:
C/C++:   The object file directory
C/C++:     D:/.pnpm-vs/goconnect/expo-modules-core@3.0.29_re_608eee6e418ac022011475ab34711ee7/node_modules/expo-modules-core/android/.cxx/RelWithDebInfo/6x2110j2/arm64-v8a/CMakeFiles/expo-modules-core.dir/./
C/C++:   has 196 characters.  The maximum full path to an object file is 250
C/C++:   characters (see CMAKE_OBJECT_PATH_MAX).  Object file
C/C++:     D_/.pnpm-vs/goconnect/expo-modules-core@3.0.29_re_608eee6e418ac022011475ab34711ee7/node_modules/expo-modules-core/common/cpp/ObjectDeallocator.cpp.o
C/C++:   cannot be safely placed under this directory.  The build may not work
C/C++:   correctly.
C/C++: CMake Warning in src/fabric/CMakeLists.txt:
C/C++:   The object file directory
C/C++:     D:/.pnpm-vs/goconnect/expo-modules-core@3.0.29_re_608eee6e418ac022011475ab34711ee7/node_modules/expo-modules-core/android/.cxx/RelWithDebInfo/6x2110j2/arm64-v8a/src/fabric/CMakeFiles/fabric.dir/./
C/C++:   has 196 characters.  The maximum full path to an object file is 250
C/C++:   characters (see CMAKE_OBJECT_PATH_MAX).  Object file
C/C++:     D_/.pnpm-vs/goconnect/expo-modules-core@3.0.29_re_608eee6e418ac022011475ab34711ee7/node_modules/expo-modules-core/common/cpp/fabric/ExpoViewComponentDescriptor.cpp.o
C/C++:   cannot be safely placed under this directory.  The build may not work
C/C++:   correctly.
C/C++: CMake Warning in CMakeLists.txt:
C/C++:   The object file directory
C/C++:     D:/.pnpm-vs/goconnect/expo-modules-core@3.0.29_re_608eee6e418ac022011475ab34711ee7/node_modules/expo-modules-core/android/.cxx/RelWithDebInfo/6x2110j2/arm64-v8a/CMakeFiles/expo-modules-core.dir/./
C/C++:   has 196 characters.  The maximum full path to an object file is 250
C/C++:   characters (see CMAKE_OBJECT_PATH_MAX).  Object file
C/C++:     D_/.pnpm-vs/goconnect/expo-modules-core@3.0.29_re_608eee6e418ac022011475ab34711ee7/node_modules/expo-modules-core/common/cpp/ObjectDeallocator.cpp.o
C/C++:   cannot be safely placed under this directory.  The build may not work
C/C++:   correctly.
C/C++: CMake Warning in src/fabric/CMakeLists.txt:
C/C++:   The object file directory
C/C++:     D:/.pnpm-vs/goconnect/expo-modules-core@3.0.29_re_608eee6e418ac022011475ab34711ee7/node_modules/expo-modules-core/android/.cxx/RelWithDebInfo/6x2110j2/arm64-v8a/src/fabric/CMakeFiles/fabric.dir/./
C/C++:   has 196 characters.  The maximum full path to an object file is 250
C/C++:   characters (see CMAKE_OBJECT_PATH_MAX).  Object file
C/C++:     D_/.pnpm-vs/goconnect/expo-modules-core@3.0.29_re_608eee6e418ac022011475ab34711ee7/node_modules/expo-modules-core/common/cpp/fabric/ExpoViewComponentDescriptor.cpp.o
C/C++:   cannot be safely placed under this directory.  The build may not work
C/C++:   correctly.
C/C++: CMake Warning in CMakeLists.txt:
C/C++:   The object file directory
C/C++:     D:/.pnpm-vs/goconnect/expo-modules-core@3.0.29_re_608eee6e418ac022011475ab34711ee7/node_modules/expo-modules-core/android/.cxx/RelWithDebInfo/6x2110j2/arm64-v8a/CMakeFiles/expo-modules-core.dir/./
C/C++:   has 196 characters.  The maximum full path to an object file is 250
C/C++:   characters (see CMAKE_OBJECT_PATH_MAX).  Object file
C/C++:     D_/.pnpm-vs/goconnect/expo-modules-core@3.0.29_re_608eee6e418ac022011475ab34711ee7/node_modules/expo-modules-core/common/cpp/ObjectDeallocator.cpp.o
C/C++:   cannot be safely placed under this directory.  The build may not work
C/C++:   correctly.
C/C++: CMake Warning in src/fabric/CMakeLists.txt:
C/C++:   The object file directory
C/C++:     D:/.pnpm-vs/goconnect/expo-modules-core@3.0.29_re_608eee6e418ac022011475ab34711ee7/node_modules/expo-modules-core/android/.cxx/RelWithDebInfo/6x2110j2/arm64-v8a/src/fabric/CMakeFiles/fabric.dir/./
C/C++:   has 196 characters.  The maximum full path to an object file is 250
C/C++:   characters (see CMAKE_OBJECT_PATH_MAX).  Object file
C/C++:     D_/.pnpm-vs/goconnect/expo-modules-core@3.0.29_re_608eee6e418ac022011475ab34711ee7/node_modules/expo-modules-core/common/cpp/fabric/ExpoViewComponentDescriptor.cpp.o
C/C++:   cannot be safely placed under this directory.  The build may not work
C/C++:   correctly.
C/C++: CMake Warning in CMakeLists.txt:
C/C++:   The object file directory
C/C++:     D:/.pnpm-vs/goconnect/expo-modules-core@3.0.29_re_608eee6e418ac022011475ab34711ee7/node_modules/expo-modules-core/android/.cxx/RelWithDebInfo/6x2110j2/arm64-v8a/CMakeFiles/expo-modules-core.dir/./
C/C++:   has 196 characters.  The maximum full path to an object file is 250
C/C++:   characters (see CMAKE_OBJECT_PATH_MAX).  Object file
C/C++:     D_/.pnpm-vs/goconnect/expo-modules-core@3.0.29_re_608eee6e418ac022011475ab34711ee7/node_modules/expo-modules-core/common/cpp/ObjectDeallocator.cpp.o
C/C++:   cannot be safely placed under this directory.  The build may not work
C/C++:   correctly.
C/C++: CMake Warning in src/fabric/CMakeLists.txt:
C/C++:   The object file directory
C/C++:     D:/.pnpm-vs/goconnect/expo-modules-core@3.0.29_re_608eee6e418ac022011475ab34711ee7/node_modules/expo-modules-core/android/.cxx/RelWithDebInfo/6x2110j2/arm64-v8a/src/fabric/CMakeFiles/fabric.dir/./
C/C++:   has 196 characters.  The maximum full path to an object file is 250
C/C++:   characters (see CMAKE_OBJECT_PATH_MAX).  Object file
C/C++:     D_/.pnpm-vs/goconnect/expo-modules-core@3.0.29_re_608eee6e418ac022011475ab34711ee7/node_modules/expo-modules-core/common/cpp/fabric/ExpoViewComponentDescriptor.cpp.o
C/C++:   cannot be safely placed under this directory.  The build may not work
C/C++:   correctly.
C/C++: CMake Warning in CMakeLists.txt:
C/C++:   The object file directory
C/C++:     D:/.pnpm-vs/goconnect/expo-modules-core@3.0.29_re_608eee6e418ac022011475ab34711ee7/node_modules/expo-modules-core/android/.cxx/RelWithDebInfo/6x2110j2/arm64-v8a/CMakeFiles/expo-modules-core.dir/./
C/C++:   has 196 characters.  The maximum full path to an object file is 250
C/C++:   characters (see CMAKE_OBJECT_PATH_MAX).  Object file
C/C++:     D_/.pnpm-vs/goconnect/expo-modules-core@3.0.29_re_608eee6e418ac022011475ab34711ee7/node_modules/expo-modules-core/common/cpp/ObjectDeallocator.cpp.o
C/C++:   cannot be safely placed under this directory.  The build may not work
C/C++:   correctly.
C/C++: CMake Warning in src/fabric/CMakeLists.txt:
C/C++:   The object file directory
C/C++:     D:/.pnpm-vs/goconnect/expo-modules-core@3.0.29_re_608eee6e418ac022011475ab34711ee7/node_modules/expo-modules-core/android/.cxx/RelWithDebInfo/6x2110j2/arm64-v8a/src/fabric/CMakeFiles/fabric.dir/./
C/C++:   has 196 characters.  The maximum full path to an object file is 250
C/C++:   characters (see CMAKE_OBJECT_PATH_MAX).  Object file
C/C++:     D_/.pnpm-vs/goconnect/expo-modules-core@3.0.29_re_608eee6e418ac022011475ab34711ee7/node_modules/expo-modules-core/common/cpp/fabric/ExpoViewComponentDescriptor.cpp.o
C/C++:   cannot be safely placed under this directory.  The build may not work
C/C++:   correctly.
C/C++: CMake Warning in CMakeLists.txt:
C/C++:   The object file directory
C/C++:     D:/.pnpm-vs/goconnect/expo-modules-core@3.0.29_re_608eee6e418ac022011475ab34711ee7/node_modules/expo-modules-core/android/.cxx/RelWithDebInfo/6x2110j2/arm64-v8a/CMakeFiles/expo-modules-core.dir/./
C/C++:   has 196 characters.  The maximum full path to an object file is 250
C/C++:   characters (see CMAKE_OBJECT_PATH_MAX).  Object file
C/C++:     D_/.pnpm-vs/goconnect/expo-modules-core@3.0.29_re_608eee6e418ac022011475ab34711ee7/node_modules/expo-modules-core/common/cpp/ObjectDeallocator.cpp.o
C/C++:   cannot be safely placed under this directory.  The build may not work
C/C++:   correctly.
C/C++: CMake Warning in src/fabric/CMakeLists.txt:
C/C++:   The object file directory
C/C++:     D:/.pnpm-vs/goconnect/expo-modules-core@3.0.29_re_608eee6e418ac022011475ab34711ee7/node_modules/expo-modules-core/android/.cxx/RelWithDebInfo/6x2110j2/arm64-v8a/src/fabric/CMakeFiles/fabric.dir/./
C/C++:   has 196 characters.  The maximum full path to an object file is 250
C/C++:   characters (see CMAKE_OBJECT_PATH_MAX).  Object file
C/C++:     D_/.pnpm-vs/goconnect/expo-modules-core@3.0.29_re_608eee6e418ac022011475ab34711ee7/node_modules/expo-modules-core/common/cpp/fabric/ExpoViewComponentDescriptor.cpp.o
C/C++:   cannot be safely placed under this directory.  The build may not work
C/C++:   correctly.
C/C++: CMake Warning in CMakeLists.txt:
C/C++:   The object file directory
C/C++:     D:/.pnpm-vs/goconnect/expo-modules-core@3.0.29_re_608eee6e418ac022011475ab34711ee7/node_modules/expo-modules-core/android/.cxx/RelWithDebInfo/6x2110j2/arm64-v8a/CMakeFiles/expo-modules-core.dir/./
C/C++:   has 196 characters.  The maximum full path to an object file is 250
C/C++:   characters (see CMAKE_OBJECT_PATH_MAX).  Object file
C/C++:     D_/.pnpm-vs/goconnect/expo-modules-core@3.0.29_re_608eee6e418ac022011475ab34711ee7/node_modules/expo-modules-core/common/cpp/ObjectDeallocator.cpp.o
C/C++:   cannot be safely placed under this directory.  The build may not work
C/C++:   correctly.
C/C++: CMake Warning in src/fabric/CMakeLists.txt:
C/C++:   The object file directory
C/C++:     D:/.pnpm-vs/goconnect/expo-modules-core@3.0.29_re_608eee6e418ac022011475ab34711ee7/node_modules/expo-modules-core/android/.cxx/RelWithDebInfo/6x2110j2/arm64-v8a/src/fabric/CMakeFiles/fabric.dir/./
C/C++:   has 196 characters.  The maximum full path to an object file is 250
C/C++:   characters (see CMAKE_OBJECT_PATH_MAX).  Object file
C/C++:     D_/.pnpm-vs/goconnect/expo-modules-core@3.0.29_re_608eee6e418ac022011475ab34711ee7/node_modules/expo-modules-core/common/cpp/fabric/ExpoViewComponentDescriptor.cpp.o
C/C++:   cannot be safely placed under this directory.  The build may not work
C/C++:   correctly.
C/C++: CMake Warning in CMakeLists.txt:
C/C++:   The object file directory
C/C++:     D:/.pnpm-vs/goconnect/expo-modules-core@3.0.29_re_608eee6e418ac022011475ab34711ee7/node_modules/expo-modules-core/android/.cxx/RelWithDebInfo/6x2110j2/arm64-v8a/CMakeFiles/expo-modules-core.dir/./
C/C++:   has 196 characters.  The maximum full path to an object file is 250
C/C++:   characters (see CMAKE_OBJECT_PATH_MAX).  Object file
C/C++:     D_/.pnpm-vs/goconnect/expo-modules-core@3.0.29_re_608eee6e418ac022011475ab34711ee7/node_modules/expo-modules-core/common/cpp/ObjectDeallocator.cpp.o
C/C++:   cannot be safely placed under this directory.  The build may not work
C/C++:   correctly.
C/C++: CMake Warning in src/fabric/CMakeLists.txt:
C/C++:   The object file directory
C/C++:     D:/.pnpm-vs/goconnect/expo-modules-core@3.0.29_re_608eee6e418ac022011475ab34711ee7/node_modules/expo-modules-core/android/.cxx/RelWithDebInfo/6x2110j2/arm64-v8a/src/fabric/CMakeFiles/fabric.dir/./
C/C++:   has 196 characters.  The maximum full path to an object file is 250
C/C++:   characters (see CMAKE_OBJECT_PATH_MAX).  Object file
C/C++:     D_/.pnpm-vs/goconnect/expo-modules-core@3.0.29_re_608eee6e418ac022011475ab34711ee7/node_modules/expo-modules-core/common/cpp/fabric/ExpoViewShadowNode.cpp.o
C/C++:   cannot be safely placed under this directory.  The build may not work
C/C++:   correctly.
C/C++: CMake Warning in CMakeLists.txt:
C/C++:   The object file directory
C/C++:     D:/.pnpm-vs/goconnect/expo-modules-core@3.0.29_re_608eee6e418ac022011475ab34711ee7/node_modules/expo-modules-core/android/.cxx/RelWithDebInfo/6x2110j2/arm64-v8a/CMakeFiles/expo-modules-core.dir/./
C/C++:   has 196 characters.  The maximum full path to an object file is 250
C/C++:   characters (see CMAKE_OBJECT_PATH_MAX).  Object file
C/C++:     D_/.pnpm-vs/goconnect/expo-modules-core@3.0.29_re_608eee6e418ac022011475ab34711ee7/node_modules/expo-modules-core/common/cpp/ObjectDeallocator.cpp.o
C/C++:   cannot be safely placed under this directory.  The build may not work
C/C++:   correctly.
C/C++: CMake Warning in src/fabric/CMakeLists.txt:
C/C++:   The object file directory
C/C++:     D:/.pnpm-vs/goconnect/expo-modules-core@3.0.29_re_608eee6e418ac022011475ab34711ee7/node_modules/expo-modules-core/android/.cxx/RelWithDebInfo/6x2110j2/arm64-v8a/src/fabric/CMakeFiles/fabric.dir/./
C/C++:   has 196 characters.  The maximum full path to an object file is 250
C/C++:   characters (see CMAKE_OBJECT_PATH_MAX).  Object file
C/C++:     D_/.pnpm-vs/goconnect/expo-modules-core@3.0.29_re_608eee6e418ac022011475ab34711ee7/node_modules/expo-modules-core/common/cpp/fabric/ExpoViewComponentDescriptor.cpp.o
C/C++:   cannot be safely placed under this directory.  The build may not work
C/C++:   correctly.
C/C++: CMake Warning in CMakeLists.txt:
C/C++:   The object file directory
C/C++:     D:/.pnpm-vs/goconnect/expo-modules-core@3.0.29_re_608eee6e418ac022011475ab34711ee7/node_modules/expo-modules-core/android/.cxx/RelWithDebInfo/6x2110j2/arm64-v8a/CMakeFiles/expo-modules-core.dir/./
C/C++:   has 196 characters.  The maximum full path to an object file is 250
C/C++:   characters (see CMAKE_OBJECT_PATH_MAX).  Object file
C/C++:     D_/.pnpm-vs/goconnect/expo-modules-core@3.0.29_re_608eee6e418ac022011475ab34711ee7/node_modules/expo-modules-core/common/cpp/ObjectDeallocator.cpp.o
C/C++:   cannot be safely placed under this directory.  The build may not work
C/C++:   correctly.
C/C++: CMake Warning in src/fabric/CMakeLists.txt:
C/C++:   The object file directory
C/C++:     D:/.pnpm-vs/goconnect/expo-modules-core@3.0.29_re_608eee6e418ac022011475ab34711ee7/node_modules/expo-modules-core/android/.cxx/RelWithDebInfo/6x2110j2/arm64-v8a/src/fabric/CMakeFiles/fabric.dir/./
C/C++:   has 196 characters.  The maximum full path to an object file is 250
C/C++:   characters (see CMAKE_OBJECT_PATH_MAX).  Object file
C/C++:     D_/.pnpm-vs/goconnect/expo-modules-core@3.0.29_re_608eee6e418ac022011475ab34711ee7/node_modules/expo-modules-core/common/cpp/fabric/ExpoViewComponentDescriptor.cpp.o
C/C++:   cannot be safely placed under this directory.  The build may not work
C/C++:   correctly.
C/C++: CMake Warning in CMakeLists.txt:
C/C++:   The object file directory
C/C++:     D:/.pnpm-vs/goconnect/expo-modules-core@3.0.29_re_608eee6e418ac022011475ab34711ee7/node_modules/expo-modules-core/android/.cxx/RelWithDebInfo/6x2110j2/arm64-v8a/CMakeFiles/expo-modules-core.dir/./
C/C++:   has 196 characters.  The maximum full path to an object file is 250
C/C++:   characters (see CMAKE_OBJECT_PATH_MAX).  Object file
C/C++:     D_/.pnpm-vs/goconnect/expo-modules-core@3.0.29_re_608eee6e418ac022011475ab34711ee7/node_modules/expo-modules-core/common/cpp/ObjectDeallocator.cpp.o
C/C++:   cannot be safely placed under this directory.  The build may not work
C/C++:   correctly.
C/C++: CMake Warning in src/fabric/CMakeLists.txt:
C/C++:   The object file directory
C/C++:     D:/.pnpm-vs/goconnect/expo-modules-core@3.0.29_re_608eee6e418ac022011475ab34711ee7/node_modules/expo-modules-core/android/.cxx/RelWithDebInfo/6x2110j2/arm64-v8a/src/fabric/CMakeFiles/fabric.dir/./
C/C++:   has 196 characters.  The maximum full path to an object file is 250
C/C++:   characters (see CMAKE_OBJECT_PATH_MAX).  Object file
C/C++:     D_/.pnpm-vs/goconnect/expo-modules-core@3.0.29_re_608eee6e418ac022011475ab34711ee7/node_modules/expo-modules-core/common/cpp/fabric/ExpoViewEventEmitter.cpp.o
C/C++:   cannot be safely placed under this directory.  The build may not work
C/C++:   correctly.
C/C++: CMake Warning in CMakeLists.txt:
C/C++:   The object file directory
C/C++:     D:/.pnpm-vs/goconnect/expo-modules-core@3.0.29_re_608eee6e418ac022011475ab34711ee7/node_modules/expo-modules-core/android/.cxx/RelWithDebInfo/6x2110j2/arm64-v8a/CMakeFiles/expo-modules-core.dir/./
C/C++:   has 196 characters.  The maximum full path to an object file is 250
C/C++:   characters (see CMAKE_OBJECT_PATH_MAX).  Object file
C/C++:     D_/.pnpm-vs/goconnect/expo-modules-core@3.0.29_re_608eee6e418ac022011475ab34711ee7/node_modules/expo-modules-core/common/cpp/ObjectDeallocator.cpp.o
C/C++:   cannot be safely placed under this directory.  The build may not work
C/C++:   correctly.
C/C++: CMake Warning in src/fabric/CMakeLists.txt:
C/C++:   The object file directory
C/C++:     D:/.pnpm-vs/goconnect/expo-modules-core@3.0.29_re_608eee6e418ac022011475ab34711ee7/node_modules/expo-modules-core/android/.cxx/RelWithDebInfo/6x2110j2/arm64-v8a/src/fabric/CMakeFiles/fabric.dir/./
C/C++:   has 196 characters.  The maximum full path to an object file is 250
C/C++:   characters (see CMAKE_OBJECT_PATH_MAX).  Object file
C/C++:     D_/.pnpm-vs/goconnect/expo-modules-core@3.0.29_re_608eee6e418ac022011475ab34711ee7/node_modules/expo-modules-core/common/cpp/fabric/ExpoViewShadowNode.cpp.o
C/C++:   cannot be safely placed under this directory.  The build may not work
C/C++:   correctly.
C/C++: CMake Warning in CMakeLists.txt:
C/C++:   The object file directory
C/C++:     D:/.pnpm-vs/goconnect/expo-modules-core@3.0.29_re_608eee6e418ac022011475ab34711ee7/node_modules/expo-modules-core/android/.cxx/RelWithDebInfo/6x2110j2/arm64-v8a/CMakeFiles/expo-modules-core.dir/./
C/C++:   has 196 characters.  The maximum full path to an object file is 250
C/C++:   characters (see CMAKE_OBJECT_PATH_MAX).  Object file
C/C++:     D_/.pnpm-vs/goconnect/expo-modules-core@3.0.29_re_608eee6e418ac022011475ab34711ee7/node_modules/expo-modules-core/common/cpp/ObjectDeallocator.cpp.o
C/C++:   cannot be safely placed under this directory.  The build may not work
C/C++:   correctly.
C/C++: CMake Warning in src/fabric/CMakeLists.txt:
C/C++:   The object file directory
C/C++:     D:/.pnpm-vs/goconnect/expo-modules-core@3.0.29_re_608eee6e418ac022011475ab34711ee7/node_modules/expo-modules-core/android/.cxx/RelWithDebInfo/6x2110j2/arm64-v8a/src/fabric/CMakeFiles/fabric.dir/./
C/C++:   has 196 characters.  The maximum full path to an object file is 250
C/C++:   characters (see CMAKE_OBJECT_PATH_MAX).  Object file
C/C++:     D_/.pnpm-vs/goconnect/expo-modules-core@3.0.29_re_608eee6e418ac022011475ab34711ee7/node_modules/expo-modules-core/common/cpp/fabric/ExpoViewComponentDescriptor.cpp.o
C/C++:   cannot be safely placed under this directory.  The build may not work
C/C++:   correctly.
C/C++: CMake Warning in CMakeLists.txt:
C/C++:   The object file directory
C/C++:     D:/.pnpm-vs/goconnect/expo-modules-core@3.0.29_re_608eee6e418ac022011475ab34711ee7/node_modules/expo-modules-core/android/.cxx/RelWithDebInfo/6x2110j2/arm64-v8a/CMakeFiles/expo-modules-core.dir/./
C/C++:   has 196 characters.  The maximum full path to an object file is 250
C/C++:   characters (see CMAKE_OBJECT_PATH_MAX).  Object file
C/C++:     D_/.pnpm-vs/goconnect/expo-modules-core@3.0.29_re_608eee6e418ac022011475ab34711ee7/node_modules/expo-modules-core/common/cpp/ObjectDeallocator.cpp.o
C/C++:   cannot be safely placed under this directory.  The build may not work
C/C++:   correctly.
C/C++: CMake Warning in src/fabric/CMakeLists.txt:
C/C++:   The object file directory
C/C++:     D:/.pnpm-vs/goconnect/expo-modules-core@3.0.29_re_608eee6e418ac022011475ab34711ee7/node_modules/expo-modules-core/android/.cxx/RelWithDebInfo/6x2110j2/arm64-v8a/src/fabric/CMakeFiles/fabric.dir/./
C/C++:   has 196 characters.  The maximum full path to an object file is 250
C/C++:   characters (see CMAKE_OBJECT_PATH_MAX).  Object file
C/C++:     D_/.pnpm-vs/goconnect/expo-modules-core@3.0.29_re_608eee6e418ac022011475ab34711ee7/node_modules/expo-modules-core/common/cpp/fabric/ExpoViewShadowNode.cpp.o
C/C++:   cannot be safely placed under this directory.  The build may not work
C/C++:   correctly.
C/C++: CMake Warning in CMakeLists.txt:
C/C++:   The object file directory
C/C++:     D:/.pnpm-vs/goconnect/expo-modules-core@3.0.29_re_608eee6e418ac022011475ab34711ee7/node_modules/expo-modules-core/android/.cxx/RelWithDebInfo/6x2110j2/arm64-v8a/CMakeFiles/expo-modules-core.dir/./
C/C++:   has 196 characters.  The maximum full path to an object file is 250
C/C++:   characters (see CMAKE_OBJECT_PATH_MAX).  Object file
C/C++:     D_/.pnpm-vs/goconnect/expo-modules-core@3.0.29_re_608eee6e418ac022011475ab34711ee7/node_modules/expo-modules-core/common/cpp/ObjectDeallocator.cpp.o
C/C++:   cannot be safely placed under this directory.  The build may not work
C/C++:   correctly.
C/C++: CMake Warning in src/fabric/CMakeLists.txt:
C/C++:   The object file directory
C/C++:     D:/.pnpm-vs/goconnect/expo-modules-core@3.0.29_re_608eee6e418ac022011475ab34711ee7/node_modules/expo-modules-core/android/.cxx/RelWithDebInfo/6x2110j2/arm64-v8a/src/fabric/CMakeFiles/fabric.dir/./
C/C++:   has 196 characters.  The maximum full path to an object file is 250
C/C++:   characters (see CMAKE_OBJECT_PATH_MAX).  Object file
C/C++:     D_/.pnpm-vs/goconnect/expo-modules-core@3.0.29_re_608eee6e418ac022011475ab34711ee7/node_modules/expo-modules-core/common/cpp/fabric/ExpoViewComponentDescriptor.cpp.o
C/C++:   cannot be safely placed under this directory.  The build may not work
C/C++:   correctly.
C/C++: CMake Warning in CMakeLists.txt:
C/C++:   The object file directory
C/C++:     D:/.pnpm-vs/goconnect/expo-modules-core@3.0.29_re_608eee6e418ac022011475ab34711ee7/node_modules/expo-modules-core/android/.cxx/RelWithDebInfo/6x2110j2/arm64-v8a/CMakeFiles/expo-modules-core.dir/./
C/C++:   has 196 characters.  The maximum full path to an object file is 250
C/C++:   characters (see CMAKE_OBJECT_PATH_MAX).  Object file
C/C++:     D_/.pnpm-vs/goconnect/expo-modules-core@3.0.29_re_608eee6e418ac022011475ab34711ee7/node_modules/expo-modules-core/common/cpp/ObjectDeallocator.cpp.o
C/C++:   cannot be safely placed under this directory.  The build may not work
C/C++:   correctly.
C/C++: CMake Warning in src/fabric/CMakeLists.txt:
C/C++:   The object file directory
C/C++:     D:/.pnpm-vs/goconnect/expo-modules-core@3.0.29_re_608eee6e418ac022011475ab34711ee7/node_modules/expo-modules-core/android/.cxx/RelWithDebInfo/6x2110j2/arm64-v8a/src/fabric/CMakeFiles/fabric.dir/./
C/C++:   has 196 characters.  The maximum full path to an object file is 250
C/C++:   characters (see CMAKE_OBJECT_PATH_MAX).  Object file
C/C++:     D_/.pnpm-vs/goconnect/expo-modules-core@3.0.29_re_608eee6e418ac022011475ab34711ee7/node_modules/expo-modules-core/common/cpp/fabric/ExpoViewShadowNode.cpp.o
C/C++:   cannot be safely placed under this directory.  The build may not work
C/C++:   correctly.
C/C++: CMake Warning in CMakeLists.txt:
C/C++:   The object file directory
C/C++:     D:/.pnpm-vs/goconnect/expo-modules-core@3.0.29_re_608eee6e418ac022011475ab34711ee7/node_modules/expo-modules-core/android/.cxx/RelWithDebInfo/6x2110j2/arm64-v8a/CMakeFiles/expo-modules-core.dir/./
C/C++:   has 196 characters.  The maximum full path to an object file is 250
C/C++:   characters (see CMAKE_OBJECT_PATH_MAX).  Object file
C/C++:     D_/.pnpm-vs/goconnect/expo-modules-core@3.0.29_re_608eee6e418ac022011475ab34711ee7/node_modules/expo-modules-core/common/cpp/ObjectDeallocator.cpp.o
C/C++:   cannot be safely placed under this directory.  The build may not work
C/C++:   correctly.
C/C++: CMake Warning in src/fabric/CMakeLists.txt:
C/C++:   The object file directory
C/C++:     D:/.pnpm-vs/goconnect/expo-modules-core@3.0.29_re_608eee6e418ac022011475ab34711ee7/node_modules/expo-modules-core/android/.cxx/RelWithDebInfo/6x2110j2/arm64-v8a/src/fabric/CMakeFiles/fabric.dir/./
C/C++:   has 196 characters.  The maximum full path to an object file is 250
C/C++:   characters (see CMAKE_OBJECT_PATH_MAX).  Object file
C/C++:     D_/.pnpm-vs/goconnect/expo-modules-core@3.0.29_re_608eee6e418ac022011475ab34711ee7/node_modules/expo-modules-core/common/cpp/fabric/ExpoViewComponentDescriptor.cpp.o
C/C++:   cannot be safely placed under this directory.  The build may not work
C/C++:   correctly.
C/C++: CMake Warning in CMakeLists.txt:
C/C++:   The object file directory
C/C++:     D:/.pnpm-vs/goconnect/expo-modules-core@3.0.29_re_608eee6e418ac022011475ab34711ee7/node_modules/expo-modules-core/android/.cxx/RelWithDebInfo/6x2110j2/arm64-v8a/CMakeFiles/expo-modules-core.dir/./
C/C++:   has 196 characters.  The maximum full path to an object file is 250
C/C++:   characters (see CMAKE_OBJECT_PATH_MAX).  Object file
C/C++:     D_/.pnpm-vs/goconnect/expo-modules-core@3.0.29_re_608eee6e418ac022011475ab34711ee7/node_modules/expo-modules-core/common/cpp/ObjectDeallocator.cpp.o
C/C++:   cannot be safely placed under this directory.  The build may not work
C/C++:   correctly.
C/C++: CMake Warning in src/fabric/CMakeLists.txt:
C/C++:   The object file directory
C/C++:     D:/.pnpm-vs/goconnect/expo-modules-core@3.0.29_re_608eee6e418ac022011475ab34711ee7/node_modules/expo-modules-core/android/.cxx/RelWithDebInfo/6x2110j2/arm64-v8a/src/fabric/CMakeFiles/fabric.dir/./
C/C++:   has 196 characters.  The maximum full path to an object file is 250
C/C++:   characters (see CMAKE_OBJECT_PATH_MAX).  Object file
C/C++:     D_/.pnpm-vs/goconnect/expo-modules-core@3.0.29_re_608eee6e418ac022011475ab34711ee7/node_modules/expo-modules-core/common/cpp/fabric/ExpoViewComponentDescriptor.cpp.o
C/C++:   cannot be safely placed under this directory.  The build may not work
C/C++:   correctly.
C/C++: CMake Warning in CMakeLists.txt:
C/C++:   The object file directory
C/C++:     D:/.pnpm-vs/goconnect/expo-modules-core@3.0.29_re_608eee6e418ac022011475ab34711ee7/node_modules/expo-modules-core/android/.cxx/RelWithDebInfo/6x2110j2/arm64-v8a/CMakeFiles/expo-modules-core.dir/./
C/C++:   has 196 characters.  The maximum full path to an object file is 250
C/C++:   characters (see CMAKE_OBJECT_PATH_MAX).  Object file
C/C++:     D_/.pnpm-vs/goconnect/expo-modules-core@3.0.29_re_608eee6e418ac022011475ab34711ee7/node_modules/expo-modules-core/common/cpp/ObjectDeallocator.cpp.o
C/C++:   cannot be safely placed under this directory.  The build may not work
C/C++:   correctly.
C/C++: CMake Warning in src/fabric/CMakeLists.txt:
C/C++:   The object file directory
C/C++:     D:/.pnpm-vs/goconnect/expo-modules-core@3.0.29_re_608eee6e418ac022011475ab34711ee7/node_modules/expo-modules-core/android/.cxx/RelWithDebInfo/6x2110j2/arm64-v8a/src/fabric/CMakeFiles/fabric.dir/./
C/C++:   has 196 characters.  The maximum full path to an object file is 250
C/C++:   characters (see CMAKE_OBJECT_PATH_MAX).  Object file
C/C++:     D_/.pnpm-vs/goconnect/expo-modules-core@3.0.29_re_608eee6e418ac022011475ab34711ee7/node_modules/expo-modules-core/common/cpp/fabric/ExpoViewShadowNode.cpp.o
C/C++:   cannot be safely placed under this directory.  The build may not work
C/C++:   correctly.
C/C++: CMake Warning in CMakeLists.txt:
C/C++:   The object file directory
C/C++:     D:/.pnpm-vs/goconnect/expo-modules-core@3.0.29_re_608eee6e418ac022011475ab34711ee7/node_modules/expo-modules-core/android/.cxx/RelWithDebInfo/6x2110j2/arm64-v8a/CMakeFiles/expo-modules-core.dir/./
C/C++:   has 196 characters.  The maximum full path to an object file is 250
C/C++:   characters (see CMAKE_OBJECT_PATH_MAX).  Object file
C/C++:     D_/.pnpm-vs/goconnect/expo-modules-core@3.0.29_re_608eee6e418ac022011475ab34711ee7/node_modules/expo-modules-core/common/cpp/ObjectDeallocator.cpp.o
C/C++:   cannot be safely placed under this directory.  The build may not work
C/C++:   correctly.
C/C++: CMake Warning in src/fabric/CMakeLists.txt:
C/C++:   The object file directory
C/C++:     D:/.pnpm-vs/goconnect/expo-modules-core@3.0.29_re_608eee6e418ac022011475ab34711ee7/node_modules/expo-modules-core/android/.cxx/RelWithDebInfo/6x2110j2/arm64-v8a/src/fabric/CMakeFiles/fabric.dir/./
C/C++:   has 196 characters.  The maximum full path to an object file is 250
C/C++:   characters (see CMAKE_OBJECT_PATH_MAX).  Object file
C/C++:     D_/.pnpm-vs/goconnect/expo-modules-core@3.0.29_re_608eee6e418ac022011475ab34711ee7/node_modules/expo-modules-core/common/cpp/fabric/ExpoViewEventEmitter.cpp.o
C/C++:   cannot be safely placed under this directory.  The build may not work
C/C++:   correctly.
C/C++: CMake Warning in CMakeLists.txt:
C/C++:   The object file directory
C/C++:     D:/.pnpm-vs/goconnect/expo-modules-core@3.0.29_re_608eee6e418ac022011475ab34711ee7/node_modules/expo-modules-core/android/.cxx/RelWithDebInfo/6x2110j2/arm64-v8a/CMakeFiles/expo-modules-core.dir/./
C/C++:   has 196 characters.  The maximum full path to an object file is 250
C/C++:   characters (see CMAKE_OBJECT_PATH_MAX).  Object file
C/C++:     D_/.pnpm-vs/goconnect/expo-modules-core@3.0.29_re_608eee6e418ac022011475ab34711ee7/node_modules/expo-modules-core/common/cpp/ObjectDeallocator.cpp.o
C/C++:   cannot be safely placed under this directory.  The build may not work
C/C++:   correctly.
C/C++: CMake Warning in src/fabric/CMakeLists.txt:
C/C++:   The object file directory
C/C++:     D:/.pnpm-vs/goconnect/expo-modules-core@3.0.29_re_608eee6e418ac022011475ab34711ee7/node_modules/expo-modules-core/android/.cxx/RelWithDebInfo/6x2110j2/arm64-v8a/src/fabric/CMakeFiles/fabric.dir/./
C/C++:   has 196 characters.  The maximum full path to an object file is 250
C/C++:   characters (see CMAKE_OBJECT_PATH_MAX).  Object file
C/C++:     D_/.pnpm-vs/goconnect/expo-modules-core@3.0.29_re_608eee6e418ac022011475ab34711ee7/node_modules/expo-modules-core/common/cpp/fabric/ExpoViewShadowNode.cpp.o
C/C++:   cannot be safely placed under this directory.  The build may not work
C/C++:   correctly.
C/C++: CMake Warning in CMakeLists.txt:
C/C++:   The object file directory
C/C++:     D:/.pnpm-vs/goconnect/expo-modules-core@3.0.29_re_608eee6e418ac022011475ab34711ee7/node_modules/expo-modules-core/android/.cxx/RelWithDebInfo/6x2110j2/arm64-v8a/CMakeFiles/expo-modules-core.dir/./
C/C++:   has 196 characters.  The maximum full path to an object file is 250
C/C++:   characters (see CMAKE_OBJECT_PATH_MAX).  Object file
C/C++:     src/main/cpp/decorators/JSDecoratorsBridgingObject.cpp.o
C/C++:   cannot be safely placed under this directory.  The build may not work
C/C++:   correctly.
C/C++: CMake Warning in src/fabric/CMakeLists.txt:
C/C++:   The object file directory
C/C++:     D:/.pnpm-vs/goconnect/expo-modules-core@3.0.29_re_608eee6e418ac022011475ab34711ee7/node_modules/expo-modules-core/android/.cxx/RelWithDebInfo/6x2110j2/arm64-v8a/src/fabric/CMakeFiles/fabric.dir/./
C/C++:   has 196 characters.  The maximum full path to an object file is 250
C/C++:   characters (see CMAKE_OBJECT_PATH_MAX).  Object file
C/C++:     D_/.pnpm-vs/goconnect/expo-modules-core@3.0.29_re_608eee6e418ac022011475ab34711ee7/node_modules/expo-modules-core/common/cpp/fabric/ExpoViewEventEmitter.cpp.o
C/C++:   cannot be safely placed under this directory.  The build may not work
C/C++:   correctly.
C/C++: CMake Warning in CMakeLists.txt:
C/C++:   The object file directory
C/C++:     D:/.pnpm-vs/goconnect/expo-modules-core@3.0.29_re_608eee6e418ac022011475ab34711ee7/node_modules/expo-modules-core/android/.cxx/RelWithDebInfo/6x2110j2/arm64-v8a/CMakeFiles/expo-modules-core.dir/./
C/C++:   has 196 characters.  The maximum full path to an object file is 250
C/C++:   characters (see CMAKE_OBJECT_PATH_MAX).  Object file
C/C++:     D_/.pnpm-vs/goconnect/expo-modules-core@3.0.29_re_608eee6e418ac022011475ab34711ee7/node_modules/expo-modules-core/common/cpp/ObjectDeallocator.cpp.o
C/C++:   cannot be safely placed under this directory.  The build may not work
C/C++:   correctly.
C/C++: CMake Warning in src/fabric/CMakeLists.txt:
C/C++:   The object file directory
C/C++:     D:/.pnpm-vs/goconnect/expo-modules-core@3.0.29_re_608eee6e418ac022011475ab34711ee7/node_modules/expo-modules-core/android/.cxx/RelWithDebInfo/6x2110j2/arm64-v8a/src/fabric/CMakeFiles/fabric.dir/./
C/C++:   has 196 characters.  The maximum full path to an object file is 250
C/C++:   characters (see CMAKE_OBJECT_PATH_MAX).  Object file
C/C++:     D_/.pnpm-vs/goconnect/expo-modules-core@3.0.29_re_608eee6e418ac022011475ab34711ee7/node_modules/expo-modules-core/common/cpp/fabric/ExpoViewShadowNode.cpp.o
C/C++:   cannot be safely placed under this directory.  The build may not work
C/C++:   correctly.
C/C++: CMake Warning in CMakeLists.txt:
C/C++:   The object file directory
C/C++:     D:/.pnpm-vs/goconnect/expo-modules-core@3.0.29_re_608eee6e418ac022011475ab34711ee7/node_modules/expo-modules-core/android/.cxx/RelWithDebInfo/6x2110j2/arm64-v8a/CMakeFiles/expo-modules-core.dir/./
C/C++:   has 196 characters.  The maximum full path to an object file is 250
C/C++:   characters (see CMAKE_OBJECT_PATH_MAX).  Object file
C/C++:     D_/.pnpm-vs/goconnect/expo-modules-core@3.0.29_re_608eee6e418ac022011475ab34711ee7/node_modules/expo-modules-core/common/cpp/ObjectDeallocator.cpp.o
C/C++:   cannot be safely placed under this directory.  The build may not work
C/C++:   correctly.
C/C++: CMake Warning in src/fabric/CMakeLists.txt:
C/C++:   The object file directory
C/C++:     D:/.pnpm-vs/goconnect/expo-modules-core@3.0.29_re_608eee6e418ac022011475ab34711ee7/node_modules/expo-modules-core/android/.cxx/RelWithDebInfo/6x2110j2/arm64-v8a/src/fabric/CMakeFiles/fabric.dir/./
C/C++:   has 196 characters.  The maximum full path to an object file is 250
C/C++:   characters (see CMAKE_OBJECT_PATH_MAX).  Object file
C/C++:     D_/.pnpm-vs/goconnect/expo-modules-core@3.0.29_re_608eee6e418ac022011475ab34711ee7/node_modules/expo-modules-core/common/cpp/fabric/ExpoViewShadowNode.cpp.o
C/C++:   cannot be safely placed under this directory.  The build may not work
C/C++:   correctly.
C/C++: CMake Warning in CMakeLists.txt:
C/C++:   The object file directory
C/C++:     D:/.pnpm-vs/goconnect/expo-modules-core@3.0.29_re_608eee6e418ac022011475ab34711ee7/node_modules/expo-modules-core/android/.cxx/RelWithDebInfo/6x2110j2/arm64-v8a/CMakeFiles/expo-modules-core.dir/./
C/C++:   has 196 characters.  The maximum full path to an object file is 250
C/C++:   characters (see CMAKE_OBJECT_PATH_MAX).  Object file
C/C++:     D_/.pnpm-vs/goconnect/expo-modules-core@3.0.29_re_608eee6e418ac022011475ab34711ee7/node_modules/expo-modules-core/common/cpp/ObjectDeallocator.cpp.o
C/C++:   cannot be safely placed under this directory.  The build may not work
C/C++:   correctly.
C/C++: CMake Warning in src/fabric/CMakeLists.txt:
C/C++:   The object file directory
C/C++:     D:/.pnpm-vs/goconnect/expo-modules-core@3.0.29_re_608eee6e418ac022011475ab34711ee7/node_modules/expo-modules-core/android/.cxx/RelWithDebInfo/6x2110j2/arm64-v8a/src/fabric/CMakeFiles/fabric.dir/./
C/C++:   has 196 characters.  The maximum full path to an object file is 250
C/C++:   characters (see CMAKE_OBJECT_PATH_MAX).  Object file
C/C++:     D_/.pnpm-vs/goconnect/expo-modules-core@3.0.29_re_608eee6e418ac022011475ab34711ee7/node_modules/expo-modules-core/common/cpp/fabric/ExpoViewEventEmitter.cpp.o
C/C++:   cannot be safely placed under this directory.  The build may not work
C/C++:   correctly.
C/C++: CMake Warning in CMakeLists.txt:
C/C++:   The object file directory
C/C++:     D:/.pnpm-vs/goconnect/expo-modules-core@3.0.29_re_608eee6e418ac022011475ab34711ee7/node_modules/expo-modules-core/android/.cxx/RelWithDebInfo/6x2110j2/arm64-v8a/CMakeFiles/expo-modules-core.dir/./
C/C++:   has 196 characters.  The maximum full path to an object file is 250
C/C++:   characters (see CMAKE_OBJECT_PATH_MAX).  Object file
C/C++:     D_/.pnpm-vs/goconnect/expo-modules-core@3.0.29_re_608eee6e418ac022011475ab34711ee7/node_modules/expo-modules-core/common/cpp/ObjectDeallocator.cpp.o
C/C++:   cannot be safely placed under this directory.  The build may not work
C/C++:   correctly.
C/C++: CMake Warning in src/fabric/CMakeLists.txt:
C/C++:   The object file directory
C/C++:     D:/.pnpm-vs/goconnect/expo-modules-core@3.0.29_re_608eee6e418ac022011475ab34711ee7/node_modules/expo-modules-core/android/.cxx/RelWithDebInfo/6x2110j2/arm64-v8a/src/fabric/CMakeFiles/fabric.dir/./
C/C++:   has 196 characters.  The maximum full path to an object file is 250
C/C++:   characters (see CMAKE_OBJECT_PATH_MAX).  Object file
C/C++:     D_/.pnpm-vs/goconnect/expo-modules-core@3.0.29_re_608eee6e418ac022011475ab34711ee7/node_modules/expo-modules-core/common/cpp/fabric/ExpoViewComponentDescriptor.cpp.o
C/C++:   cannot be safely placed under this directory.  The build may not work
C/C++:   correctly.
C/C++: CMake Warning in CMakeLists.txt:
C/C++:   The object file directory
C/C++:     D:/.pnpm-vs/goconnect/expo-modules-core@3.0.29_re_608eee6e418ac022011475ab34711ee7/node_modules/expo-modules-core/android/.cxx/RelWithDebInfo/6x2110j2/arm64-v8a/CMakeFiles/expo-modules-core.dir/./
C/C++:   has 196 characters.  The maximum full path to an object file is 250
C/C++:   characters (see CMAKE_OBJECT_PATH_MAX).  Object file
C/C++:     D_/.pnpm-vs/goconnect/expo-modules-core@3.0.29_re_608eee6e418ac022011475ab34711ee7/node_modules/expo-modules-core/common/cpp/ObjectDeallocator.cpp.o
C/C++:   cannot be safely placed under this directory.  The build may not work
C/C++:   correctly.
C/C++: CMake Warning in src/fabric/CMakeLists.txt:
C/C++:   The object file directory
C/C++:     D:/.pnpm-vs/goconnect/expo-modules-core@3.0.29_re_608eee6e418ac022011475ab34711ee7/node_modules/expo-modules-core/android/.cxx/RelWithDebInfo/6x2110j2/arm64-v8a/src/fabric/CMakeFiles/fabric.dir/./
C/C++:   has 196 characters.  The maximum full path to an object file is 250
C/C++:   characters (see CMAKE_OBJECT_PATH_MAX).  Object file
C/C++:     D_/.pnpm-vs/goconnect/expo-modules-core@3.0.29_re_608eee6e418ac022011475ab34711ee7/node_modules/expo-modules-core/common/cpp/fabric/ExpoViewEventEmitter.cpp.o
C/C++:   cannot be safely placed under this directory.  The build may not work
C/C++:   correctly.
C/C++: CMake Warning in CMakeLists.txt:
C/C++:   The object file directory
C/C++:     D:/.pnpm-vs/goconnect/expo-modules-core@3.0.29_re_608eee6e418ac022011475ab34711ee7/node_modules/expo-modules-core/android/.cxx/RelWithDebInfo/6x2110j2/arm64-v8a/CMakeFiles/expo-modules-core.dir/./
C/C++:   has 196 characters.  The maximum full path to an object file is 250
C/C++:   characters (see CMAKE_OBJECT_PATH_MAX).  Object file
C/C++:     D_/.pnpm-vs/goconnect/expo-modules-core@3.0.29_re_608eee6e418ac022011475ab34711ee7/node_modules/expo-modules-core/common/cpp/ObjectDeallocator.cpp.o
C/C++:   cannot be safely placed under this directory.  The build may not work
C/C++:   correctly.
C/C++: CMake Warning in src/fabric/CMakeLists.txt:
C/C++:   The object file directory
C/C++:     D:/.pnpm-vs/goconnect/expo-modules-core@3.0.29_re_608eee6e418ac022011475ab34711ee7/node_modules/expo-modules-core/android/.cxx/RelWithDebInfo/6x2110j2/arm64-v8a/src/fabric/CMakeFiles/fabric.dir/./
C/C++:   has 196 characters.  The maximum full path to an object file is 250
C/C++:   characters (see CMAKE_OBJECT_PATH_MAX).  Object file
C/C++:     D_/.pnpm-vs/goconnect/expo-modules-core@3.0.29_re_608eee6e418ac022011475ab34711ee7/node_modules/expo-modules-core/common/cpp/fabric/ExpoViewEventEmitter.cpp.o
C/C++:   cannot be safely placed under this directory.  The build may not work
C/C++:   correctly.
C/C++: CMake Warning in CMakeLists.txt:
C/C++:   The object file directory
C/C++:     D:/.pnpm-vs/goconnect/expo-modules-core@3.0.29_re_608eee6e418ac022011475ab34711ee7/node_modules/expo-modules-core/android/.cxx/RelWithDebInfo/6x2110j2/arm64-v8a/CMakeFiles/expo-modules-core.dir/./
C/C++:   has 196 characters.  The maximum full path to an object file is 250
C/C++:   characters (see CMAKE_OBJECT_PATH_MAX).  Object file
C/C++:     D_/.pnpm-vs/goconnect/expo-modules-core@3.0.29_re_608eee6e418ac022011475ab34711ee7/node_modules/expo-modules-core/common/cpp/ObjectDeallocator.cpp.o
C/C++:   cannot be safely placed under this directory.  The build may not work
C/C++:   correctly.
C/C++: CMake Warning in src/fabric/CMakeLists.txt:
C/C++:   The object file directory
C/C++:     D:/.pnpm-vs/goconnect/expo-modules-core@3.0.29_re_608eee6e418ac022011475ab34711ee7/node_modules/expo-modules-core/android/.cxx/RelWithDebInfo/6x2110j2/arm64-v8a/src/fabric/CMakeFiles/fabric.dir/./
C/C++:   has 196 characters.  The maximum full path to an object file is 250
C/C++:   characters (see CMAKE_OBJECT_PATH_MAX).  Object file
C/C++:     D_/.pnpm-vs/goconnect/expo-modules-core@3.0.29_re_608eee6e418ac022011475ab34711ee7/node_modules/expo-modules-core/common/cpp/fabric/ExpoViewComponentDescriptor.cpp.o
C/C++:   cannot be safely placed under this directory.  The build may not work
C/C++:   correctly.
C/C++: CMake Warning in CMakeLists.txt:
C/C++:   The object file directory
C/C++:     D:/.pnpm-vs/goconnect/expo-modules-core@3.0.29_re_608eee6e418ac022011475ab34711ee7/node_modules/expo-modules-core/android/.cxx/RelWithDebInfo/6x2110j2/arm64-v8a/CMakeFiles/expo-modules-core.dir/./
C/C++:   has 196 characters.  The maximum full path to an object file is 250
C/C++:   characters (see CMAKE_OBJECT_PATH_MAX).  Object file
C/C++:     D_/.pnpm-vs/goconnect/expo-modules-core@3.0.29_re_608eee6e418ac022011475ab34711ee7/node_modules/expo-modules-core/common/cpp/ObjectDeallocator.cpp.o
C/C++:   cannot be safely placed under this directory.  The build may not work
C/C++:   correctly.
C/C++: CMake Warning in src/fabric/CMakeLists.txt:
C/C++:   The object file directory
C/C++:     D:/.pnpm-vs/goconnect/expo-modules-core@3.0.29_re_608eee6e418ac022011475ab34711ee7/node_modules/expo-modules-core/android/.cxx/RelWithDebInfo/6x2110j2/arm64-v8a/src/fabric/CMakeFiles/fabric.dir/./
C/C++:   has 196 characters.  The maximum full path to an object file is 250
C/C++:   characters (see CMAKE_OBJECT_PATH_MAX).  Object file
C/C++:     D_/.pnpm-vs/goconnect/expo-modules-core@3.0.29_re_608eee6e418ac022011475ab34711ee7/node_modules/expo-modules-core/common/cpp/fabric/ExpoViewEventEmitter.cpp.o
C/C++:   cannot be safely placed under this directory.  The build may not work
C/C++:   correctly.
C/C++: CMake Warning in CMakeLists.txt:
C/C++:   The object file directory
C/C++:     D:/.pnpm-vs/goconnect/expo-modules-core@3.0.29_re_608eee6e418ac022011475ab34711ee7/node_modules/expo-modules-core/android/.cxx/RelWithDebInfo/6x2110j2/arm64-v8a/CMakeFiles/expo-modules-core.dir/./
C/C++:   has 196 characters.  The maximum full path to an object file is 250
C/C++:   characters (see CMAKE_OBJECT_PATH_MAX).  Object file
C/C++:     D_/.pnpm-vs/goconnect/expo-modules-core@3.0.29_re_608eee6e418ac022011475ab34711ee7/node_modules/expo-modules-core/common/cpp/ObjectDeallocator.cpp.o
C/C++:   cannot be safely placed under this directory.  The build may not work
C/C++:   correctly.
C/C++: CMake Warning in src/fabric/CMakeLists.txt:
C/C++:   The object file directory
C/C++:     D:/.pnpm-vs/goconnect/expo-modules-core@3.0.29_re_608eee6e418ac022011475ab34711ee7/node_modules/expo-modules-core/android/.cxx/RelWithDebInfo/6x2110j2/arm64-v8a/src/fabric/CMakeFiles/fabric.dir/./
C/C++:   has 196 characters.  The maximum full path to an object file is 250
C/C++:   characters (see CMAKE_OBJECT_PATH_MAX).  Object file
C/C++:     D_/.pnpm-vs/goconnect/expo-modules-core@3.0.29_re_608eee6e418ac022011475ab34711ee7/node_modules/expo-modules-core/common/cpp/fabric/ExpoViewComponentDescriptor.cpp.o
C/C++:   cannot be safely placed under this directory.  The build may not work
C/C++:   correctly.
C/C++: CMake Warning in CMakeLists.txt:
C/C++:   The object file directory
C/C++:     D:/.pnpm-vs/goconnect/expo-modules-core@3.0.29_re_608eee6e418ac022011475ab34711ee7/node_modules/expo-modules-core/android/.cxx/RelWithDebInfo/6x2110j2/arm64-v8a/CMakeFiles/expo-modules-core.dir/./
C/C++:   has 196 characters.  The maximum full path to an object file is 250
C/C++:   characters (see CMAKE_OBJECT_PATH_MAX).  Object file
C/C++:     src/main/cpp/decorators/JSDecoratorsBridgingObject.cpp.o
C/C++:   cannot be safely placed under this directory.  The build may not work
C/C++:   correctly.
C/C++: CMake Warning in src/fabric/CMakeLists.txt:
C/C++:   The object file directory
C/C++:     D:/.pnpm-vs/goconnect/expo-modules-core@3.0.29_re_608eee6e418ac022011475ab34711ee7/node_modules/expo-modules-core/android/.cxx/RelWithDebInfo/6x2110j2/arm64-v8a/src/fabric/CMakeFiles/fabric.dir/./
C/C++:   has 196 characters.  The maximum full path to an object file is 250
C/C++:   characters (see CMAKE_OBJECT_PATH_MAX).  Object file
C/C++:     D_/.pnpm-vs/goconnect/expo-modules-core@3.0.29_re_608eee6e418ac022011475ab34711ee7/node_modules/expo-modules-core/common/cpp/fabric/ExpoViewShadowNode.cpp.o
C/C++:   cannot be safely placed under this directory.  The build may not work
C/C++:   correctly.
C/C++: CMake Warning in CMakeLists.txt:
C/C++:   The object file directory
C/C++:     D:/.pnpm-vs/goconnect/expo-modules-core@3.0.29_re_608eee6e418ac022011475ab34711ee7/node_modules/expo-modules-core/android/.cxx/RelWithDebInfo/6x2110j2/arm64-v8a/CMakeFiles/expo-modules-core.dir/./
C/C++:   has 196 characters.  The maximum full path to an object file is 250
C/C++:   characters (see CMAKE_OBJECT_PATH_MAX).  Object file
C/C++:     D_/.pnpm-vs/goconnect/expo-modules-core@3.0.29_re_608eee6e418ac022011475ab34711ee7/node_modules/expo-modules-core/common/cpp/ObjectDeallocator.cpp.o
C/C++:   cannot be safely placed under this directory.  The build may not work
C/C++:   correctly.
C/C++: CMake Warning in src/fabric/CMakeLists.txt:
C/C++:   The object file directory
C/C++:     D:/.pnpm-vs/goconnect/expo-modules-core@3.0.29_re_608eee6e418ac022011475ab34711ee7/node_modules/expo-modules-core/android/.cxx/RelWithDebInfo/6x2110j2/arm64-v8a/src/fabric/CMakeFiles/fabric.dir/./
C/C++:   has 196 characters.  The maximum full path to an object file is 250
C/C++:   characters (see CMAKE_OBJECT_PATH_MAX).  Object file
C/C++:     D_/.pnpm-vs/goconnect/expo-modules-core@3.0.29_re_608eee6e418ac022011475ab34711ee7/node_modules/expo-modules-core/common/cpp/fabric/ExpoViewShadowNode.cpp.o
C/C++:   cannot be safely placed under this directory.  The build may not work
C/C++:   correctly.
C/C++: CMake Warning in CMakeLists.txt:
C/C++:   The object file directory
C/C++:     D:/.pnpm-vs/goconnect/expo-modules-core@3.0.29_re_608eee6e418ac022011475ab34711ee7/node_modules/expo-modules-core/android/.cxx/RelWithDebInfo/6x2110j2/arm64-v8a/CMakeFiles/expo-modules-core.dir/./
C/C++:   has 196 characters.  The maximum full path to an object file is 250
C/C++:   characters (see CMAKE_OBJECT_PATH_MAX).  Object file
C/C++:     D_/.pnpm-vs/goconnect/expo-modules-core@3.0.29_re_608eee6e418ac022011475ab34711ee7/node_modules/expo-modules-core/common/cpp/ObjectDeallocator.cpp.o
C/C++:   cannot be safely placed under this directory.  The build may not work
C/C++:   correctly.
C/C++: CMake Warning in src/fabric/CMakeLists.txt:
C/C++:   The object file directory
C/C++:     D:/.pnpm-vs/goconnect/expo-modules-core@3.0.29_re_608eee6e418ac022011475ab34711ee7/node_modules/expo-modules-core/android/.cxx/RelWithDebInfo/6x2110j2/arm64-v8a/src/fabric/CMakeFiles/fabric.dir/./
C/C++:   has 196 characters.  The maximum full path to an object file is 250
C/C++:   characters (see CMAKE_OBJECT_PATH_MAX).  Object file
C/C++:     D_/.pnpm-vs/goconnect/expo-modules-core@3.0.29_re_608eee6e418ac022011475ab34711ee7/node_modules/expo-modules-core/common/cpp/fabric/ExpoViewComponentDescriptor.cpp.o
C/C++:   cannot be safely placed under this directory.  The build may not work
C/C++:   correctly.
C/C++: CMake Warning in CMakeLists.txt:
C/C++:   The object file directory
C/C++:     D:/.pnpm-vs/goconnect/expo-modules-core@3.0.29_re_608eee6e418ac022011475ab34711ee7/node_modules/expo-modules-core/android/.cxx/RelWithDebInfo/6x2110j2/arm64-v8a/CMakeFiles/expo-modules-core.dir/./
C/C++:   has 196 characters.  The maximum full path to an object file is 250
C/C++:   characters (see CMAKE_OBJECT_PATH_MAX).  Object file
C/C++:     src/main/cpp/decorators/JSDecoratorsBridgingObject.cpp.o
C/C++:   cannot be safely placed under this directory.  The build may not work
C/C++:   correctly.
C/C++: CMake Warning in src/fabric/CMakeLists.txt:
C/C++:   The object file directory
C/C++:     D:/.pnpm-vs/goconnect/expo-modules-core@3.0.29_re_608eee6e418ac022011475ab34711ee7/node_modules/expo-modules-core/android/.cxx/RelWithDebInfo/6x2110j2/arm64-v8a/src/fabric/CMakeFiles/fabric.dir/./
C/C++:   has 196 characters.  The maximum full path to an object file is 250
C/C++:   characters (see CMAKE_OBJECT_PATH_MAX).  Object file
C/C++:     D_/.pnpm-vs/goconnect/expo-modules-core@3.0.29_re_608eee6e418ac022011475ab34711ee7/node_modules/expo-modules-core/common/cpp/fabric/ExpoViewEventEmitter.cpp.o
C/C++:   cannot be safely placed under this directory.  The build may not work
C/C++:   correctly.
C/C++: CMake Warning in CMakeLists.txt:
C/C++:   The object file directory
C/C++:     D:/.pnpm-vs/goconnect/expo-modules-core@3.0.29_re_608eee6e418ac022011475ab34711ee7/node_modules/expo-modules-core/android/.cxx/RelWithDebInfo/6x2110j2/arm64-v8a/CMakeFiles/expo-modules-core.dir/./
C/C++:   has 196 characters.  The maximum full path to an object file is 250
C/C++:   characters (see CMAKE_OBJECT_PATH_MAX).  Object file
C/C++:     D_/.pnpm-vs/goconnect/expo-modules-core@3.0.29_re_608eee6e418ac022011475ab34711ee7/node_modules/expo-modules-core/common/cpp/ObjectDeallocator.cpp.o
C/C++:   cannot be safely placed under this directory.  The build may not work
C/C++:   correctly.
C/C++: CMake Warning in src/fabric/CMakeLists.txt:
C/C++:   The object file directory
C/C++:     D:/.pnpm-vs/goconnect/expo-modules-core@3.0.29_re_608eee6e418ac022011475ab34711ee7/node_modules/expo-modules-core/android/.cxx/RelWithDebInfo/6x2110j2/arm64-v8a/src/fabric/CMakeFiles/fabric.dir/./
C/C++:   has 196 characters.  The maximum full path to an object file is 250
C/C++:   characters (see CMAKE_OBJECT_PATH_MAX).  Object file
C/C++:     D_/.pnpm-vs/goconnect/expo-modules-core@3.0.29_re_608eee6e418ac022011475ab34711ee7/node_modules/expo-modules-core/common/cpp/fabric/ExpoViewEventEmitter.cpp.o
C/C++:   cannot be safely placed under this directory.  The build may not work
C/C++:   correctly.
C/C++: CMake Warning in CMakeLists.txt:
C/C++:   The object file directory
C/C++:     D:/.pnpm-vs/goconnect/expo-modules-core@3.0.29_re_608eee6e418ac022011475ab34711ee7/node_modules/expo-modules-core/android/.cxx/RelWithDebInfo/6x2110j2/arm64-v8a/CMakeFiles/expo-modules-core.dir/./
C/C++:   has 196 characters.  The maximum full path to an object file is 250
C/C++:   characters (see CMAKE_OBJECT_PATH_MAX).  Object file
C/C++:     D_/.pnpm-vs/goconnect/expo-modules-core@3.0.29_re_608eee6e418ac022011475ab34711ee7/node_modules/expo-modules-core/common/cpp/ObjectDeallocator.cpp.o
C/C++:   cannot be safely placed under this directory.  The build may not work
C/C++:   correctly.
C/C++: CMake Warning in src/fabric/CMakeLists.txt:
C/C++:   The object file directory
C/C++:     D:/.pnpm-vs/goconnect/expo-modules-core@3.0.29_re_608eee6e418ac022011475ab34711ee7/node_modules/expo-modules-core/android/.cxx/RelWithDebInfo/6x2110j2/arm64-v8a/src/fabric/CMakeFiles/fabric.dir/./
C/C++:   has 196 characters.  The maximum full path to an object file is 250
C/C++:   characters (see CMAKE_OBJECT_PATH_MAX).  Object file
C/C++:     D_/.pnpm-vs/goconnect/expo-modules-core@3.0.29_re_608eee6e418ac022011475ab34711ee7/node_modules/expo-modules-core/common/cpp/fabric/ExpoViewComponentDescriptor.cpp.o
C/C++:   cannot be safely placed under this directory.  The build may not work
C/C++:   correctly.
C/C++: ninja: error: manifest 'build.ninja' still dirty after 100 tries

> Task :expo-modules-core:externalNativeBuildCleanRelease FAILED

[Incubating] Problems report is available at: file:///D:/work/React/waleed/careconnect/nurse/v4/Goconnect/android/build/reports/problems/problems-report.html

FAILURE: Build failed with an exception.

* What went wrong:
Execution failed for task ':expo-modules-core:externalNativeBuildCleanRelease'.
> com.android.ide.common.process.ProcessException: ninja: Entering directory `D:\.pnpm-vs\goconnect\expo-modules-core@3.0.29_re_608eee6e418ac022011475ab34711ee7\node_modules\expo-modules-core\android\.cxx\RelWithDebInfo\6x2110j2\arm64-v8a'
  [0/1] Re-running CMake...
  -- Configuring done
  -- Generating done
  -- Build files have been written to: D:/.pnpm-vs/goconnect/expo-modules-core@3.0.29_re_608eee6e418ac022011475ab34711ee7/node_modules/expo-modules-core/android/.cxx/RelWithDebInfo/6x2110j2/arm64-v8a
  [0/1] Re-running CMake...
  -- Configuring done
  -- Generating done
  -- Build files have been written to: D:/.pnpm-vs/goconnect/expo-modules-core@3.0.29_re_608eee6e418ac022011475ab34711ee7/node_modules/expo-modules-core/android/.cxx/RelWithDebInfo/6x2110j2/arm64-v8a
  [0/1] Re-running CMake...
  -- Configuring done
  -- Generating done
  -- Build files have been written to: D:/.pnpm-vs/goconnect/expo-modules-core@3.0.29_re_608eee6e418ac022011475ab34711ee7/node_modules/expo-modules-core/android/.cxx/RelWithDebInfo/6x2110j2/arm64-v8a
  [0/1] Re-running CMake...
  -- Configuring done
  -- Generating done
  -- Build files have been written to: D:/.pnpm-vs/goconnect/expo-modules-core@3.0.29_re_608eee6e418ac022011475ab34711ee7/node_modules/expo-modules-core/android/.cxx/RelWithDebInfo/6x2110j2/arm64-v8a
  [0/1] Re-running CMake...
  -- Configuring done
  -- Generating done
  -- Build files have been written to: D:/.pnpm-vs/goconnect/expo-modules-core@3.0.29_re_608eee6e418ac022011475ab34711ee7/node_modules/expo-modules-core/android/.cxx/RelWithDebInfo/6x2110j2/arm64-v8a
  [0/1] Re-running CMake...
  -- Configuring done
  -- Generating done
  -- Build files have been written to: D:/.pnpm-vs/goconnect/expo-modules-core@3.0.29_re_608eee6e418ac022011475ab34711ee7/node_modules/expo-modules-core/android/.cxx/RelWithDebInfo/6x2110j2/arm64-v8a
  [0/1] Re-running CMake...
  -- Configuring done
  -- Generating done
  -- Build files have been written to: D:/.pnpm-vs/goconnect/expo-modules-core@3.0.29_re_608eee6e418ac022011475ab34711ee7/node_modules/expo-modules-core/android/.cxx/RelWithDebInfo/6x2110j2/arm64-v8a
  [0/1] Re-running CMake...
  -- Configuring done
  -- Generating done
  -- Build files have been written to: D:/.pnpm-vs/goconnect/expo-modules-core@3.0.29_re_608eee6e418ac022011475ab34711ee7/node_modules/expo-modules-core/android/.cxx/RelWithDebInfo/6x2110j2/arm64-v8a
  [0/1] Re-running CMake...
  -- Configuring done
  -- Generating done
  -- Build files have been written to: D:/.pnpm-vs/goconnect/expo-modules-core@3.0.29_re_608eee6e418ac022011475ab34711ee7/node_modules/expo-modules-core/android/.cxx/RelWithDebInfo/6x2110j2/arm64-v8a
  [0/1] Re-running CMake...
  -- Configuring done
  -- Generating done
  -- Build files have been written to: D:/.pnpm-vs/goconnect/expo-modules-core@3.0.29_re_608eee6e418ac022011475ab34711ee7/node_modules/expo-modules-core/android/.cxx/RelWithDebInfo/6x2110j2/arm64-v8a
  [0/1] Re-running CMake...
  -- Configuring done
  -- Generating done
  -- Build files have been written to: D:/.pnpm-vs/goconnect/expo-modules-core@3.0.29_re_608eee6e418ac022011475ab34711ee7/node_modules/expo-modules-core/android/.cxx/RelWithDebInfo/6x2110j2/arm64-v8a
  [0/1] Re-running CMake...
  -- Configuring done
  -- Generating done
  -- Build files have been written to: D:/.pnpm-vs/goconnect/expo-modules-core@3.0.29_re_608eee6e418ac022011475ab34711ee7/node_modules/expo-modules-core/android/.cxx/RelWithDebInfo/6x2110j2/arm64-v8a
  [0/1] Re-running CMake...
  -- Configuring done
  -- Generating done
  -- Build files have been written to: D:/.pnpm-vs/goconnect/expo-modules-core@3.0.29_re_608eee6e418ac022011475ab34711ee7/node_modules/expo-modules-core/android/.cxx/RelWithDebInfo/6x2110j2/arm64-v8a
  [0/1] Re-running CMake...
  -- Configuring done
  -- Generating done
  -- Build files have been written to: D:/.pnpm-vs/goconnect/expo-modules-core@3.0.29_re_608eee6e418ac022011475ab34711ee7/node_modules/expo-modules-core/android/.cxx/RelWithDebInfo/6x2110j2/arm64-v8a
  [0/1] Re-running CMake...
  -- Configuring done
  -- Generating done
  -- Build files have been written to: D:/.pnpm-vs/goconnect/expo-modules-core@3.0.29_re_608eee6e418ac022011475ab34711ee7/node_modules/expo-modules-core/android/.cxx/RelWithDebInfo/6x2110j2/arm64-v8a
  [0/1] Re-running CMake...
  -- Configuring done
  -- Generating done
  -- Build files have been written to: D:/.pnpm-vs/goconnect/expo-modules-core@3.0.29_re_608eee6e418ac022011475ab34711ee7/node_modules/expo-modules-core/android/.cxx/RelWithDebInfo/6x2110j2/arm64-v8a
  [0/1] Re-running CMake...
  -- Configuring done
  -- Generating done
  -- Build files have been written to: D:/.pnpm-vs/goconnect/expo-modules-core@3.0.29_re_608eee6e418ac022011475ab34711ee7/node_modules/expo-modules-core/android/.cxx/RelWithDebInfo/6x2110j2/arm64-v8a
  [0/1] Re-running CMake...
  -- Configuring done
  -- Generating done
  -- Build files have been written to: D:/.pnpm-vs/goconnect/expo-modules-core@3.0.29_re_608eee6e418ac022011475ab34711ee7/node_modules/expo-modules-core/android/.cxx/RelWithDebInfo/6x2110j2/arm64-v8a
  [0/1] Re-running CMake...
  -- Configuring done
  -- Generating done
  -- Build files have been written to: D:/.pnpm-vs/goconnect/expo-modules-core@3.0.29_re_608eee6e418ac022011475ab34711ee7/node_modules/expo-modules-core/android/.cxx/RelWithDebInfo/6x2110j2/arm64-v8a
  [0/1] Re-running CMake...
  -- Configuring done
  -- Generating done
  -- Build files have been written to: D:/.pnpm-vs/goconnect/expo-modules-core@3.0.29_re_608eee6e418ac022011475ab34711ee7/node_modules/expo-modules-core/android/.cxx/RelWithDebInfo/6x2110j2/arm64-v8a
  [0/1] Re-running CMake...
  -- Configuring done
  -- Generating done
  -- Build files have been written to: D:/.pnpm-vs/goconnect/expo-modules-core@3.0.29_re_608eee6e418ac022011475ab34711ee7/node_modules/expo-modules-core/android/.cxx/RelWithDebInfo/6x2110j2/arm64-v8a
  [0/1] Re-running CMake...
  -- Configuring done
  -- Generating done
  -- Build files have been written to: D:/.pnpm-vs/goconnect/expo-modules-core@3.0.29_re_608eee6e418ac022011475ab34711ee7/node_modules/expo-modules-core/android/.cxx/RelWithDebInfo/6x2110j2/arm64-v8a
  [0/1] Re-running CMake...
  -- Configuring done
  -- Generating done
  -- Build files have been written to: D:/.pnpm-vs/goconnect/expo-modules-core@3.0.29_re_608eee6e418ac022011475ab34711ee7/node_modules/expo-modules-core/android/.cxx/RelWithDebInfo/6x2110j2/arm64-v8a
  [0/1] Re-running CMake...
  -- Configuring done
  -- Generating done
  -- Build files have been written to: D:/.pnpm-vs/goconnect/expo-modules-core@3.0.29_re_608eee6e418ac022011475ab34711ee7/node_modules/expo-modules-core/android/.cxx/RelWithDebInfo/6x2110j2/arm64-v8a
  [0/1] Re-running CMake...
  -- Configuring done
  -- Generating done
  -- Build files have been written to: D:/.pnpm-vs/goconnect/expo-modules-core@3.0.29_re_608eee6e418ac022011475ab34711ee7/node_modules/expo-modules-core/android/.cxx/RelWithDebInfo/6x2110j2/arm64-v8a
  [0/1] Re-running CMake...
  -- Configuring done
  -- Generating done
  -- Build files have been written to: D:/.pnpm-vs/goconnect/expo-modules-core@3.0.29_re_608eee6e418ac022011475ab34711ee7/node_modules/expo-modules-core/android/.cxx/RelWithDebInfo/6x2110j2/arm64-v8a
  [0/1] Re-running CMake...
  -- Configuring done
  -- Generating done
  -- Build files have been written to: D:/.pnpm-vs/goconnect/expo-modules-core@3.0.29_re_608eee6e418ac022011475ab34711ee7/node_modules/expo-modules-core/android/.cxx/RelWithDebInfo/6x2110j2/arm64-v8a
  [0/1] Re-running CMake...
  -- Configuring done
  -- Generating done
  -- Build files have been written to: D:/.pnpm-vs/goconnect/expo-modules-core@3.0.29_re_608eee6e418ac022011475ab34711ee7/node_modules/expo-modules-core/android/.cxx/RelWithDebInfo/6x2110j2/arm64-v8a
  [0/1] Re-running CMake...
  -- Configuring done
  -- Generating done
  -- Build files have been written to: D:/.pnpm-vs/goconnect/expo-modules-core@3.0.29_re_608eee6e418ac022011475ab34711ee7/node_modules/expo-modules-core/android/.cxx/RelWithDebInfo/6x2110j2/arm64-v8a
  [0/1] Re-running CMake...
  -- Configuring done
  -- Generating done
  -- Build files have been written to: D:/.pnpm-vs/goconnect/expo-modules-core@3.0.29_re_608eee6e418ac022011475ab34711ee7/node_modules/expo-modules-core/android/.cxx/RelWithDebInfo/6x2110j2/arm64-v8a
  [0/1] Re-running CMake...
  -- Configuring done
  -- Generating done
  -- Build files have been written to: D:/.pnpm-vs/goconnect/expo-modules-core@3.0.29_re_608eee6e418ac022011475ab34711ee7/node_modules/expo-modules-core/android/.cxx/RelWithDebInfo/6x2110j2/arm64-v8a
  [0/1] Re-running CMake...
  -- Configuring done
  -- Generating done
  -- Build files have been written to: D:/.pnpm-vs/goconnect/expo-modules-core@3.0.29_re_608eee6e418ac022011475ab34711ee7/node_modules/expo-modules-core/android/.cxx/RelWithDebInfo/6x2110j2/arm64-v8a
  [0/1] Re-running CMake...
  -- Configuring done
  -- Generating done
  -- Build files have been written to: D:/.pnpm-vs/goconnect/expo-modules-core@3.0.29_re_608eee6e418ac022011475ab34711ee7/node_modules/expo-modules-core/android/.cxx/RelWithDebInfo/6x2110j2/arm64-v8a
  [0/1] Re-running CMake...
  -- Configuring done
  -- Generating done
  -- Build files have been written to: D:/.pnpm-vs/goconnect/expo-modules-core@3.0.29_re_608eee6e418ac022011475ab34711ee7/node_modules/expo-modules-core/android/.cxx/RelWithDebInfo/6x2110j2/arm64-v8a
  [0/1] Re-running CMake...
  -- Configuring done
  -- Generating done
  -- Build files have been written to: D:/.pnpm-vs/goconnect/expo-modules-core@3.0.29_re_608eee6e418ac022011475ab34711ee7/node_modules/expo-modules-core/android/.cxx/RelWithDebInfo/6x2110j2/arm64-v8a
  [0/1] Re-running CMake...
  -- Configuring done
  -- Generating done
  -- Build files have been written to: D:/.pnpm-vs/goconnect/expo-modules-core@3.0.29_re_608eee6e418ac022011475ab34711ee7/node_modules/expo-modules-core/android/.cxx/RelWithDebInfo/6x2110j2/arm64-v8a
  [0/1] Re-running CMake...
  -- Configuring done
  -- Generating done
  -- Build files have been written to: D:/.pnpm-vs/goconnect/expo-modules-core@3.0.29_re_608eee6e418ac022011475ab34711ee7/node_modules/expo-modules-core/android/.cxx/RelWithDebInfo/6x2110j2/arm64-v8a
  [0/1] Re-running CMake...
  -- Configuring done
  -- Generating done
  -- Build files have been written to: D:/.pnpm-vs/goconnect/expo-modules-core@3.0.29_re_608eee6e418ac022011475ab34711ee7/node_modules/expo-modules-core/android/.cxx/RelWithDebInfo/6x2110j2/arm64-v8a
  [0/1] Re-running CMake...
  -- Configuring done
  -- Generating done
  -- Build files have been written to: D:/.pnpm-vs/goconnect/expo-modules-core@3.0.29_re_608eee6e418ac022011475ab34711ee7/node_modules/expo-modules-core/android/.cxx/RelWithDebInfo/6x2110j2/arm64-v8a
  [0/1] Re-running CMake...
  -- Configuring done
  -- Generating done
  -- Build files have been written to: D:/.pnpm-vs/goconnect/expo-modules-core@3.0.29_re_608eee6e418ac022011475ab34711ee7/node_modules/expo-modules-core/android/.cxx/RelWithDebInfo/6x2110j2/arm64-v8a
  [0/1] Re-running CMake...
  -- Configuring done
  -- Generating done
  -- Build files have been written to: D:/.pnpm-vs/goconnect/expo-modules-core@3.0.29_re_608eee6e418ac022011475ab34711ee7/node_modules/expo-modules-core/android/.cxx/RelWithDebInfo/6x2110j2/arm64-v8a
  [0/1] Re-running CMake...
  -- Configuring done
  -- Generating done
  -- Build files have been written to: D:/.pnpm-vs/goconnect/expo-modules-core@3.0.29_re_608eee6e418ac022011475ab34711ee7/node_modules/expo-modules-core/android/.cxx/RelWithDebInfo/6x2110j2/arm64-v8a
  [0/1] Re-running CMake...
  -- Configuring done
  -- Generating done
  -- Build files have been written to: D:/.pnpm-vs/goconnect/expo-modules-core@3.0.29_re_608eee6e418ac022011475ab34711ee7/node_modules/expo-modules-core/android/.cxx/RelWithDebInfo/6x2110j2/arm64-v8a
  [0/1] Re-running CMake...
  -- Configuring done
  -- Generating done
  -- Build files have been written to: D:/.pnpm-vs/goconnect/expo-modules-core@3.0.29_re_608eee6e418ac022011475ab34711ee7/node_modules/expo-modules-core/android/.cxx/RelWithDebInfo/6x2110j2/arm64-v8a
  [0/1] Re-running CMake...
  -- Configuring done
  -- Generating done
  -- Build files have been written to: D:/.pnpm-vs/goconnect/expo-modules-core@3.0.29_re_608eee6e418ac022011475ab34711ee7/node_modules/expo-modules-core/android/.cxx/RelWithDebInfo/6x2110j2/arm64-v8a
  [0/1] Re-running CMake...
  -- Configuring done
  -- Generating done
  -- Build files have been written to: D:/.pnpm-vs/goconnect/expo-modules-core@3.0.29_re_608eee6e418ac022011475ab34711ee7/node_modules/expo-modules-core/android/.cxx/RelWithDebInfo/6x2110j2/arm64-v8a
  [0/1] Re-running CMake...
  -- Configuring done
  -- Generating done
  -- Build files have been written to: D:/.pnpm-vs/goconnect/expo-modules-core@3.0.29_re_608eee6e418ac022011475ab34711ee7/node_modules/expo-modules-core/android/.cxx/RelWithDebInfo/6x2110j2/arm64-v8a
  [0/1] Re-running CMake...
  -- Configuring done
  -- Generating done
  -- Build files have been written to: D:/.pnpm-vs/goconnect/expo-modules-core@3.0.29_re_608eee6e418ac022011475ab34711ee7/node_modules/expo-modules-core/android/.cxx/RelWithDebInfo/6x2110j2/arm64-v8a
  [0/1] Re-running CMake...
  -- Configuring done
  -- Generating done
  -- Build files have been written to: D:/.pnpm-vs/goconnect/expo-modules-core@3.0.29_re_608eee6e418ac022011475ab34711ee7/node_modules/expo-modules-core/android/.cxx/RelWithDebInfo/6x2110j2/arm64-v8a
  [0/1] Re-running CMake...
  -- Configuring done
  -- Generating done
  -- Build files have been written to: D:/.pnpm-vs/goconnect/expo-modules-core@3.0.29_re_608eee6e418ac022011475ab34711ee7/node_modules/expo-modules-core/android/.cxx/RelWithDebInfo/6x2110j2/arm64-v8a
  [0/1] Re-running CMake...
  -- Configuring done
  -- Generating done
  -- Build files have been written to: D:/.pnpm-vs/goconnect/expo-modules-core@3.0.29_re_608eee6e418ac022011475ab34711ee7/node_modules/expo-modules-core/android/.cxx/RelWithDebInfo/6x2110j2/arm64-v8a
  [0/1] Re-running CMake...
  -- Configuring done
  -- Generating done
  -- Build files have been written to: D:/.pnpm-vs/goconnect/expo-modules-core@3.0.29_re_608eee6e418ac022011475ab34711ee7/node_modules/expo-modules-core/android/.cxx/RelWithDebInfo/6x2110j2/arm64-v8a
  [0/1] Re-running CMake...
  -- Configuring done
  -- Generating done
  -- Build files have been written to: D:/.pnpm-vs/goconnect/expo-modules-core@3.0.29_re_608eee6e418ac022011475ab34711ee7/node_modules/expo-modules-core/android/.cxx/RelWithDebInfo/6x2110j2/arm64-v8a
  [0/1] Re-running CMake...
  -- Configuring done
  -- Generating done
  -- Build files have been written to: D:/.pnpm-vs/goconnect/expo-modules-core@3.0.29_re_608eee6e418ac022011475ab34711ee7/node_modules/expo-modules-core/android/.cxx/RelWithDebInfo/6x2110j2/arm64-v8a
  [0/1] Re-running CMake...
  -- Configuring done
  -- Generating done
  -- Build files have been written to: D:/.pnpm-vs/goconnect/expo-modules-core@3.0.29_re_608eee6e418ac022011475ab34711ee7/node_modules/expo-modules-core/android/.cxx/RelWithDebInfo/6x2110j2/arm64-v8a
  [0/1] Re-running CMake...
  -- Configuring done
  -- Generating done
  -- Build files have been written to: D:/.pnpm-vs/goconnect/expo-modules-core@3.0.29_re_608eee6e418ac022011475ab34711ee7/node_modules/expo-modules-core/android/.cxx/RelWithDebInfo/6x2110j2/arm64-v8a
  [0/1] Re-running CMake...
  -- Configuring done
  -- Generating done
  -- Build files have been written to: D:/.pnpm-vs/goconnect/expo-modules-core@3.0.29_re_608eee6e418ac022011475ab34711ee7/node_modules/expo-modules-core/android/.cxx/RelWithDebInfo/6x2110j2/arm64-v8a
  [0/1] Re-running CMake...
  -- Configuring done
  -- Generating done
  -- Build files have been written to: D:/.pnpm-vs/goconnect/expo-modules-core@3.0.29_re_608eee6e418ac022011475ab34711ee7/node_modules/expo-modules-core/android/.cxx/RelWithDebInfo/6x2110j2/arm64-v8a
  [0/1] Re-running CMake...
  -- Configuring done
  -- Generating done
  -- Build files have been written to: D:/.pnpm-vs/goconnect/expo-modules-core@3.0.29_re_608eee6e418ac022011475ab34711ee7/node_modules/expo-modules-core/android/.cxx/RelWithDebInfo/6x2110j2/arm64-v8a
  [0/1] Re-running CMake...
  -- Configuring done
  -- Generating done
  -- Build files have been written to: D:/.pnpm-vs/goconnect/expo-modules-core@3.0.29_re_608eee6e418ac022011475ab34711ee7/node_modules/expo-modules-core/android/.cxx/RelWithDebInfo/6x2110j2/arm64-v8a
  [0/1] Re-running CMake...
  -- Configuring done
  -- Generating done
  -- Build files have been written to: D:/.pnpm-vs/goconnect/expo-modules-core@3.0.29_re_608eee6e418ac022011475ab34711ee7/node_modules/expo-modules-core/android/.cxx/RelWithDebInfo/6x2110j2/arm64-v8a
  [0/1] Re-running CMake...
  -- Configuring done
  -- Generating done
  -- Build files have been written to: D:/.pnpm-vs/goconnect/expo-modules-core@3.0.29_re_608eee6e418ac022011475ab34711ee7/node_modules/expo-modules-core/android/.cxx/RelWithDebInfo/6x2110j2/arm64-v8a
  [0/1] Re-running CMake...
  -- Configuring done
  -- Generating done
  -- Build files have been written to: D:/.pnpm-vs/goconnect/expo-modules-core@3.0.29_re_608eee6e418ac022011475ab34711ee7/node_modules/expo-modules-core/android/.cxx/RelWithDebInfo/6x2110j2/arm64-v8a
  [0/1] Re-running CMake...
  -- Configuring done
  -- Generating done
  -- Build files have been written to: D:/.pnpm-vs/goconnect/expo-modules-core@3.0.29_re_608eee6e418ac022011475ab34711ee7/node_modules/expo-modules-core/android/.cxx/RelWithDebInfo/6x2110j2/arm64-v8a
  [0/1] Re-running CMake...
  -- Configuring done
  -- Generating done
  -- Build files have been written to: D:/.pnpm-vs/goconnect/expo-modules-core@3.0.29_re_608eee6e418ac022011475ab34711ee7/node_modules/expo-modules-core/android/.cxx/RelWithDebInfo/6x2110j2/arm64-v8a
  [0/1] Re-running CMake...
  -- Configuring done
  -- Generating done
  -- Build files have been written to: D:/.pnpm-vs/goconnect/expo-modules-core@3.0.29_re_608eee6e418ac022011475ab34711ee7/node_modules/expo-modules-core/android/.cxx/RelWithDebInfo/6x2110j2/arm64-v8a
  [0/1] Re-running CMake...
  -- Configuring done
  -- Generating done
  -- Build files have been written to: D:/.pnpm-vs/goconnect/expo-modules-core@3.0.29_re_608eee6e418ac022011475ab34711ee7/node_modules/expo-modules-core/android/.cxx/RelWithDebInfo/6x2110j2/arm64-v8a
  [0/1] Re-running CMake...
  -- Configuring done
  -- Generating done
  -- Build files have been written to: D:/.pnpm-vs/goconnect/expo-modules-core@3.0.29_re_608eee6e418ac022011475ab34711ee7/node_modules/expo-modules-core/android/.cxx/RelWithDebInfo/6x2110j2/arm64-v8a
  [0/1] Re-running CMake...
  -- Configuring done
  -- Generating done
  -- Build files have been written to: D:/.pnpm-vs/goconnect/expo-modules-core@3.0.29_re_608eee6e418ac022011475ab34711ee7/node_modules/expo-modules-core/android/.cxx/RelWithDebInfo/6x2110j2/arm64-v8a
  [0/1] Re-running CMake...
  -- Configuring done
  -- Generating done
  -- Build files have been written to: D:/.pnpm-vs/goconnect/expo-modules-core@3.0.29_re_608eee6e418ac022011475ab34711ee7/node_modules/expo-modules-core/android/.cxx/RelWithDebInfo/6x2110j2/arm64-v8a
  [0/1] Re-running CMake...
  -- Configuring done
  -- Generating done
  -- Build files have been written to: D:/.pnpm-vs/goconnect/expo-modules-core@3.0.29_re_608eee6e418ac022011475ab34711ee7/node_modules/expo-modules-core/android/.cxx/RelWithDebInfo/6x2110j2/arm64-v8a
  [0/1] Re-running CMake...
  -- Configuring done
  -- Generating done
  -- Build files have been written to: D:/.pnpm-vs/goconnect/expo-modules-core@3.0.29_re_608eee6e418ac022011475ab34711ee7/node_modules/expo-modules-core/android/.cxx/RelWithDebInfo/6x2110j2/arm64-v8a
  [0/1] Re-running CMake...
  -- Configuring done
  -- Generating done
  -- Build files have been written to: D:/.pnpm-vs/goconnect/expo-modules-core@3.0.29_re_608eee6e418ac022011475ab34711ee7/node_modules/expo-modules-core/android/.cxx/RelWithDebInfo/6x2110j2/arm64-v8a
  [0/1] Re-running CMake...
  -- Configuring done
  -- Generating done
  -- Build files have been written to: D:/.pnpm-vs/goconnect/expo-modules-core@3.0.29_re_608eee6e418ac022011475ab34711ee7/node_modules/expo-modules-core/android/.cxx/RelWithDebInfo/6x2110j2/arm64-v8a
  [0/1] Re-running CMake...
  -- Configuring done
  -- Generating done
  -- Build files have been written to: D:/.pnpm-vs/goconnect/expo-modules-core@3.0.29_re_608eee6e418ac022011475ab34711ee7/node_modules/expo-modules-core/android/.cxx/RelWithDebInfo/6x2110j2/arm64-v8a
  [0/1] Re-running CMake...
  -- Configuring done
  -- Generating done
  -- Build files have been written to: D:/.pnpm-vs/goconnect/expo-modules-core@3.0.29_re_608eee6e418ac022011475ab34711ee7/node_modules/expo-modules-core/android/.cxx/RelWithDebInfo/6x2110j2/arm64-v8a
  [0/1] Re-running CMake...
  -- Configuring done
  -- Generating done
  -- Build files have been written to: D:/.pnpm-vs/goconnect/expo-modules-core@3.0.29_re_608eee6e418ac022011475ab34711ee7/node_modules/expo-modules-core/android/.cxx/RelWithDebInfo/6x2110j2/arm64-v8a
  [0/1] Re-running CMake...
  -- Configuring done
  -- Generating done
  -- Build files have been written to: D:/.pnpm-vs/goconnect/expo-modules-core@3.0.29_re_608eee6e418ac022011475ab34711ee7/node_modules/expo-modules-core/android/.cxx/RelWithDebInfo/6x2110j2/arm64-v8a
  [0/1] Re-running CMake...
  -- Configuring done
  -- Generating done
  -- Build files have been written to: D:/.pnpm-vs/goconnect/expo-modules-core@3.0.29_re_608eee6e418ac022011475ab34711ee7/node_modules/expo-modules-core/android/.cxx/RelWithDebInfo/6x2110j2/arm64-v8a
  [0/1] Re-running CMake...
  -- Configuring done
  -- Generating done
  -- Build files have been written to: D:/.pnpm-vs/goconnect/expo-modules-core@3.0.29_re_608eee6e418ac022011475ab34711ee7/node_modules/expo-modules-core/android/.cxx/RelWithDebInfo/6x2110j2/arm64-v8a
  [0/1] Re-running CMake...
  -- Configuring done
  -- Generating done
  -- Build files have been written to: D:/.pnpm-vs/goconnect/expo-modules-core@3.0.29_re_608eee6e418ac022011475ab34711ee7/node_modules/expo-modules-core/android/.cxx/RelWithDebInfo/6x2110j2/arm64-v8a
  [0/1] Re-running CMake...
  -- Configuring done
  -- Generating done
  -- Build files have been written to: D:/.pnpm-vs/goconnect/expo-modules-core@3.0.29_re_608eee6e418ac022011475ab34711ee7/node_modules/expo-modules-core/android/.cxx/RelWithDebInfo/6x2110j2/arm64-v8a
  [0/1] Re-running CMake...
  -- Configuring done
  -- Generating done
  -- Build files have been written to: D:/.pnpm-vs/goconnect/expo-modules-core@3.0.29_re_608eee6e418ac022011475ab34711ee7/node_modules/expo-modules-core/android/.cxx/RelWithDebInfo/6x2110j2/arm64-v8a
  [0/1] Re-running CMake...
  -- Configuring done
  -- Generating done
  -- Build files have been written to: D:/.pnpm-vs/goconnect/expo-modules-core@3.0.29_re_608eee6e418ac022011475ab34711ee7/node_modules/expo-modules-core/android/.cxx/RelWithDebInfo/6x2110j2/arm64-v8a
  [0/1] Re-running CMake...
  -- Configuring done
  -- Generating done
  -- Build files have been written to: D:/.pnpm-vs/goconnect/expo-modules-core@3.0.29_re_608eee6e418ac022011475ab34711ee7/node_modules/expo-modules-core/android/.cxx/RelWithDebInfo/6x2110j2/arm64-v8a
  [0/1] Re-running CMake...
  -- Configuring done
  -- Generating done
  -- Build files have been written to: D:/.pnpm-vs/goconnect/expo-modules-core@3.0.29_re_608eee6e418ac022011475ab34711ee7/node_modules/expo-modules-core/android/.cxx/RelWithDebInfo/6x2110j2/arm64-v8a
  [0/1] Re-running CMake...
  -- Configuring done
  -- Generating done
  -- Build files have been written to: D:/.pnpm-vs/goconnect/expo-modules-core@3.0.29_re_608eee6e418ac022011475ab34711ee7/node_modules/expo-modules-core/android/.cxx/RelWithDebInfo/6x2110j2/arm64-v8a
  [0/1] Re-running CMake...
  -- Configuring done
  -- Generating done
  -- Build files have been written to: D:/.pnpm-vs/goconnect/expo-modules-core@3.0.29_re_608eee6e418ac022011475ab34711ee7/node_modules/expo-modules-core/android/.cxx/RelWithDebInfo/6x2110j2/arm64-v8a
  [0/1] Re-running CMake...
  -- Configuring done
  -- Generating done
  -- Build files have been written to: D:/.pnpm-vs/goconnect/expo-modules-core@3.0.29_re_608eee6e418ac022011475ab34711ee7/node_modules/expo-modules-core/android/.cxx/RelWithDebInfo/6x2110j2/arm64-v8a
  [0/1] Re-running CMake...
  -- Configuring done
  -- Generating done
  -- Build files have been written to: D:/.pnpm-vs/goconnect/expo-modules-core@3.0.29_re_608eee6e418ac022011475ab34711ee7/node_modules/expo-modules-core/android/.cxx/RelWithDebInfo/6x2110j2/arm64-v8a
  [0/1] Re-running CMake...
  -- Configuring done
  -- Generating done
  -- Build files have been written to: D:/.pnpm-vs/goconnect/expo-modules-core@3.0.29_re_608eee6e418ac022011475ab34711ee7/node_modules/expo-modules-core/android/.cxx/RelWithDebInfo/6x2110j2/arm64-v8a
  [0/1] Re-running CMake...
  -- Configuring done
  -- Generating done
  -- Build files have been written to: D:/.pnpm-vs/goconnect/expo-modules-core@3.0.29_re_608eee6e418ac022011475ab34711ee7/node_modules/expo-modules-core/android/.cxx/RelWithDebInfo/6x2110j2/arm64-v8a
  [0/1] Re-running CMake...
  -- Configuring done
  -- Generating done
  -- Build files have been written to: D:/.pnpm-vs/goconnect/expo-modules-core@3.0.29_re_608eee6e418ac022011475ab34711ee7/node_modules/expo-modules-core/android/.cxx/RelWithDebInfo/6x2110j2/arm64-v8a
  [0/1] Re-running CMake...
  -- Configuring done
  -- Generating done
  -- Build files have been written to: D:/.pnpm-vs/goconnect/expo-modules-core@3.0.29_re_608eee6e418ac022011475ab34711ee7/node_modules/expo-modules-core/android/.cxx/RelWithDebInfo/6x2110j2/arm64-v8a
  [0/1] Re-running CMake...
  -- Configuring done
  -- Generating done
  -- Build files have been written to: D:/.pnpm-vs/goconnect/expo-modules-core@3.0.29_re_608eee6e418ac022011475ab34711ee7/node_modules/expo-modules-core/android/.cxx/RelWithDebInfo/6x2110j2/arm64-v8a
  [0/1] Re-running CMake...
  -- Configuring done
  -- Generating done
  -- Build files have been written to: D:/.pnpm-vs/goconnect/expo-modules-core@3.0.29_re_608eee6e418ac022011475ab34711ee7/node_modules/expo-modules-core/android/.cxx/RelWithDebInfo/6x2110j2/arm64-v8a
  [0/1] Re-running CMake...
  -- Configuring done
  -- Generating done
  -- Build files have been written to: D:/.pnpm-vs/goconnect/expo-modules-core@3.0.29_re_608eee6e418ac022011475ab34711ee7/node_modules/expo-modules-core/android/.cxx/RelWithDebInfo/6x2110j2/arm64-v8a
  [0/1] Re-running CMake...
  -- Configuring done
  -- Generating done
  -- Build files have been written to: D:/.pnpm-vs/goconnect/expo-modules-core@3.0.29_re_608eee6e418ac022011475ab34711ee7/node_modules/expo-modules-core/android/.cxx/RelWithDebInfo/6x2110j2/arm64-v8a
  [0/1] Re-running CMake...
  -- Configuring done
  -- Generating done
  -- Build files have been written to: D:/.pnpm-vs/goconnect/expo-modules-core@3.0.29_re_608eee6e418ac022011475ab34711ee7/node_modules/expo-modules-core/android/.cxx/RelWithDebInfo/6x2110j2/arm64-v8a
  [0/1] Re-running CMake...
  -- Configuring done
  -- Generating done
  -- Build files have been written to: D:/.pnpm-vs/goconnect/expo-modules-core@3.0.29_re_608eee6e418ac022011475ab34711ee7/node_modules/expo-modules-core/android/.cxx/RelWithDebInfo/6x2110j2/arm64-v8a
  
  C++ build system [clean] failed while executing:
      @echo off
      "D:\\Android\\Sdk\\cmake\\3.22.1\\bin\\ninja.exe" ^
        -C ^
        "D:\\.pnpm-vs\\goconnect\\expo-modules-core@3.0.29_re_608eee6e418ac022011475ab34711ee7\\node_modules\\expo-modules-core\\android\\.cxx\\RelWithDebInfo\\6x2110j2\\arm64-v8a" ^
        clean
    from D:\.pnpm-vs\goconnect\expo-modules-core@3.0.29_re_608eee6e418ac022011475ab34711ee7\node_modules\expo-modules-core\android
  CMake Warning in CMakeLists.txt:
    The object file directory
  
      D:/.pnpm-vs/goconnect/expo-modules-core@3.0.29_re_608eee6e418ac022011475ab34711ee7/node_modules/expo-modules-core/android/.cxx/RelWithDebInfo/6x2110j2/arm64-v8a/CMakeFiles/expo-modules-core.dir/./
  
    has 196 characters.  The maximum full path to an object file is 250
    characters (see CMAKE_OBJECT_PATH_MAX).  Object file
  
      D_/.pnpm-vs/goconnect/expo-modules-core@3.0.29_re_608eee6e418ac022011475ab34711ee7/node_modules/expo-modules-core/common/cpp/ObjectDeallocator.cpp.o
  
    cannot be safely placed under this directory.  The build may not work
    correctly.
  
  
  CMake Warning in src/fabric/CMakeLists.txt:
    The object file directory
  
      D:/.pnpm-vs/goconnect/expo-modules-core@3.0.29_re_608eee6e418ac022011475ab34711ee7/node_modules/expo-modules-core/android/.cxx/RelWithDebInfo/6x2110j2/arm64-v8a/src/fabric/CMakeFiles/fabric.dir/./
  
    has 196 characters.  The maximum full path to an object file is 250
    characters (see CMAKE_OBJECT_PATH_MAX).  Object file
  
      D_/.pnpm-vs/goconnect/expo-modules-core@3.0.29_re_608eee6e418ac022011475ab34711ee7/node_modules/expo-modules-core/common/cpp/fabric/ExpoViewComponentDescriptor.cpp.o
  
    cannot be safely placed under this directory.  The build may not work
    correctly.
  
  
  CMake Warning in CMakeLists.txt:
    The object file directory
  
      D:/.pnpm-vs/goconnect/expo-modules-core@3.0.29_re_608eee6e418ac022011475ab34711ee7/node_modules/expo-modules-core/android/.cxx/RelWithDebInfo/6x2110j2/arm64-v8a/CMakeFiles/expo-modules-core.dir/./
  
    has 196 characters.  The maximum full path to an object file is 250
    characters (see CMAKE_OBJECT_PATH_MAX).  Object file
  
      D_/.pnpm-vs/goconnect/expo-modules-core@3.0.29_re_608eee6e418ac022011475ab34711ee7/node_modules/expo-modules-core/common/cpp/ObjectDeallocator.cpp.o
  
    cannot be safely placed under this directory.  The build may not work
    correctly.
  
  
  CMake Warning in src/fabric/CMakeLists.txt:
    The object file directory
  
      D:/.pnpm-vs/goconnect/expo-modules-core@3.0.29_re_608eee6e418ac022011475ab34711ee7/node_modules/expo-modules-core/android/.cxx/RelWithDebInfo/6x2110j2/arm64-v8a/src/fabric/CMakeFiles/fabric.dir/./
  
    has 196 characters.  The maximum full path to an object file is 250
    characters (see CMAKE_OBJECT_PATH_MAX).  Object file
  
      D_/.pnpm-vs/goconnect/expo-modules-core@3.0.29_re_608eee6e418ac022011475ab34711ee7/node_modules/expo-modules-core/common/cpp/fabric/ExpoViewEventEmitter.cpp.o
  
    cannot be safely placed under this directory.  The build may not work
    correctly.
  
  
  CMake Warning in CMakeLists.txt:
    The object file directory
  
      D:/.pnpm-vs/goconnect/expo-modules-core@3.0.29_re_608eee6e418ac022011475ab34711ee7/node_modules/expo-modules-core/android/.cxx/RelWithDebInfo/6x2110j2/arm64-v8a/CMakeFiles/expo-modules-core.dir/./
  
    has 196 characters.  The maximum full path to an object file is 250
    characters (see CMAKE_OBJECT_PATH_MAX).  Object file
  
      D_/.pnpm-vs/goconnect/expo-modules-core@3.0.29_re_608eee6e418ac022011475ab34711ee7/node_modules/expo-modules-core/common/cpp/ObjectDeallocator.cpp.o
  
    cannot be safely placed under this directory.  The build may not work
    correctly.
  
  
  CMake Warning in src/fabric/CMakeLists.txt:
    The object file directory
  
      D:/.pnpm-vs/goconnect/expo-modules-core@3.0.29_re_608eee6e418ac022011475ab34711ee7/node_modules/expo-modules-core/android/.cxx/RelWithDebInfo/6x2110j2/arm64-v8a/src/fabric/CMakeFiles/fabric.dir/./
  
    has 196 characters.  The maximum full path to an object file is 250
    characters (see CMAKE_OBJECT_PATH_MAX).  Object file
  
      D_/.pnpm-vs/goconnect/expo-modules-core@3.0.29_re_608eee6e418ac022011475ab34711ee7/node_modules/expo-modules-core/common/cpp/fabric/ExpoViewEventEmitter.cpp.o
  
    cannot be safely placed under this directory.  The build may not work
    correctly.
  
  
  CMake Warning in CMakeLists.txt:
    The object file directory
  
      D:/.pnpm-vs/goconnect/expo-modules-core@3.0.29_re_608eee6e418ac022011475ab34711ee7/node_modules/expo-modules-core/android/.cxx/RelWithDebInfo/6x2110j2/arm64-v8a/CMakeFiles/expo-modules-core.dir/./
  
    has 196 characters.  The maximum full path to an object file is 250
    characters (see CMAKE_OBJECT_PATH_MAX).  Object file
  
      D_/.pnpm-vs/goconnect/expo-modules-core@3.0.29_re_608eee6e418ac022011475ab34711ee7/node_modules/expo-modules-core/common/cpp/ObjectDeallocator.cpp.o
  
    cannot be safely placed under this directory.  The build may not work
    correctly.
  
  
  CMake Warning in src/fabric/CMakeLists.txt:
    The object file directory
  
      D:/.pnpm-vs/goconnect/expo-modules-core@3.0.29_re_608eee6e418ac022011475ab34711ee7/node_modules/expo-modules-core/android/.cxx/RelWithDebInfo/6x2110j2/arm64-v8a/src/fabric/CMakeFiles/fabric.dir/./
  
    has 196 characters.  The maximum full path to an object file is 250
    characters (see CMAKE_OBJECT_PATH_MAX).  Object file
  
      D_/.pnpm-vs/goconnect/expo-modules-core@3.0.29_re_608eee6e418ac022011475ab34711ee7/node_modules/expo-modules-core/common/cpp/fabric/ExpoViewComponentDescriptor.cpp.o
  
    cannot be safely placed under this directory.  The build may not work
    correctly.
  
  
  CMake Warning in CMakeLists.txt:
    The object file directory
  
      D:/.pnpm-vs/goconnect/expo-modules-core@3.0.29_re_608eee6e418ac022011475ab34711ee7/node_modules/expo-modules-core/android/.cxx/RelWithDebInfo/6x2110j2/arm64-v8a/CMakeFiles/expo-modules-core.dir/./
  
    has 196 characters.  The maximum full path to an object file is 250
    characters (see CMAKE_OBJECT_PATH_MAX).  Object file
  
      D_/.pnpm-vs/goconnect/expo-modules-core@3.0.29_re_608eee6e418ac022011475ab34711ee7/node_modules/expo-modules-core/common/cpp/ObjectDeallocator.cpp.o
  
    cannot be safely placed under this directory.  The build may not work
    correctly.
  
  
  CMake Warning in src/fabric/CMakeLists.txt:
    The object file directory
  
      D:/.pnpm-vs/goconnect/expo-modules-core@3.0.29_re_608eee6e418ac022011475ab34711ee7/node_modules/expo-modules-core/android/.cxx/RelWithDebInfo/6x2110j2/arm64-v8a/src/fabric/CMakeFiles/fabric.dir/./
  
    has 196 characters.  The maximum full path to an object file is 250
    characters (see CMAKE_OBJECT_PATH_MAX).  Object file
  
      D_/.pnpm-vs/goconnect/expo-modules-core@3.0.29_re_608eee6e418ac022011475ab34711ee7/node_modules/expo-modules-core/common/cpp/fabric/ExpoViewComponentDescriptor.cpp.o
  
    cannot be safely placed under this directory.  The build may not work
    correctly.
  
  
  CMake Warning in CMakeLists.txt:
    The object file directory
  
      D:/.pnpm-vs/goconnect/expo-modules-core@3.0.29_re_608eee6e418ac022011475ab34711ee7/node_modules/expo-modules-core/android/.cxx/RelWithDebInfo/6x2110j2/arm64-v8a/CMakeFiles/expo-modules-core.dir/./
  
    has 196 characters.  The maximum full path to an object file is 250
    characters (see CMAKE_OBJECT_PATH_MAX).  Object file
  
      D_/.pnpm-vs/goconnect/expo-modules-core@3.0.29_re_608eee6e418ac022011475ab34711ee7/node_modules/expo-modules-core/common/cpp/ObjectDeallocator.cpp.o
  
    cannot be safely placed under this directory.  The build may not work
    correctly.
  
  
  CMake Warning in src/fabric/CMakeLists.txt:
    The object file directory
  
      D:/.pnpm-vs/goconnect/expo-modules-core@3.0.29_re_608eee6e418ac022011475ab34711ee7/node_modules/expo-modules-core/android/.cxx/RelWithDebInfo/6x2110j2/arm64-v8a/src/fabric/CMakeFiles/fabric.dir/./
  
    has 196 characters.  The maximum full path to an object file is 250
    characters (see CMAKE_OBJECT_PATH_MAX).  Object file
  
      D_/.pnpm-vs/goconnect/expo-modules-core@3.0.29_re_608eee6e418ac022011475ab34711ee7/node_modules/expo-modules-core/common/cpp/fabric/ExpoViewComponentDescriptor.cpp.o
  
    cannot be safely placed under this directory.  The build may not work
    correctly.
  
  
  CMake Warning in CMakeLists.txt:
    The object file directory
  
      D:/.pnpm-vs/goconnect/expo-modules-core@3.0.29_re_608eee6e418ac022011475ab34711ee7/node_modules/expo-modules-core/android/.cxx/RelWithDebInfo/6x2110j2/arm64-v8a/CMakeFiles/expo-modules-core.dir/./
  
    has 196 characters.  The maximum full path to an object file is 250
    characters (see CMAKE_OBJECT_PATH_MAX).  Object file
  
      D_/.pnpm-vs/goconnect/expo-modules-core@3.0.29_re_608eee6e418ac022011475ab34711ee7/node_modules/expo-modules-core/common/cpp/ObjectDeallocator.cpp.o
  
    cannot be safely placed under this directory.  The build may not work
    correctly.
  
  
  CMake Warning in src/fabric/CMakeLists.txt:
    The object file directory
  
      D:/.pnpm-vs/goconnect/expo-modules-core@3.0.29_re_608eee6e418ac022011475ab34711ee7/node_modules/expo-modules-core/android/.cxx/RelWithDebInfo/6x2110j2/arm64-v8a/src/fabric/CMakeFiles/fabric.dir/./
  
    has 196 characters.  The maximum full path to an object file is 250
    characters (see CMAKE_OBJECT_PATH_MAX).  Object file
  
      D_/.pnpm-vs/goconnect/expo-modules-core@3.0.29_re_608eee6e418ac022011475ab34711ee7/node_modules/expo-modules-core/common/cpp/fabric/ExpoViewComponentDescriptor.cpp.o
  
    cannot be safely placed under this directory.  The build may not work
    correctly.
  
  
  CMake Warning in CMakeLists.txt:
    The object file directory
  
      D:/.pnpm-vs/goconnect/expo-modules-core@3.0.29_re_608eee6e418ac022011475ab34711ee7/node_modules/expo-modules-core/android/.cxx/RelWithDebInfo/6x2110j2/arm64-v8a/CMakeFiles/expo-modules-core.dir/./
  
    has 196 characters.  The maximum full path to an object file is 250
    characters (see CMAKE_OBJECT_PATH_MAX).  Object file
  
      D_/.pnpm-vs/goconnect/expo-modules-core@3.0.29_re_608eee6e418ac022011475ab34711ee7/node_modules/expo-modules-core/common/cpp/ObjectDeallocator.cpp.o
  
    cannot be safely placed under this directory.  The build may not work
    correctly.
  
  
  CMake Warning in src/fabric/CMakeLists.txt:
    The object file directory
  
      D:/.pnpm-vs/goconnect/expo-modules-core@3.0.29_re_608eee6e418ac022011475ab34711ee7/node_modules/expo-modules-core/android/.cxx/RelWithDebInfo/6x2110j2/arm64-v8a/src/fabric/CMakeFiles/fabric.dir/./
  
    has 196 characters.  The maximum full path to an object file is 250
    characters (see CMAKE_OBJECT_PATH_MAX).  Object file
  
      D_/.pnpm-vs/goconnect/expo-modules-core@3.0.29_re_608eee6e418ac022011475ab34711ee7/node_modules/expo-modules-core/common/cpp/fabric/ExpoViewEventEmitter.cpp.o
  
    cannot be safely placed under this directory.  The build may not work
    correctly.
  
  
  CMake Warning in CMakeLists.txt:
    The object file directory
  
      D:/.pnpm-vs/goconnect/expo-modules-core@3.0.29_re_608eee6e418ac022011475ab34711ee7/node_modules/expo-modules-core/android/.cxx/RelWithDebInfo/6x2110j2/arm64-v8a/CMakeFiles/expo-modules-core.dir/./
  
    has 196 characters.  The maximum full path to an object file is 250
    characters (see CMAKE_OBJECT_PATH_MAX).  Object file
  
      D_/.pnpm-vs/goconnect/expo-modules-core@3.0.29_re_608eee6e418ac022011475ab34711ee7/node_modules/expo-modules-core/common/cpp/ObjectDeallocator.cpp.o
  
    cannot be safely placed under this directory.  The build may not work
    correctly.
  
  
  CMake Warning in src/fabric/CMakeLists.txt:
    The object file directory
  
      D:/.pnpm-vs/goconnect/expo-modules-core@3.0.29_re_608eee6e418ac022011475ab34711ee7/node_modules/expo-modules-core/android/.cxx/RelWithDebInfo/6x2110j2/arm64-v8a/src/fabric/CMakeFiles/fabric.dir/./
  
    has 196 characters.  The maximum full path to an object file is 250
    characters (see CMAKE_OBJECT_PATH_MAX).  Object file
  
      D_/.pnpm-vs/goconnect/expo-modules-core@3.0.29_re_608eee6e418ac022011475ab34711ee7/node_modules/expo-modules-core/common/cpp/fabric/ExpoViewComponentDescriptor.cpp.o
  
    cannot be safely placed under this directory.  The build may not work
    correctly.
  
  
  CMake Warning in CMakeLists.txt:
    The object file directory
  
      D:/.pnpm-vs/goconnect/expo-modules-core@3.0.29_re_608eee6e418ac022011475ab34711ee7/node_modules/expo-modules-core/android/.cxx/RelWithDebInfo/6x2110j2/arm64-v8a/CMakeFiles/expo-modules-core.dir/./
  
    has 196 characters.  The maximum full path to an object file is 250
    characters (see CMAKE_OBJECT_PATH_MAX).  Object file
  
      D_/.pnpm-vs/goconnect/expo-modules-core@3.0.29_re_608eee6e418ac022011475ab34711ee7/node_modules/expo-modules-core/common/cpp/ObjectDeallocator.cpp.o
  
    cannot be safely placed under this directory.  The build may not work
    correctly.
  
  
  CMake Warning in src/fabric/CMakeLists.txt:
    The object file directory
  
      D:/.pnpm-vs/goconnect/expo-modules-core@3.0.29_re_608eee6e418ac022011475ab34711ee7/node_modules/expo-modules-core/android/.cxx/RelWithDebInfo/6x2110j2/arm64-v8a/src/fabric/CMakeFiles/fabric.dir/./
  
    has 196 characters.  The maximum full path to an object file is 250
    characters (see CMAKE_OBJECT_PATH_MAX).  Object file
  
      D_/.pnpm-vs/goconnect/expo-modules-core@3.0.29_re_608eee6e418ac022011475ab34711ee7/node_modules/expo-modules-core/common/cpp/fabric/ExpoViewEventEmitter.cpp.o
  
    cannot be safely placed under this directory.  The build may not work
    correctly.
  
  
  CMake Warning in CMakeLists.txt:
    The object file directory
  
      D:/.pnpm-vs/goconnect/expo-modules-core@3.0.29_re_608eee6e418ac022011475ab34711ee7/node_modules/expo-modules-core/android/.cxx/RelWithDebInfo/6x2110j2/arm64-v8a/CMakeFiles/expo-modules-core.dir/./
  
    has 196 characters.  The maximum full path to an object file is 250
    characters (see CMAKE_OBJECT_PATH_MAX).  Object file
  
      D_/.pnpm-vs/goconnect/expo-modules-core@3.0.29_re_608eee6e418ac022011475ab34711ee7/node_modules/expo-modules-core/common/cpp/ObjectDeallocator.cpp.o
  
    cannot be safely placed under this directory.  The build may not work
    correctly.
  
  
  CMake Warning in src/fabric/CMakeLists.txt:
    The object file directory
  
      D:/.pnpm-vs/goconnect/expo-modules-core@3.0.29_re_608eee6e418ac022011475ab34711ee7/node_modules/expo-modules-core/android/.cxx/RelWithDebInfo/6x2110j2/arm64-v8a/src/fabric/CMakeFiles/fabric.dir/./
  
    has 196 characters.  The maximum full path to an object file is 250
    characters (see CMAKE_OBJECT_PATH_MAX).  Object file
  
      D_/.pnpm-vs/goconnect/expo-modules-core@3.0.29_re_608eee6e418ac022011475ab34711ee7/node_modules/expo-modules-core/common/cpp/fabric/ExpoViewComponentDescriptor.cpp.o
  
    cannot be safely placed under this directory.  The build may not work
    correctly.
  
  
  CMake Warning in CMakeLists.txt:
    The object file directory
  
      D:/.pnpm-vs/goconnect/expo-modules-core@3.0.29_re_608eee6e418ac022011475ab34711ee7/node_modules/expo-modules-core/android/.cxx/RelWithDebInfo/6x2110j2/arm64-v8a/CMakeFiles/expo-modules-core.dir/./
  
    has 196 characters.  The maximum full path to an object file is 250
    characters (see CMAKE_OBJECT_PATH_MAX).  Object file
  
      D_/.pnpm-vs/goconnect/expo-modules-core@3.0.29_re_608eee6e418ac022011475ab34711ee7/node_modules/expo-modules-core/common/cpp/ObjectDeallocator.cpp.o
  
    cannot be safely placed under this directory.  The build may not work
    correctly.
  
  
  CMake Warning in src/fabric/CMakeLists.txt:
    The object file directory
  
      D:/.pnpm-vs/goconnect/expo-modules-core@3.0.29_re_608eee6e418ac022011475ab34711ee7/node_modules/expo-modules-core/android/.cxx/RelWithDebInfo/6x2110j2/arm64-v8a/src/fabric/CMakeFiles/fabric.dir/./
  
    has 196 characters.  The maximum full path to an object file is 250
    characters (see CMAKE_OBJECT_PATH_MAX).  Object file
  
      D_/.pnpm-vs/goconnect/expo-modules-core@3.0.29_re_608eee6e418ac022011475ab34711ee7/node_modules/expo-modules-core/common/cpp/fabric/ExpoViewEventEmitter.cpp.o
  
    cannot be safely placed under this directory.  The build may not work
    correctly.
  
  
  CMake Warning in CMakeLists.txt:
    The object file directory
  
      D:/.pnpm-vs/goconnect/expo-modules-core@3.0.29_re_608eee6e418ac022011475ab34711ee7/node_modules/expo-modules-core/android/.cxx/RelWithDebInfo/6x2110j2/arm64-v8a/CMakeFiles/expo-modules-core.dir/./
  
    has 196 characters.  The maximum full path to an object file is 250
    characters (see CMAKE_OBJECT_PATH_MAX).  Object file
  
      src/main/cpp/decorators/JSDecoratorsBridgingObject.cpp.o
  
    cannot be safely placed under this directory.  The build may not work
    correctly.
  
  
  CMake Warning in src/fabric/CMakeLists.txt:
    The object file directory
  
      D:/.pnpm-vs/goconnect/expo-modules-core@3.0.29_re_608eee6e418ac022011475ab34711ee7/node_modules/expo-modules-core/android/.cxx/RelWithDebInfo/6x2110j2/arm64-v8a/src/fabric/CMakeFiles/fabric.dir/./
  
    has 196 characters.  The maximum full path to an object file is 250
    characters (see CMAKE_OBJECT_PATH_MAX).  Object file
  
      D_/.pnpm-vs/goconnect/expo-modules-core@3.0.29_re_608eee6e418ac022011475ab34711ee7/node_modules/expo-modules-core/common/cpp/fabric/ExpoViewComponentDescriptor.cpp.o
  
    cannot be safely placed under this directory.  The build may not work
    correctly.
  
  
  CMake Warning in CMakeLists.txt:
    The object file directory
  
      D:/.pnpm-vs/goconnect/expo-modules-core@3.0.29_re_608eee6e418ac022011475ab34711ee7/node_modules/expo-modules-core/android/.cxx/RelWithDebInfo/6x2110j2/arm64-v8a/CMakeFiles/expo-modules-core.dir/./
  
    has 196 characters.  The maximum full path to an object file is 250
    characters (see CMAKE_OBJECT_PATH_MAX).  Object file
  
      src/main/cpp/decorators/JSDecoratorsBridgingObject.cpp.o
  
    cannot be safely placed under this directory.  The build may not work
    correctly.
  
  
  CMake Warning in src/fabric/CMakeLists.txt:
    The object file directory
  
      D:/.pnpm-vs/goconnect/expo-modules-core@3.0.29_re_608eee6e418ac022011475ab34711ee7/node_modules/expo-modules-core/android/.cxx/RelWithDebInfo/6x2110j2/arm64-v8a/src/fabric/CMakeFiles/fabric.dir/./
  
    has 196 characters.  The maximum full path to an object file is 250
    characters (see CMAKE_OBJECT_PATH_MAX).  Object file
  
      D_/.pnpm-vs/goconnect/expo-modules-core@3.0.29_re_608eee6e418ac022011475ab34711ee7/node_modules/expo-modules-core/common/cpp/fabric/ExpoViewShadowNode.cpp.o
  
    cannot be safely placed under this directory.  The build may not work
    correctly.
  
  
  CMake Warning in CMakeLists.txt:
    The object file directory
  
      D:/.pnpm-vs/goconnect/expo-modules-core@3.0.29_re_608eee6e418ac022011475ab34711ee7/node_modules/expo-modules-core/android/.cxx/RelWithDebInfo/6x2110j2/arm64-v8a/CMakeFiles/expo-modules-core.dir/./
  
    has 196 characters.  The maximum full path to an object file is 250
    characters (see CMAKE_OBJECT_PATH_MAX).  Object file
  
      D_/.pnpm-vs/goconnect/expo-modules-core@3.0.29_re_608eee6e418ac022011475ab34711ee7/node_modules/expo-modules-core/common/cpp/ObjectDeallocator.cpp.o
  
    cannot be safely placed under this directory.  The build may not work
    correctly.
  
  
  CMake Warning in src/fabric/CMakeLists.txt:
    The object file directory
  
      D:/.pnpm-vs/goconnect/expo-modules-core@3.0.29_re_608eee6e418ac022011475ab34711ee7/node_modules/expo-modules-core/android/.cxx/RelWithDebInfo/6x2110j2/arm64-v8a/src/fabric/CMakeFiles/fabric.dir/./
  
    has 196 characters.  The maximum full path to an object file is 250
    characters (see CMAKE_OBJECT_PATH_MAX).  Object file
  
      D_/.pnpm-vs/goconnect/expo-modules-core@3.0.29_re_608eee6e418ac022011475ab34711ee7/node_modules/expo-modules-core/common/cpp/fabric/ExpoViewEventEmitter.cpp.o
  
    cannot be safely placed under this directory.  The build may not work
    correctly.
  
  
  CMake Warning in CMakeLists.txt:
    The object file directory
  
      D:/.pnpm-vs/goconnect/expo-modules-core@3.0.29_re_608eee6e418ac022011475ab34711ee7/node_modules/expo-modules-core/android/.cxx/RelWithDebInfo/6x2110j2/arm64-v8a/CMakeFiles/expo-modules-core.dir/./
  
    has 196 characters.  The maximum full path to an object file is 250
    characters (see CMAKE_OBJECT_PATH_MAX).  Object file
  
      D_/.pnpm-vs/goconnect/expo-modules-core@3.0.29_re_608eee6e418ac022011475ab34711ee7/node_modules/expo-modules-core/common/cpp/ObjectDeallocator.cpp.o
  
    cannot be safely placed under this directory.  The build may not work
    correctly.
  
  
  CMake Warning in src/fabric/CMakeLists.txt:
    The object file directory
  
      D:/.pnpm-vs/goconnect/expo-modules-core@3.0.29_re_608eee6e418ac022011475ab34711ee7/node_modules/expo-modules-core/android/.cxx/RelWithDebInfo/6x2110j2/arm64-v8a/src/fabric/CMakeFiles/fabric.dir/./
  
    has 196 characters.  The maximum full path to an object file is 250
    characters (see CMAKE_OBJECT_PATH_MAX).  Object file
  
      D_/.pnpm-vs/goconnect/expo-modules-core@3.0.29_re_608eee6e418ac022011475ab34711ee7/node_modules/expo-modules-core/common/cpp/fabric/ExpoViewShadowNode.cpp.o
  
    cannot be safely placed under this directory.  The build may not work
    correctly.
  
  
  CMake Warning in CMakeLists.txt:
    The object file directory
  
      D:/.pnpm-vs/goconnect/expo-modules-core@3.0.29_re_608eee6e418ac022011475ab34711ee7/node_modules/expo-modules-core/android/.cxx/RelWithDebInfo/6x2110j2/arm64-v8a/CMakeFiles/expo-modules-core.dir/./
  
    has 196 characters.  The maximum full path to an object file is 250
    characters (see CMAKE_OBJECT_PATH_MAX).  Object file
  
      D_/.pnpm-vs/goconnect/expo-modules-core@3.0.29_re_608eee6e418ac022011475ab34711ee7/node_modules/expo-modules-core/common/cpp/ObjectDeallocator.cpp.o
  
    cannot be safely placed under this directory.  The build may not work
    correctly.
  
  
  CMake Warning in src/fabric/CMakeLists.txt:
    The object file directory
  
      D:/.pnpm-vs/goconnect/expo-modules-core@3.0.29_re_608eee6e418ac022011475ab34711ee7/node_modules/expo-modules-core/android/.cxx/RelWithDebInfo/6x2110j2/arm64-v8a/src/fabric/CMakeFiles/fabric.dir/./
  
    has 196 characters.  The maximum full path to an object file is 250
    characters (see CMAKE_OBJECT_PATH_MAX).  Object file
  
      D_/.pnpm-vs/goconnect/expo-modules-core@3.0.29_re_608eee6e418ac022011475ab34711ee7/node_modules/expo-modules-core/common/cpp/fabric/ExpoViewShadowNode.cpp.o
  
    cannot be safely placed under this directory.  The build may not work
    correctly.
  
  
  CMake Warning in CMakeLists.txt:
    The object file directory
  
      D:/.pnpm-vs/goconnect/expo-modules-core@3.0.29_re_608eee6e418ac022011475ab34711ee7/node_modules/expo-modules-core/android/.cxx/RelWithDebInfo/6x2110j2/arm64-v8a/CMakeFiles/expo-modules-core.dir/./
  
    has 196 characters.  The maximum full path to an object file is 250
    characters (see CMAKE_OBJECT_PATH_MAX).  Object file
  
      D_/.pnpm-vs/goconnect/expo-modules-core@3.0.29_re_608eee6e418ac022011475ab34711ee7/node_modules/expo-modules-core/common/cpp/ObjectDeallocator.cpp.o
  
    cannot be safely placed under this directory.  The build may not work
    correctly.
  
  
  CMake Warning in src/fabric/CMakeLists.txt:
    The object file directory
  
      D:/.pnpm-vs/goconnect/expo-modules-core@3.0.29_re_608eee6e418ac022011475ab34711ee7/node_modules/expo-modules-core/android/.cxx/RelWithDebInfo/6x2110j2/arm64-v8a/src/fabric/CMakeFiles/fabric.dir/./
  
    has 196 characters.  The maximum full path to an object file is 250
    characters (see CMAKE_OBJECT_PATH_MAX).  Object file
  
      D_/.pnpm-vs/goconnect/expo-modules-core@3.0.29_re_608eee6e418ac022011475ab34711ee7/node_modules/expo-modules-core/common/cpp/fabric/ExpoViewShadowNode.cpp.o
  
    cannot be safely placed under this directory.  The build may not work
    correctly.
  
  
  CMake Warning in CMakeLists.txt:
    The object file directory
  
      D:/.pnpm-vs/goconnect/expo-modules-core@3.0.29_re_608eee6e418ac022011475ab34711ee7/node_modules/expo-modules-core/android/.cxx/RelWithDebInfo/6x2110j2/arm64-v8a/CMakeFiles/expo-modules-core.dir/./
  
    has 196 characters.  The maximum full path to an object file is 250
    characters (see CMAKE_OBJECT_PATH_MAX).  Object file
  
      D_/.pnpm-vs/goconnect/expo-modules-core@3.0.29_re_608eee6e418ac022011475ab34711ee7/node_modules/expo-modules-core/common/cpp/ObjectDeallocator.cpp.o
  
    cannot be safely placed under this directory.  The build may not work
    correctly.
  
  
  CMake Warning in src/fabric/CMakeLists.txt:
    The object file directory
  
      D:/.pnpm-vs/goconnect/expo-modules-core@3.0.29_re_608eee6e418ac022011475ab34711ee7/node_modules/expo-modules-core/android/.cxx/RelWithDebInfo/6x2110j2/arm64-v8a/src/fabric/CMakeFiles/fabric.dir/./
  
    has 196 characters.  The maximum full path to an object file is 250
    characters (see CMAKE_OBJECT_PATH_MAX).  Object file
  
      D_/.pnpm-vs/goconnect/expo-modules-core@3.0.29_re_608eee6e418ac022011475ab34711ee7/node_modules/expo-modules-core/common/cpp/fabric/ExpoViewEventEmitter.cpp.o
  
    cannot be safely placed under this directory.  The build may not work
    correctly.
  
  
  CMake Warning in CMakeLists.txt:
    The object file directory
  
      D:/.pnpm-vs/goconnect/expo-modules-core@3.0.29_re_608eee6e418ac022011475ab34711ee7/node_modules/expo-modules-core/android/.cxx/RelWithDebInfo/6x2110j2/arm64-v8a/CMakeFiles/expo-modules-core.dir/./
  
    has 196 characters.  The maximum full path to an object file is 250
    characters (see CMAKE_OBJECT_PATH_MAX).  Object file
  
      D_/.pnpm-vs/goconnect/expo-modules-core@3.0.29_re_608eee6e418ac022011475ab34711ee7/node_modules/expo-modules-core/common/cpp/ObjectDeallocator.cpp.o
  
    cannot be safely placed under this directory.  The build may not work
    correctly.
  
  
  CMake Warning in src/fabric/CMakeLists.txt:
    The object file directory
  
      D:/.pnpm-vs/goconnect/expo-modules-core@3.0.29_re_608eee6e418ac022011475ab34711ee7/node_modules/expo-modules-core/android/.cxx/RelWithDebInfo/6x2110j2/arm64-v8a/src/fabric/CMakeFiles/fabric.dir/./
  
    has 196 characters.  The maximum full path to an object file is 250
    characters (see CMAKE_OBJECT_PATH_MAX).  Object file
  
      D_/.pnpm-vs/goconnect/expo-modules-core@3.0.29_re_608eee6e418ac022011475ab34711ee7/node_modules/expo-modules-core/common/cpp/fabric/ExpoViewComponentDescriptor.cpp.o
  
    cannot be safely placed under this directory.  The build may not work
    correctly.
  
  
  CMake Warning in CMakeLists.txt:
    The object file directory
  
      D:/.pnpm-vs/goconnect/expo-modules-core@3.0.29_re_608eee6e418ac022011475ab34711ee7/node_modules/expo-modules-core/android/.cxx/RelWithDebInfo/6x2110j2/arm64-v8a/CMakeFiles/expo-modules-core.dir/./
  
    has 196 characters.  The maximum full path to an object file is 250
    characters (see CMAKE_OBJECT_PATH_MAX).  Object file
  
      D_/.pnpm-vs/goconnect/expo-modules-core@3.0.29_re_608eee6e418ac022011475ab34711ee7/node_modules/expo-modules-core/common/cpp/ObjectDeallocator.cpp.o
  
    cannot be safely placed under this directory.  The build may not work
    correctly.
  
  
  CMake Warning in src/fabric/CMakeLists.txt:
    The object file directory
  
      D:/.pnpm-vs/goconnect/expo-modules-core@3.0.29_re_608eee6e418ac022011475ab34711ee7/node_modules/expo-modules-core/android/.cxx/RelWithDebInfo/6x2110j2/arm64-v8a/src/fabric/CMakeFiles/fabric.dir/./
  
    has 196 characters.  The maximum full path to an object file is 250
    characters (see CMAKE_OBJECT_PATH_MAX).  Object file
  
      D_/.pnpm-vs/goconnect/expo-modules-core@3.0.29_re_608eee6e418ac022011475ab34711ee7/node_modules/expo-modules-core/common/cpp/fabric/ExpoViewEventEmitter.cpp.o
  
    cannot be safely placed under this directory.  The build may not work
    correctly.
  
  
  CMake Warning in CMakeLists.txt:
    The object file directory
  
      D:/.pnpm-vs/goconnect/expo-modules-core@3.0.29_re_608eee6e418ac022011475ab34711ee7/node_modules/expo-modules-core/android/.cxx/RelWithDebInfo/6x2110j2/arm64-v8a/CMakeFiles/expo-modules-core.dir/./
  
    has 196 characters.  The maximum full path to an object file is 250
    characters (see CMAKE_OBJECT_PATH_MAX).  Object file
  
      D_/.pnpm-vs/goconnect/expo-modules-core@3.0.29_re_608eee6e418ac022011475ab34711ee7/node_modules/expo-modules-core/common/cpp/ObjectDeallocator.cpp.o
  
    cannot be safely placed under this directory.  The build may not work
    correctly.
  
  
  CMake Warning in src/fabric/CMakeLists.txt:
    The object file directory
  
      D:/.pnpm-vs/goconnect/expo-modules-core@3.0.29_re_608eee6e418ac022011475ab34711ee7/node_modules/expo-modules-core/android/.cxx/RelWithDebInfo/6x2110j2/arm64-v8a/src/fabric/CMakeFiles/fabric.dir/./
  
    has 196 characters.  The maximum full path to an object file is 250
    characters (see CMAKE_OBJECT_PATH_MAX).  Object file
  
      D_/.pnpm-vs/goconnect/expo-modules-core@3.0.29_re_608eee6e418ac022011475ab34711ee7/node_modules/expo-modules-core/common/cpp/fabric/ExpoViewComponentDescriptor.cpp.o
  
    cannot be safely placed under this directory.  The build may not work
    correctly.
  
  
  CMake Warning in CMakeLists.txt:
    The object file directory
  
      D:/.pnpm-vs/goconnect/expo-modules-core@3.0.29_re_608eee6e418ac022011475ab34711ee7/node_modules/expo-modules-core/android/.cxx/RelWithDebInfo/6x2110j2/arm64-v8a/CMakeFiles/expo-modules-core.dir/./
  
    has 196 characters.  The maximum full path to an object file is 250
    characters (see CMAKE_OBJECT_PATH_MAX).  Object file
  
      D_/.pnpm-vs/goconnect/expo-modules-core@3.0.29_re_608eee6e418ac022011475ab34711ee7/node_modules/expo-modules-core/common/cpp/ObjectDeallocator.cpp.o
  
    cannot be safely placed under this directory.  The build may not work
    correctly.
  
  
  CMake Warning in src/fabric/CMakeLists.txt:
    The object file directory
  
      D:/.pnpm-vs/goconnect/expo-modules-core@3.0.29_re_608eee6e418ac022011475ab34711ee7/node_modules/expo-modules-core/android/.cxx/RelWithDebInfo/6x2110j2/arm64-v8a/src/fabric/CMakeFiles/fabric.dir/./
  
    has 196 characters.  The maximum full path to an object file is 250
    characters (see CMAKE_OBJECT_PATH_MAX).  Object file
  
      D_/.pnpm-vs/goconnect/expo-modules-core@3.0.29_re_608eee6e418ac022011475ab34711ee7/node_modules/expo-modules-core/common/cpp/fabric/ExpoViewComponentDescriptor.cpp.o
  
    cannot be safely placed under this directory.  The build may not work
    correctly.
  
  
  CMake Warning in CMakeLists.txt:
    The object file directory
  
      D:/.pnpm-vs/goconnect/expo-modules-core@3.0.29_re_608eee6e418ac022011475ab34711ee7/node_modules/expo-modules-core/android/.cxx/RelWithDebInfo/6x2110j2/arm64-v8a/CMakeFiles/expo-modules-core.dir/./
  
    has 196 characters.  The maximum full path to an object file is 250
    characters (see CMAKE_OBJECT_PATH_MAX).  Object file
  
      D_/.pnpm-vs/goconnect/expo-modules-core@3.0.29_re_608eee6e418ac022011475ab34711ee7/node_modules/expo-modules-core/common/cpp/ObjectDeallocator.cpp.o
  
    cannot be safely placed under this directory.  The build may not work
    correctly.
  
  
  CMake Warning in src/fabric/CMakeLists.txt:
    The object file directory
  
      D:/.pnpm-vs/goconnect/expo-modules-core@3.0.29_re_608eee6e418ac022011475ab34711ee7/node_modules/expo-modules-core/android/.cxx/RelWithDebInfo/6x2110j2/arm64-v8a/src/fabric/CMakeFiles/fabric.dir/./
  
    has 196 characters.  The maximum full path to an object file is 250
    characters (see CMAKE_OBJECT_PATH_MAX).  Object file
  
      D_/.pnpm-vs/goconnect/expo-modules-core@3.0.29_re_608eee6e418ac022011475ab34711ee7/node_modules/expo-modules-core/common/cpp/fabric/ExpoViewComponentDescriptor.cpp.o
  
    cannot be safely placed under this directory.  The build may not work
    correctly.
  
  
  CMake Warning in CMakeLists.txt:
    The object file directory
  
      D:/.pnpm-vs/goconnect/expo-modules-core@3.0.29_re_608eee6e418ac022011475ab34711ee7/node_modules/expo-modules-core/android/.cxx/RelWithDebInfo/6x2110j2/arm64-v8a/CMakeFiles/expo-modules-core.dir/./
  
    has 196 characters.  The maximum full path to an object file is 250
    characters (see CMAKE_OBJECT_PATH_MAX).  Object file
  
      D_/.pnpm-vs/goconnect/expo-modules-core@3.0.29_re_608eee6e418ac022011475ab34711ee7/node_modules/expo-modules-core/common/cpp/ObjectDeallocator.cpp.o
  
    cannot be safely placed under this directory.  The build may not work
    correctly.
  
  
  CMake Warning in src/fabric/CMakeLists.txt:
    The object file directory
  
      D:/.pnpm-vs/goconnect/expo-modules-core@3.0.29_re_608eee6e418ac022011475ab34711ee7/node_modules/expo-modules-core/android/.cxx/RelWithDebInfo/6x2110j2/arm64-v8a/src/fabric/CMakeFiles/fabric.dir/./
  
    has 196 characters.  The maximum full path to an object file is 250
    characters (see CMAKE_OBJECT_PATH_MAX).  Object file
  
      D_/.pnpm-vs/goconnect/expo-modules-core@3.0.29_re_608eee6e418ac022011475ab34711ee7/node_modules/expo-modules-core/common/cpp/fabric/ExpoViewComponentDescriptor.cpp.o
  
    cannot be safely placed under this directory.  The build may not work
    correctly.
  
  
  CMake Warning in CMakeLists.txt:
    The object file directory
  
      D:/.pnpm-vs/goconnect/expo-modules-core@3.0.29_re_608eee6e418ac022011475ab34711ee7/node_modules/expo-modules-core/android/.cxx/RelWithDebInfo/6x2110j2/arm64-v8a/CMakeFiles/expo-modules-core.dir/./
  
    has 196 characters.  The maximum full path to an object file is 250
    characters (see CMAKE_OBJECT_PATH_MAX).  Object file
  
      D_/.pnpm-vs/goconnect/expo-modules-core@3.0.29_re_608eee6e418ac022011475ab34711ee7/node_modules/expo-modules-core/common/cpp/ObjectDeallocator.cpp.o
  
    cannot be safely placed under this directory.  The build may not work
    correctly.
  
  
  CMake Warning in src/fabric/CMakeLists.txt:
    The object file directory
  
      D:/.pnpm-vs/goconnect/expo-modules-core@3.0.29_re_608eee6e418ac022011475ab34711ee7/node_modules/expo-modules-core/android/.cxx/RelWithDebInfo/6x2110j2/arm64-v8a/src/fabric/CMakeFiles/fabric.dir/./
  
    has 196 characters.  The maximum full path to an object file is 250
    characters (see CMAKE_OBJECT_PATH_MAX).  Object file
  
      D_/.pnpm-vs/goconnect/expo-modules-core@3.0.29_re_608eee6e418ac022011475ab34711ee7/node_modules/expo-modules-core/common/cpp/fabric/ExpoViewEventEmitter.cpp.o
  
    cannot be safely placed under this directory.  The build may not work
    correctly.
  
  
  CMake Warning in CMakeLists.txt:
    The object file directory
  
      D:/.pnpm-vs/goconnect/expo-modules-core@3.0.29_re_608eee6e418ac022011475ab34711ee7/node_modules/expo-modules-core/android/.cxx/RelWithDebInfo/6x2110j2/arm64-v8a/CMakeFiles/expo-modules-core.dir/./
  
    has 196 characters.  The maximum full path to an object file is 250
    characters (see CMAKE_OBJECT_PATH_MAX).  Object file
  
      D_/.pnpm-vs/goconnect/expo-modules-core@3.0.29_re_608eee6e418ac022011475ab34711ee7/node_modules/expo-modules-core/common/cpp/ObjectDeallocator.cpp.o
  
    cannot be safely placed under this directory.  The build may not work
    correctly.
  
  
  CMake Warning in src/fabric/CMakeLists.txt:
    The object file directory
  
      D:/.pnpm-vs/goconnect/expo-modules-core@3.0.29_re_608eee6e418ac022011475ab34711ee7/node_modules/expo-modules-core/android/.cxx/RelWithDebInfo/6x2110j2/arm64-v8a/src/fabric/CMakeFiles/fabric.dir/./
  
    has 196 characters.  The maximum full path to an object file is 250
    characters (see CMAKE_OBJECT_PATH_MAX).  Object file
  
      D_/.pnpm-vs/goconnect/expo-modules-core@3.0.29_re_608eee6e418ac022011475ab34711ee7/node_modules/expo-modules-core/common/cpp/fabric/ExpoViewShadowNode.cpp.o
  
    cannot be safely placed under this directory.  The build may not work
    correctly.
  
  
  CMake Warning in CMakeLists.txt:
    The object file directory
  
      D:/.pnpm-vs/goconnect/expo-modules-core@3.0.29_re_608eee6e418ac022011475ab34711ee7/node_modules/expo-modules-core/android/.cxx/RelWithDebInfo/6x2110j2/arm64-v8a/CMakeFiles/expo-modules-core.dir/./
  
    has 196 characters.  The maximum full path to an object file is 250
    characters (see CMAKE_OBJECT_PATH_MAX).  Object file
  
      D_/.pnpm-vs/goconnect/expo-modules-core@3.0.29_re_608eee6e418ac022011475ab34711ee7/node_modules/expo-modules-core/common/cpp/ObjectDeallocator.cpp.o
  
    cannot be safely placed under this directory.  The build may not work
    correctly.
  
  
  CMake Warning in src/fabric/CMakeLists.txt:
    The object file directory
  
      D:/.pnpm-vs/goconnect/expo-modules-core@3.0.29_re_608eee6e418ac022011475ab34711ee7/node_modules/expo-modules-core/android/.cxx/RelWithDebInfo/6x2110j2/arm64-v8a/src/fabric/CMakeFiles/fabric.dir/./
  
    has 196 characters.  The maximum full path to an object file is 250
    characters (see CMAKE_OBJECT_PATH_MAX).  Object file
  
      D_/.pnpm-vs/goconnect/expo-modules-core@3.0.29_re_608eee6e418ac022011475ab34711ee7/node_modules/expo-modules-core/common/cpp/fabric/ExpoViewShadowNode.cpp.o
  
    cannot be safely placed under this directory.  The build may not work
    correctly.
  
  
  CMake Warning in CMakeLists.txt:
    The object file directory
  
      D:/.pnpm-vs/goconnect/expo-modules-core@3.0.29_re_608eee6e418ac022011475ab34711ee7/node_modules/expo-modules-core/android/.cxx/RelWithDebInfo/6x2110j2/arm64-v8a/CMakeFiles/expo-modules-core.dir/./
  
    has 196 characters.  The maximum full path to an object file is 250
    characters (see CMAKE_OBJECT_PATH_MAX).  Object file
  
      D_/.pnpm-vs/goconnect/expo-modules-core@3.0.29_re_608eee6e418ac022011475ab34711ee7/node_modules/expo-modules-core/common/cpp/ObjectDeallocator.cpp.o
  
    cannot be safely placed under this directory.  The build may not work
    correctly.
  
  
  CMake Warning in src/fabric/CMakeLists.txt:
    The object file directory
  
      D:/.pnpm-vs/goconnect/expo-modules-core@3.0.29_re_608eee6e418ac022011475ab34711ee7/node_modules/expo-modules-core/android/.cxx/RelWithDebInfo/6x2110j2/arm64-v8a/src/fabric/CMakeFiles/fabric.dir/./
  
    has 196 characters.  The maximum full path to an object file is 250
    characters (see CMAKE_OBJECT_PATH_MAX).  Object file
  
      D_/.pnpm-vs/goconnect/expo-modules-core@3.0.29_re_608eee6e418ac022011475ab34711ee7/node_modules/expo-modules-core/common/cpp/fabric/ExpoViewComponentDescriptor.cpp.o
  
    cannot be safely placed under this directory.  The build may not work
    correctly.
  
  
  CMake Warning in CMakeLists.txt:
    The object file directory
  
      D:/.pnpm-vs/goconnect/expo-modules-core@3.0.29_re_608eee6e418ac022011475ab34711ee7/node_modules/expo-modules-core/android/.cxx/RelWithDebInfo/6x2110j2/arm64-v8a/CMakeFiles/expo-modules-core.dir/./
  
    has 196 characters.  The maximum full path to an object file is 250
    characters (see CMAKE_OBJECT_PATH_MAX).  Object file
  
      D_/.pnpm-vs/goconnect/expo-modules-core@3.0.29_re_608eee6e418ac022011475ab34711ee7/node_modules/expo-modules-core/common/cpp/ObjectDeallocator.cpp.o
  
    cannot be safely placed under this directory.  The build may not work
    correctly.
  
  
  CMake Warning in src/fabric/CMakeLists.txt:
    The object file directory
  
      D:/.pnpm-vs/goconnect/expo-modules-core@3.0.29_re_608eee6e418ac022011475ab34711ee7/node_modules/expo-modules-core/android/.cxx/RelWithDebInfo/6x2110j2/arm64-v8a/src/fabric/CMakeFiles/fabric.dir/./
  
    has 196 characters.  The maximum full path to an object file is 250
    characters (see CMAKE_OBJECT_PATH_MAX).  Object file
  
      D_/.pnpm-vs/goconnect/expo-modules-core@3.0.29_re_608eee6e418ac022011475ab34711ee7/node_modules/expo-modules-core/common/cpp/fabric/ExpoViewShadowNode.cpp.o
  
    cannot be safely placed under this directory.  The build may not work
    correctly.
  
  
  CMake Warning in CMakeLists.txt:
    The object file directory
  
      D:/.pnpm-vs/goconnect/expo-modules-core@3.0.29_re_608eee6e418ac022011475ab34711ee7/node_modules/expo-modules-core/android/.cxx/RelWithDebInfo/6x2110j2/arm64-v8a/CMakeFiles/expo-modules-core.dir/./
  
    has 196 characters.  The maximum full path to an object file is 250
    characters (see CMAKE_OBJECT_PATH_MAX).  Object file
  
      D_/.pnpm-vs/goconnect/expo-modules-core@3.0.29_re_608eee6e418ac022011475ab34711ee7/node_modules/expo-modules-core/common/cpp/ObjectDeallocator.cpp.o
  
    cannot be safely placed under this directory.  The build may not work
    correctly.
  
  
  CMake Warning in src/fabric/CMakeLists.txt:
    The object file directory
  
      D:/.pnpm-vs/goconnect/expo-modules-core@3.0.29_re_608eee6e418ac022011475ab34711ee7/node_modules/expo-modules-core/android/.cxx/RelWithDebInfo/6x2110j2/arm64-v8a/src/fabric/CMakeFiles/fabric.dir/./
  
    has 196 characters.  The maximum full path to an object file is 250
    characters (see CMAKE_OBJECT_PATH_MAX).  Object file
  
      D_/.pnpm-vs/goconnect/expo-modules-core@3.0.29_re_608eee6e418ac022011475ab34711ee7/node_modules/expo-modules-core/common/cpp/fabric/ExpoViewEventEmitter.cpp.o
  
    cannot be safely placed under this directory.  The build may not work
    correctly.
  
  
  CMake Warning in CMakeLists.txt:
    The object file directory
  
      D:/.pnpm-vs/goconnect/expo-modules-core@3.0.29_re_608eee6e418ac022011475ab34711ee7/node_modules/expo-modules-core/android/.cxx/RelWithDebInfo/6x2110j2/arm64-v8a/CMakeFiles/expo-modules-core.dir/./
  
    has 196 characters.  The maximum full path to an object file is 250
    characters (see CMAKE_OBJECT_PATH_MAX).  Object file
  
      D_/.pnpm-vs/goconnect/expo-modules-core@3.0.29_re_608eee6e418ac022011475ab34711ee7/node_modules/expo-modules-core/common/cpp/ObjectDeallocator.cpp.o
  
    cannot be safely placed under this directory.  The build may not work
    correctly.
  
  
  CMake Warning in src/fabric/CMakeLists.txt:
    The object file directory
  
      D:/.pnpm-vs/goconnect/expo-modules-core@3.0.29_re_608eee6e418ac022011475ab34711ee7/node_modules/expo-modules-core/android/.cxx/RelWithDebInfo/6x2110j2/arm64-v8a/src/fabric/CMakeFiles/fabric.dir/./
  
    has 196 characters.  The maximum full path to an object file is 250
    characters (see CMAKE_OBJECT_PATH_MAX).  Object file
  
      D_/.pnpm-vs/goconnect/expo-modules-core@3.0.29_re_608eee6e418ac022011475ab34711ee7/node_modules/expo-modules-core/common/cpp/fabric/ExpoViewComponentDescriptor.cpp.o
  
    cannot be safely placed under this directory.  The build may not work
    correctly.
  
  
  CMake Warning in CMakeLists.txt:
    The object file directory
  
      D:/.pnpm-vs/goconnect/expo-modules-core@3.0.29_re_608eee6e418ac022011475ab34711ee7/node_modules/expo-modules-core/android/.cxx/RelWithDebInfo/6x2110j2/arm64-v8a/CMakeFiles/expo-modules-core.dir/./
  
    has 196 characters.  The maximum full path to an object file is 250
    characters (see CMAKE_OBJECT_PATH_MAX).  Object file
  
      D_/.pnpm-vs/goconnect/expo-modules-core@3.0.29_re_608eee6e418ac022011475ab34711ee7/node_modules/expo-modules-core/common/cpp/ObjectDeallocator.cpp.o
  
    cannot be safely placed under this directory.  The build may not work
    correctly.
  
  
  CMake Warning in src/fabric/CMakeLists.txt:
    The object file directory
  
      D:/.pnpm-vs/goconnect/expo-modules-core@3.0.29_re_608eee6e418ac022011475ab34711ee7/node_modules/expo-modules-core/android/.cxx/RelWithDebInfo/6x2110j2/arm64-v8a/src/fabric/CMakeFiles/fabric.dir/./
  
    has 196 characters.  The maximum full path to an object file is 250
    characters (see CMAKE_OBJECT_PATH_MAX).  Object file
  
      D_/.pnpm-vs/goconnect/expo-modules-core@3.0.29_re_608eee6e418ac022011475ab34711ee7/node_modules/expo-modules-core/common/cpp/fabric/ExpoViewEventEmitter.cpp.o
  
    cannot be safely placed under this directory.  The build may not work
    correctly.
  
  
  CMake Warning in CMakeLists.txt:
    The object file directory
  
      D:/.pnpm-vs/goconnect/expo-modules-core@3.0.29_re_608eee6e418ac022011475ab34711ee7/node_modules/expo-modules-core/android/.cxx/RelWithDebInfo/6x2110j2/arm64-v8a/CMakeFiles/expo-modules-core.dir/./
  
    has 196 characters.  The maximum full path to an object file is 250
    characters (see CMAKE_OBJECT_PATH_MAX).  Object file
  
      D_/.pnpm-vs/goconnect/expo-modules-core@3.0.29_re_608eee6e418ac022011475ab34711ee7/node_modules/expo-modules-core/common/cpp/ObjectDeallocator.cpp.o
  
    cannot be safely placed under this directory.  The build may not work
    correctly.
  
  
  CMake Warning in src/fabric/CMakeLists.txt:
    The object file directory
  
      D:/.pnpm-vs/goconnect/expo-modules-core@3.0.29_re_608eee6e418ac022011475ab34711ee7/node_modules/expo-modules-core/android/.cxx/RelWithDebInfo/6x2110j2/arm64-v8a/src/fabric/CMakeFiles/fabric.dir/./
  
    has 196 characters.  The maximum full path to an object file is 250
    characters (see CMAKE_OBJECT_PATH_MAX).  Object file
  
      D_/.pnpm-vs/goconnect/expo-modules-core@3.0.29_re_608eee6e418ac022011475ab34711ee7/node_modules/expo-modules-core/common/cpp/fabric/ExpoViewShadowNode.cpp.o
  
    cannot be safely placed under this directory.  The build may not work
    correctly.
  
  
  CMake Warning in CMakeLists.txt:
    The object file directory
  
      D:/.pnpm-vs/goconnect/expo-modules-core@3.0.29_re_608eee6e418ac022011475ab34711ee7/node_modules/expo-modules-core/android/.cxx/RelWithDebInfo/6x2110j2/arm64-v8a/CMakeFiles/expo-modules-core.dir/./
  
    has 196 characters.  The maximum full path to an object file is 250
    characters (see CMAKE_OBJECT_PATH_MAX).  Object file
  
      D_/.pnpm-vs/goconnect/expo-modules-core@3.0.29_re_608eee6e418ac022011475ab34711ee7/node_modules/expo-modules-core/common/cpp/ObjectDeallocator.cpp.o
  
    cannot be safely placed under this directory.  The build may not work
    correctly.
  
  
  CMake Warning in src/fabric/CMakeLists.txt:
    The object file directory
  
      D:/.pnpm-vs/goconnect/expo-modules-core@3.0.29_re_608eee6e418ac022011475ab34711ee7/node_modules/expo-modules-core/android/.cxx/RelWithDebInfo/6x2110j2/arm64-v8a/src/fabric/CMakeFiles/fabric.dir/./
  
    has 196 characters.  The maximum full path to an object file is 250
    characters (see CMAKE_OBJECT_PATH_MAX).  Object file
  
      D_/.pnpm-vs/goconnect/expo-modules-core@3.0.29_re_608eee6e418ac022011475ab34711ee7/node_modules/expo-modules-core/common/cpp/fabric/ExpoViewComponentDescriptor.cpp.o
  
    cannot be safely placed under this directory.  The build may not work
    correctly.
  
  
  CMake Warning in CMakeLists.txt:
    The object file directory
  
      D:/.pnpm-vs/goconnect/expo-modules-core@3.0.29_re_608eee6e418ac022011475ab34711ee7/node_modules/expo-modules-core/android/.cxx/RelWithDebInfo/6x2110j2/arm64-v8a/CMakeFiles/expo-modules-core.dir/./
  
    has 196 characters.  The maximum full path to an object file is 250
    characters (see CMAKE_OBJECT_PATH_MAX).  Object file
  
      D_/.pnpm-vs/goconnect/expo-modules-core@3.0.29_re_608eee6e418ac022011475ab34711ee7/node_modules/expo-modules-core/common/cpp/ObjectDeallocator.cpp.o
  
    cannot be safely placed under this directory.  The build may not work
    correctly.
  
  
  CMake Warning in src/fabric/CMakeLists.txt:
    The object file directory
  
      D:/.pnpm-vs/goconnect/expo-modules-core@3.0.29_re_608eee6e418ac022011475ab34711ee7/node_modules/expo-modules-core/android/.cxx/RelWithDebInfo/6x2110j2/arm64-v8a/src/fabric/CMakeFiles/fabric.dir/./
  
    has 196 characters.  The maximum full path to an object file is 250
    characters (see CMAKE_OBJECT_PATH_MAX).  Object file
  
      D_/.pnpm-vs/goconnect/expo-modules-core@3.0.29_re_608eee6e418ac022011475ab34711ee7/node_modules/expo-modules-core/common/cpp/fabric/ExpoViewComponentDescriptor.cpp.o
  
    cannot be safely placed under this directory.  The build may not work
    correctly.
  
  
  CMake Warning in CMakeLists.txt:
    The object file directory
  
      D:/.pnpm-vs/goconnect/expo-modules-core@3.0.29_re_608eee6e418ac022011475ab34711ee7/node_modules/expo-modules-core/android/.cxx/RelWithDebInfo/6x2110j2/arm64-v8a/CMakeFiles/expo-modules-core.dir/./
  
    has 196 characters.  The maximum full path to an object file is 250
    characters (see CMAKE_OBJECT_PATH_MAX).  Object file
  
      D_/.pnpm-vs/goconnect/expo-modules-core@3.0.29_re_608eee6e418ac022011475ab34711ee7/node_modules/expo-modules-core/common/cpp/ObjectDeallocator.cpp.o
  
    cannot be safely placed under this directory.  The build may not work
    correctly.
  
  
  CMake Warning in src/fabric/CMakeLists.txt:
    The object file directory
  
      D:/.pnpm-vs/goconnect/expo-modules-core@3.0.29_re_608eee6e418ac022011475ab34711ee7/node_modules/expo-modules-core/android/.cxx/RelWithDebInfo/6x2110j2/arm64-v8a/src/fabric/CMakeFiles/fabric.dir/./
  
    has 196 characters.  The maximum full path to an object file is 250
    characters (see CMAKE_OBJECT_PATH_MAX).  Object file
  
      D_/.pnpm-vs/goconnect/expo-modules-core@3.0.29_re_608eee6e418ac022011475ab34711ee7/node_modules/expo-modules-core/common/cpp/fabric/ExpoViewComponentDescriptor.cpp.o
  
    cannot be safely placed under this directory.  The build may not work
    correctly.
  
  
  CMake Warning in CMakeLists.txt:
    The object file directory
  
      D:/.pnpm-vs/goconnect/expo-modules-core@3.0.29_re_608eee6e418ac022011475ab34711ee7/node_modules/expo-modules-core/android/.cxx/RelWithDebInfo/6x2110j2/arm64-v8a/CMakeFiles/expo-modules-core.dir/./
  
    has 196 characters.  The maximum full path to an object file is 250
    characters (see CMAKE_OBJECT_PATH_MAX).  Object file
  
      src/main/cpp/decorators/JSDecoratorsBridgingObject.cpp.o
  
    cannot be safely placed under this directory.  The build may not work
    correctly.
  
  
  CMake Warning in src/fabric/CMakeLists.txt:
    The object file directory
  
      D:/.pnpm-vs/goconnect/expo-modules-core@3.0.29_re_608eee6e418ac022011475ab34711ee7/node_modules/expo-modules-core/android/.cxx/RelWithDebInfo/6x2110j2/arm64-v8a/src/fabric/CMakeFiles/fabric.dir/./
  
    has 196 characters.  The maximum full path to an object file is 250
    characters (see CMAKE_OBJECT_PATH_MAX).  Object file
  
      D_/.pnpm-vs/goconnect/expo-modules-core@3.0.29_re_608eee6e418ac022011475ab34711ee7/node_modules/expo-modules-core/common/cpp/fabric/ExpoViewComponentDescriptor.cpp.o
  
    cannot be safely placed under this directory.  The build may not work
    correctly.
  
  
  CMake Warning in CMakeLists.txt:
    The object file directory
  
      D:/.pnpm-vs/goconnect/expo-modules-core@3.0.29_re_608eee6e418ac022011475ab34711ee7/node_modules/expo-modules-core/android/.cxx/RelWithDebInfo/6x2110j2/arm64-v8a/CMakeFiles/expo-modules-core.dir/./
  
    has 196 characters.  The maximum full path to an object file is 250
    characters (see CMAKE_OBJECT_PATH_MAX).  Object file
  
      D_/.pnpm-vs/goconnect/expo-modules-core@3.0.29_re_608eee6e418ac022011475ab34711ee7/node_modules/expo-modules-core/common/cpp/ObjectDeallocator.cpp.o
  
    cannot be safely placed under this directory.  The build may not work
    correctly.
  
  
  CMake Warning in src/fabric/CMakeLists.txt:
    The object file directory
  
      D:/.pnpm-vs/goconnect/expo-modules-core@3.0.29_re_608eee6e418ac022011475ab34711ee7/node_modules/expo-modules-core/android/.cxx/RelWithDebInfo/6x2110j2/arm64-v8a/src/fabric/CMakeFiles/fabric.dir/./
  
    has 196 characters.  The maximum full path to an object file is 250
    characters (see CMAKE_OBJECT_PATH_MAX).  Object file
  
      D_/.pnpm-vs/goconnect/expo-modules-core@3.0.29_re_608eee6e418ac022011475ab34711ee7/node_modules/expo-modules-core/common/cpp/fabric/ExpoViewComponentDescriptor.cpp.o
  
    cannot be safely placed under this directory.  The build may not work
    correctly.
  
  
  CMake Warning in CMakeLists.txt:
    The object file directory
  
      D:/.pnpm-vs/goconnect/expo-modules-core@3.0.29_re_608eee6e418ac022011475ab34711ee7/node_modules/expo-modules-core/android/.cxx/RelWithDebInfo/6x2110j2/arm64-v8a/CMakeFiles/expo-modules-core.dir/./
  
    has 196 characters.  The maximum full path to an object file is 250
    characters (see CMAKE_OBJECT_PATH_MAX).  Object file
  
      D_/.pnpm-vs/goconnect/expo-modules-core@3.0.29_re_608eee6e418ac022011475ab34711ee7/node_modules/expo-modules-core/common/cpp/ObjectDeallocator.cpp.o
  
    cannot be safely placed under this directory.  The build may not work
    correctly.
  
  
  CMake Warning in src/fabric/CMakeLists.txt:
    The object file directory
  
      D:/.pnpm-vs/goconnect/expo-modules-core@3.0.29_re_608eee6e418ac022011475ab34711ee7/node_modules/expo-modules-core/android/.cxx/RelWithDebInfo/6x2110j2/arm64-v8a/src/fabric/CMakeFiles/fabric.dir/./
  
    has 196 characters.  The maximum full path to an object file is 250
    characters (see CMAKE_OBJECT_PATH_MAX).  Object file
  
      D_/.pnpm-vs/goconnect/expo-modules-core@3.0.29_re_608eee6e418ac022011475ab34711ee7/node_modules/expo-modules-core/common/cpp/fabric/ExpoViewEventEmitter.cpp.o
  
    cannot be safely placed under this directory.  The build may not work
    correctly.
  
  
  CMake Warning in CMakeLists.txt:
    The object file directory
  
      D:/.pnpm-vs/goconnect/expo-modules-core@3.0.29_re_608eee6e418ac022011475ab34711ee7/node_modules/expo-modules-core/android/.cxx/RelWithDebInfo/6x2110j2/arm64-v8a/CMakeFiles/expo-modules-core.dir/./
  
    has 196 characters.  The maximum full path to an object file is 250
    characters (see CMAKE_OBJECT_PATH_MAX).  Object file
  
      D_/.pnpm-vs/goconnect/expo-modules-core@3.0.29_re_608eee6e418ac022011475ab34711ee7/node_modules/expo-modules-core/common/cpp/ObjectDeallocator.cpp.o
  
    cannot be safely placed under this directory.  The build may not work
    correctly.
  
  
  CMake Warning in src/fabric/CMakeLists.txt:
    The object file directory
  
      D:/.pnpm-vs/goconnect/expo-modules-core@3.0.29_re_608eee6e418ac022011475ab34711ee7/node_modules/expo-modules-core/android/.cxx/RelWithDebInfo/6x2110j2/arm64-v8a/src/fabric/CMakeFiles/fabric.dir/./
  
    has 196 characters.  The maximum full path to an object file is 250
    characters (see CMAKE_OBJECT_PATH_MAX).  Object file
  
      D_/.pnpm-vs/goconnect/expo-modules-core@3.0.29_re_608eee6e418ac022011475ab34711ee7/node_modules/expo-modules-core/common/cpp/fabric/ExpoViewComponentDescriptor.cpp.o
  
    cannot be safely placed under this directory.  The build may not work
    correctly.
  
  
  CMake Warning in CMakeLists.txt:
    The object file directory
  
      D:/.pnpm-vs/goconnect/expo-modules-core@3.0.29_re_608eee6e418ac022011475ab34711ee7/node_modules/expo-modules-core/android/.cxx/RelWithDebInfo/6x2110j2/arm64-v8a/CMakeFiles/expo-modules-core.dir/./
  
    has 196 characters.  The maximum full path to an object file is 250
    characters (see CMAKE_OBJECT_PATH_MAX).  Object file
  
      src/main/cpp/decorators/JSDecoratorsBridgingObject.cpp.o
  
    cannot be safely placed under this directory.  The build may not work
    correctly.
  
  
  CMake Warning in src/fabric/CMakeLists.txt:
    The object file directory
  
      D:/.pnpm-vs/goconnect/expo-modules-core@3.0.29_re_608eee6e418ac022011475ab34711ee7/node_modules/expo-modules-core/android/.cxx/RelWithDebInfo/6x2110j2/arm64-v8a/src/fabric/CMakeFiles/fabric.dir/./
  
    has 196 characters.  The maximum full path to an object file is 250
    characters (see CMAKE_OBJECT_PATH_MAX).  Object file
  
      D_/.pnpm-vs/goconnect/expo-modules-core@3.0.29_re_608eee6e418ac022011475ab34711ee7/node_modules/expo-modules-core/common/cpp/fabric/ExpoViewComponentDescriptor.cpp.o
  
    cannot be safely placed under this directory.  The build may not work
    correctly.
  
  
  CMake Warning in CMakeLists.txt:
    The object file directory
  
      D:/.pnpm-vs/goconnect/expo-modules-core@3.0.29_re_608eee6e418ac022011475ab34711ee7/node_modules/expo-modules-core/android/.cxx/RelWithDebInfo/6x2110j2/arm64-v8a/CMakeFiles/expo-modules-core.dir/./
  
    has 196 characters.  The maximum full path to an object file is 250
    characters (see CMAKE_OBJECT_PATH_MAX).  Object file
  
      D_/.pnpm-vs/goconnect/expo-modules-core@3.0.29_re_608eee6e418ac022011475ab34711ee7/node_modules/expo-modules-core/common/cpp/ObjectDeallocator.cpp.o
  
    cannot be safely placed under this directory.  The build may not work
    correctly.
  
  
  CMake Warning in src/fabric/CMakeLists.txt:
    The object file directory
  
      D:/.pnpm-vs/goconnect/expo-modules-core@3.0.29_re_608eee6e418ac022011475ab34711ee7/node_modules/expo-modules-core/android/.cxx/RelWithDebInfo/6x2110j2/arm64-v8a/src/fabric/CMakeFiles/fabric.dir/./
  
    has 196 characters.  The maximum full path to an object file is 250
    characters (see CMAKE_OBJECT_PATH_MAX).  Object file
  
      D_/.pnpm-vs/goconnect/expo-modules-core@3.0.29_re_608eee6e418ac022011475ab34711ee7/node_modules/expo-modules-core/common/cpp/fabric/ExpoViewComponentDescriptor.cpp.o
  
    cannot be safely placed under this directory.  The build may not work
    correctly.
  
  
  CMake Warning in CMakeLists.txt:
    The object file directory
  
      D:/.pnpm-vs/goconnect/expo-modules-core@3.0.29_re_608eee6e418ac022011475ab34711ee7/node_modules/expo-modules-core/android/.cxx/RelWithDebInfo/6x2110j2/arm64-v8a/CMakeFiles/expo-modules-core.dir/./
  
    has 196 characters.  The maximum full path to an object file is 250
    characters (see CMAKE_OBJECT_PATH_MAX).  Object file
  
      D_/.pnpm-vs/goconnect/expo-modules-core@3.0.29_re_608eee6e418ac022011475ab34711ee7/node_modules/expo-modules-core/common/cpp/ObjectDeallocator.cpp.o
  
    cannot be safely placed under this directory.  The build may not work
    correctly.
  
  
  CMake Warning in src/fabric/CMakeLists.txt:
    The object file directory
  
      D:/.pnpm-vs/goconnect/expo-modules-core@3.0.29_re_608eee6e418ac022011475ab34711ee7/node_modules/expo-modules-core/android/.cxx/RelWithDebInfo/6x2110j2/arm64-v8a/src/fabric/CMakeFiles/fabric.dir/./
  
    has 196 characters.  The maximum full path to an object file is 250
    characters (see CMAKE_OBJECT_PATH_MAX).  Object file
  
      D_/.pnpm-vs/goconnect/expo-modules-core@3.0.29_re_608eee6e418ac022011475ab34711ee7/node_modules/expo-modules-core/common/cpp/fabric/ExpoViewComponentDescriptor.cpp.o
  
    cannot be safely placed under this directory.  The build may not work
    correctly.
  
  
  CMake Warning in CMakeLists.txt:
    The object file directory
  
      D:/.pnpm-vs/goconnect/expo-modules-core@3.0.29_re_608eee6e418ac022011475ab34711ee7/node_modules/expo-modules-core/android/.cxx/RelWithDebInfo/6x2110j2/arm64-v8a/CMakeFiles/expo-modules-core.dir/./
  
    has 196 characters.  The maximum full path to an object file is 250
    characters (see CMAKE_OBJECT_PATH_MAX).  Object file
  
      D_/.pnpm-vs/goconnect/expo-modules-core@3.0.29_re_608eee6e418ac022011475ab34711ee7/node_modules/expo-modules-core/common/cpp/ObjectDeallocator.cpp.o
  
    cannot be safely placed under this directory.  The build may not work
    correctly.
  
  
  CMake Warning in src/fabric/CMakeLists.txt:
    The object file directory
  
      D:/.pnpm-vs/goconnect/expo-modules-core@3.0.29_re_608eee6e418ac022011475ab34711ee7/node_modules/expo-modules-core/android/.cxx/RelWithDebInfo/6x2110j2/arm64-v8a/src/fabric/CMakeFiles/fabric.dir/./
  
    has 196 characters.  The maximum full path to an object file is 250
    characters (see CMAKE_OBJECT_PATH_MAX).  Object file
  
      D_/.pnpm-vs/goconnect/expo-modules-core@3.0.29_re_608eee6e418ac022011475ab34711ee7/node_modules/expo-modules-core/common/cpp/fabric/ExpoViewComponentDescriptor.cpp.o
  
    cannot be safely placed under this directory.  The build may not work
    correctly.
  
  
  CMake Warning in CMakeLists.txt:
    The object file directory
  
      D:/.pnpm-vs/goconnect/expo-modules-core@3.0.29_re_608eee6e418ac022011475ab34711ee7/node_modules/expo-modules-core/android/.cxx/RelWithDebInfo/6x2110j2/arm64-v8a/CMakeFiles/expo-modules-core.dir/./
  
    has 196 characters.  The maximum full path to an object file is 250
    characters (see CMAKE_OBJECT_PATH_MAX).  Object file
  
      D_/.pnpm-vs/goconnect/expo-modules-core@3.0.29_re_608eee6e418ac022011475ab34711ee7/node_modules/expo-modules-core/common/cpp/ObjectDeallocator.cpp.o
  
    cannot be safely placed under this directory.  The build may not work
    correctly.
  
  
  CMake Warning in src/fabric/CMakeLists.txt:
    The object file directory
  
      D:/.pnpm-vs/goconnect/expo-modules-core@3.0.29_re_608eee6e418ac022011475ab34711ee7/node_modules/expo-modules-core/android/.cxx/RelWithDebInfo/6x2110j2/arm64-v8a/src/fabric/CMakeFiles/fabric.dir/./
  
    has 196 characters.  The maximum full path to an object file is 250
    characters (see CMAKE_OBJECT_PATH_MAX).  Object file
  
      D_/.pnpm-vs/goconnect/expo-modules-core@3.0.29_re_608eee6e418ac022011475ab34711ee7/node_modules/expo-modules-core/common/cpp/fabric/ExpoViewComponentDescriptor.cpp.o
  
    cannot be safely placed under this directory.  The build may not work
    correctly.
  
  
  CMake Warning in CMakeLists.txt:
    The object file directory
  
      D:/.pnpm-vs/goconnect/expo-modules-core@3.0.29_re_608eee6e418ac022011475ab34711ee7/node_modules/expo-modules-core/android/.cxx/RelWithDebInfo/6x2110j2/arm64-v8a/CMakeFiles/expo-modules-core.dir/./
  
    has 196 characters.  The maximum full path to an object file is 250
    characters (see CMAKE_OBJECT_PATH_MAX).  Object file
  
      D_/.pnpm-vs/goconnect/expo-modules-core@3.0.29_re_608eee6e418ac022011475ab34711ee7/node_modules/expo-modules-core/common/cpp/ObjectDeallocator.cpp.o
  
    cannot be safely placed under this directory.  The build may not work
    correctly.
  
  
  CMake Warning in src/fabric/CMakeLists.txt:
    The object file directory
  
      D:/.pnpm-vs/goconnect/expo-modules-core@3.0.29_re_608eee6e418ac022011475ab34711ee7/node_modules/expo-modules-core/android/.cxx/RelWithDebInfo/6x2110j2/arm64-v8a/src/fabric/CMakeFiles/fabric.dir/./
  
    has 196 characters.  The maximum full path to an object file is 250
    characters (see CMAKE_OBJECT_PATH_MAX).  Object file
  
      D_/.pnpm-vs/goconnect/expo-modules-core@3.0.29_re_608eee6e418ac022011475ab34711ee7/node_modules/expo-modules-core/common/cpp/fabric/ExpoViewShadowNode.cpp.o
  
    cannot be safely placed under this directory.  The build may not work
    correctly.
  
  
  CMake Warning in CMakeLists.txt:
    The object file directory
  
      D:/.pnpm-vs/goconnect/expo-modules-core@3.0.29_re_608eee6e418ac022011475ab34711ee7/node_modules/expo-modules-core/android/.cxx/RelWithDebInfo/6x2110j2/arm64-v8a/CMakeFiles/expo-modules-core.dir/./
  
    has 196 characters.  The maximum full path to an object file is 250
    characters (see CMAKE_OBJECT_PATH_MAX).  Object file
  
      D_/.pnpm-vs/goconnect/expo-modules-core@3.0.29_re_608eee6e418ac022011475ab34711ee7/node_modules/expo-modules-core/common/cpp/ObjectDeallocator.cpp.o
  
    cannot be safely placed under this directory.  The build may not work
    correctly.
  
  
  CMake Warning in src/fabric/CMakeLists.txt:
    The object file directory
  
      D:/.pnpm-vs/goconnect/expo-modules-core@3.0.29_re_608eee6e418ac022011475ab34711ee7/node_modules/expo-modules-core/android/.cxx/RelWithDebInfo/6x2110j2/arm64-v8a/src/fabric/CMakeFiles/fabric.dir/./
  
    has 196 characters.  The maximum full path to an object file is 250
    characters (see CMAKE_OBJECT_PATH_MAX).  Object file
  
      D_/.pnpm-vs/goconnect/expo-modules-core@3.0.29_re_608eee6e418ac022011475ab34711ee7/node_modules/expo-modules-core/common/cpp/fabric/ExpoViewComponentDescriptor.cpp.o
  
    cannot be safely placed under this directory.  The build may not work
    correctly.
  
  
  CMake Warning in CMakeLists.txt:
    The object file directory
  
      D:/.pnpm-vs/goconnect/expo-modules-core@3.0.29_re_608eee6e418ac022011475ab34711ee7/node_modules/expo-modules-core/android/.cxx/RelWithDebInfo/6x2110j2/arm64-v8a/CMakeFiles/expo-modules-core.dir/./
  
    has 196 characters.  The maximum full path to an object file is 250
    characters (see CMAKE_OBJECT_PATH_MAX).  Object file
  
      src/main/cpp/decorators/JSDecoratorsBridgingObject.cpp.o
  
    cannot be safely placed under this directory.  The build may not work
    correctly.
  
  
  CMake Warning in src/fabric/CMakeLists.txt:
    The object file directory
  
      D:/.pnpm-vs/goconnect/expo-modules-core@3.0.29_re_608eee6e418ac022011475ab34711ee7/node_modules/expo-modules-core/android/.cxx/RelWithDebInfo/6x2110j2/arm64-v8a/src/fabric/CMakeFiles/fabric.dir/./
  
    has 196 characters.  The maximum full path to an object file is 250
    characters (see CMAKE_OBJECT_PATH_MAX).  Object file
  
      D_/.pnpm-vs/goconnect/expo-modules-core@3.0.29_re_608eee6e418ac022011475ab34711ee7/node_modules/expo-modules-core/common/cpp/fabric/ExpoViewComponentDescriptor.cpp.o
  
    cannot be safely placed under this directory.  The build may not work
    correctly.
  
  
  CMake Warning in CMakeLists.txt:
    The object file directory
  
      D:/.pnpm-vs/goconnect/expo-modules-core@3.0.29_re_608eee6e418ac022011475ab34711ee7/node_modules/expo-modules-core/android/.cxx/RelWithDebInfo/6x2110j2/arm64-v8a/CMakeFiles/expo-modules-core.dir/./
  
    has 196 characters.  The maximum full path to an object file is 250
    characters (see CMAKE_OBJECT_PATH_MAX).  Object file
  
      D_/.pnpm-vs/goconnect/expo-modules-core@3.0.29_re_608eee6e418ac022011475ab34711ee7/node_modules/expo-modules-core/common/cpp/ObjectDeallocator.cpp.o
  
    cannot be safely placed under this directory.  The build may not work
    correctly.
  
  
  CMake Warning in src/fabric/CMakeLists.txt:
    The object file directory
  
      D:/.pnpm-vs/goconnect/expo-modules-core@3.0.29_re_608eee6e418ac022011475ab34711ee7/node_modules/expo-modules-core/android/.cxx/RelWithDebInfo/6x2110j2/arm64-v8a/src/fabric/CMakeFiles/fabric.dir/./
  
    has 196 characters.  The maximum full path to an object file is 250
    characters (see CMAKE_OBJECT_PATH_MAX).  Object file
  
      D_/.pnpm-vs/goconnect/expo-modules-core@3.0.29_re_608eee6e418ac022011475ab34711ee7/node_modules/expo-modules-core/common/cpp/fabric/ExpoViewComponentDescriptor.cpp.o
  
    cannot be safely placed under this directory.  The build may not work
    correctly.
  
  
  CMake Warning in CMakeLists.txt:
    The object file directory
  
      D:/.pnpm-vs/goconnect/expo-modules-core@3.0.29_re_608eee6e418ac022011475ab34711ee7/node_modules/expo-modules-core/android/.cxx/RelWithDebInfo/6x2110j2/arm64-v8a/CMakeFiles/expo-modules-core.dir/./
  
    has 196 characters.  The maximum full path to an object file is 250
    characters (see CMAKE_OBJECT_PATH_MAX).  Object file
  
      D_/.pnpm-vs/goconnect/expo-modules-core@3.0.29_re_608eee6e418ac022011475ab34711ee7/node_modules/expo-modules-core/common/cpp/ObjectDeallocator.cpp.o
  
    cannot be safely placed under this directory.  The build may not work
    correctly.
  
  
  CMake Warning in src/fabric/CMakeLists.txt:
    The object file directory
  
      D:/.pnpm-vs/goconnect/expo-modules-core@3.0.29_re_608eee6e418ac022011475ab34711ee7/node_modules/expo-modules-core/android/.cxx/RelWithDebInfo/6x2110j2/arm64-v8a/src/fabric/CMakeFiles/fabric.dir/./
  
    has 196 characters.  The maximum full path to an object file is 250
    characters (see CMAKE_OBJECT_PATH_MAX).  Object file
  
      D_/.pnpm-vs/goconnect/expo-modules-core@3.0.29_re_608eee6e418ac022011475ab34711ee7/node_modules/expo-modules-core/common/cpp/fabric/ExpoViewComponentDescriptor.cpp.o
  
    cannot be safely placed under this directory.  The build may not work
    correctly.
  
  
  CMake Warning in CMakeLists.txt:
    The object file directory
  
      D:/.pnpm-vs/goconnect/expo-modules-core@3.0.29_re_608eee6e418ac022011475ab34711ee7/node_modules/expo-modules-core/android/.cxx/RelWithDebInfo/6x2110j2/arm64-v8a/CMakeFiles/expo-modules-core.dir/./
  
    has 196 characters.  The maximum full path to an object file is 250
    characters (see CMAKE_OBJECT_PATH_MAX).  Object file
  
      D_/.pnpm-vs/goconnect/expo-modules-core@3.0.29_re_608eee6e418ac022011475ab34711ee7/node_modules/expo-modules-core/common/cpp/ObjectDeallocator.cpp.o
  
    cannot be safely placed under this directory.  The build may not work
    correctly.
  
  
  CMake Warning in src/fabric/CMakeLists.txt:
    The object file directory
  
      D:/.pnpm-vs/goconnect/expo-modules-core@3.0.29_re_608eee6e418ac022011475ab34711ee7/node_modules/expo-modules-core/android/.cxx/RelWithDebInfo/6x2110j2/arm64-v8a/src/fabric/CMakeFiles/fabric.dir/./
  
    has 196 characters.  The maximum full path to an object file is 250
    characters (see CMAKE_OBJECT_PATH_MAX).  Object file
  
      D_/.pnpm-vs/goconnect/expo-modules-core@3.0.29_re_608eee6e418ac022011475ab34711ee7/node_modules/expo-modules-core/common/cpp/fabric/ExpoViewComponentDescriptor.cpp.o
  
    cannot be safely placed under this directory.  The build may not work
    correctly.
  
  
  CMake Warning in CMakeLists.txt:
    The object file directory
  
      D:/.pnpm-vs/goconnect/expo-modules-core@3.0.29_re_608eee6e418ac022011475ab34711ee7/node_modules/expo-modules-core/android/.cxx/RelWithDebInfo/6x2110j2/arm64-v8a/CMakeFiles/expo-modules-core.dir/./
  
    has 196 characters.  The maximum full path to an object file is 250
    characters (see CMAKE_OBJECT_PATH_MAX).  Object file
  
      D_/.pnpm-vs/goconnect/expo-modules-core@3.0.29_re_608eee6e418ac022011475ab34711ee7/node_modules/expo-modules-core/common/cpp/ObjectDeallocator.cpp.o
  
    cannot be safely placed under this directory.  The build may not work
    correctly.
  
  
  CMake Warning in src/fabric/CMakeLists.txt:
    The object file directory
  
      D:/.pnpm-vs/goconnect/expo-modules-core@3.0.29_re_608eee6e418ac022011475ab34711ee7/node_modules/expo-modules-core/android/.cxx/RelWithDebInfo/6x2110j2/arm64-v8a/src/fabric/CMakeFiles/fabric.dir/./
  
    has 196 characters.  The maximum full path to an object file is 250
    characters (see CMAKE_OBJECT_PATH_MAX).  Object file
  
      D_/.pnpm-vs/goconnect/expo-modules-core@3.0.29_re_608eee6e418ac022011475ab34711ee7/node_modules/expo-modules-core/common/cpp/fabric/ExpoViewEventEmitter.cpp.o
  
    cannot be safely placed under this directory.  The build may not work
    correctly.
  
  
  CMake Warning in CMakeLists.txt:
    The object file directory
  
      D:/.pnpm-vs/goconnect/expo-modules-core@3.0.29_re_608eee6e418ac022011475ab34711ee7/node_modules/expo-modules-core/android/.cxx/RelWithDebInfo/6x2110j2/arm64-v8a/CMakeFiles/expo-modules-core.dir/./
  
    has 196 characters.  The maximum full path to an object file is 250
    characters (see CMAKE_OBJECT_PATH_MAX).  Object file
  
      D_/.pnpm-vs/goconnect/expo-modules-core@3.0.29_re_608eee6e418ac022011475ab34711ee7/node_modules/expo-modules-core/common/cpp/ObjectDeallocator.cpp.o
  
    cannot be safely placed under this directory.  The build may not work
    correctly.
  
  
  CMake Warning in src/fabric/CMakeLists.txt:
    The object file directory
  
      D:/.pnpm-vs/goconnect/expo-modules-core@3.0.29_re_608eee6e418ac022011475ab34711ee7/node_modules/expo-modules-core/android/.cxx/RelWithDebInfo/6x2110j2/arm64-v8a/src/fabric/CMakeFiles/fabric.dir/./
  
    has 196 characters.  The maximum full path to an object file is 250
    characters (see CMAKE_OBJECT_PATH_MAX).  Object file
  
      D_/.pnpm-vs/goconnect/expo-modules-core@3.0.29_re_608eee6e418ac022011475ab34711ee7/node_modules/expo-modules-core/common/cpp/fabric/ExpoViewComponentDescriptor.cpp.o
  
    cannot be safely placed under this directory.  The build may not work
    correctly.
  
  
  CMake Warning in CMakeLists.txt:
    The object file directory
  
      D:/.pnpm-vs/goconnect/expo-modules-core@3.0.29_re_608eee6e418ac022011475ab34711ee7/node_modules/expo-modules-core/android/.cxx/RelWithDebInfo/6x2110j2/arm64-v8a/CMakeFiles/expo-modules-core.dir/./
  
    has 196 characters.  The maximum full path to an object file is 250
    characters (see CMAKE_OBJECT_PATH_MAX).  Object file
  
      D_/.pnpm-vs/goconnect/expo-modules-core@3.0.29_re_608eee6e418ac022011475ab34711ee7/node_modules/expo-modules-core/common/cpp/ObjectDeallocator.cpp.o
  
    cannot be safely placed under this directory.  The build may not work
    correctly.
  
  
  CMake Warning in src/fabric/CMakeLists.txt:
    The object file directory
  
      D:/.pnpm-vs/goconnect/expo-modules-core@3.0.29_re_608eee6e418ac022011475ab34711ee7/node_modules/expo-modules-core/android/.cxx/RelWithDebInfo/6x2110j2/arm64-v8a/src/fabric/CMakeFiles/fabric.dir/./
  
    has 196 characters.  The maximum full path to an object file is 250
    characters (see CMAKE_OBJECT_PATH_MAX).  Object file
  
      D_/.pnpm-vs/goconnect/expo-modules-core@3.0.29_re_608eee6e418ac022011475ab34711ee7/node_modules/expo-modules-core/common/cpp/fabric/ExpoViewEventEmitter.cpp.o
  
    cannot be safely placed under this directory.  The build may not work
    correctly.
  
  
  CMake Warning in CMakeLists.txt:
    The object file directory
  
      D:/.pnpm-vs/goconnect/expo-modules-core@3.0.29_re_608eee6e418ac022011475ab34711ee7/node_modules/expo-modules-core/android/.cxx/RelWithDebInfo/6x2110j2/arm64-v8a/CMakeFiles/expo-modules-core.dir/./
  
    has 196 characters.  The maximum full path to an object file is 250
    characters (see CMAKE_OBJECT_PATH_MAX).  Object file
  
      D_/.pnpm-vs/goconnect/expo-modules-core@3.0.29_re_608eee6e418ac022011475ab34711ee7/node_modules/expo-modules-core/common/cpp/ObjectDeallocator.cpp.o
  
    cannot be safely placed under this directory.  The build may not work
    correctly.
  
  
  CMake Warning in src/fabric/CMakeLists.txt:
    The object file directory
  
      D:/.pnpm-vs/goconnect/expo-modules-core@3.0.29_re_608eee6e418ac022011475ab34711ee7/node_modules/expo-modules-core/android/.cxx/RelWithDebInfo/6x2110j2/arm64-v8a/src/fabric/CMakeFiles/fabric.dir/./
  
    has 196 characters.  The maximum full path to an object file is 250
    characters (see CMAKE_OBJECT_PATH_MAX).  Object file
  
      D_/.pnpm-vs/goconnect/expo-modules-core@3.0.29_re_608eee6e418ac022011475ab34711ee7/node_modules/expo-modules-core/common/cpp/fabric/ExpoViewComponentDescriptor.cpp.o
  
    cannot be safely placed under this directory.  The build may not work
    correctly.
  
  
  CMake Warning in CMakeLists.txt:
    The object file directory
  
      D:/.pnpm-vs/goconnect/expo-modules-core@3.0.29_re_608eee6e418ac022011475ab34711ee7/node_modules/expo-modules-core/android/.cxx/RelWithDebInfo/6x2110j2/arm64-v8a/CMakeFiles/expo-modules-core.dir/./
  
    has 196 characters.  The maximum full path to an object file is 250
    characters (see CMAKE_OBJECT_PATH_MAX).  Object file
  
      D_/.pnpm-vs/goconnect/expo-modules-core@3.0.29_re_608eee6e418ac022011475ab34711ee7/node_modules/expo-modules-core/common/cpp/ObjectDeallocator.cpp.o
  
    cannot be safely placed under this directory.  The build may not work
    correctly.
  
  
  CMake Warning in src/fabric/CMakeLists.txt:
    The object file directory
  
      D:/.pnpm-vs/goconnect/expo-modules-core@3.0.29_re_608eee6e418ac022011475ab34711ee7/node_modules/expo-modules-core/android/.cxx/RelWithDebInfo/6x2110j2/arm64-v8a/src/fabric/CMakeFiles/fabric.dir/./
  
    has 196 characters.  The maximum full path to an object file is 250
    characters (see CMAKE_OBJECT_PATH_MAX).  Object file
  
      D_/.pnpm-vs/goconnect/expo-modules-core@3.0.29_re_608eee6e418ac022011475ab34711ee7/node_modules/expo-modules-core/common/cpp/fabric/ExpoViewShadowNode.cpp.o
  
    cannot be safely placed under this directory.  The build may not work
    correctly.
  
  
  CMake Warning in CMakeLists.txt:
    The object file directory
  
      D:/.pnpm-vs/goconnect/expo-modules-core@3.0.29_re_608eee6e418ac022011475ab34711ee7/node_modules/expo-modules-core/android/.cxx/RelWithDebInfo/6x2110j2/arm64-v8a/CMakeFiles/expo-modules-core.dir/./
  
    has 196 characters.  The maximum full path to an object file is 250
    characters (see CMAKE_OBJECT_PATH_MAX).  Object file
  
      D_/.pnpm-vs/goconnect/expo-modules-core@3.0.29_re_608eee6e418ac022011475ab34711ee7/node_modules/expo-modules-core/common/cpp/ObjectDeallocator.cpp.o
  
    cannot be safely placed under this directory.  The build may not work
    correctly.
  
  
  CMake Warning in src/fabric/CMakeLists.txt:
    The object file directory
  
      D:/.pnpm-vs/goconnect/expo-modules-core@3.0.29_re_608eee6e418ac022011475ab34711ee7/node_modules/expo-modules-core/android/.cxx/RelWithDebInfo/6x2110j2/arm64-v8a/src/fabric/CMakeFiles/fabric.dir/./
  
    has 196 characters.  The maximum full path to an object file is 250
    characters (see CMAKE_OBJECT_PATH_MAX).  Object file
  
      D_/.pnpm-vs/goconnect/expo-modules-core@3.0.29_re_608eee6e418ac022011475ab34711ee7/node_modules/expo-modules-core/common/cpp/fabric/ExpoViewComponentDescriptor.cpp.o
  
    cannot be safely placed under this directory.  The build may not work
    correctly.
  
  
  CMake Warning in CMakeLists.txt:
    The object file directory
  
      D:/.pnpm-vs/goconnect/expo-modules-core@3.0.29_re_608eee6e418ac022011475ab34711ee7/node_modules/expo-modules-core/android/.cxx/RelWithDebInfo/6x2110j2/arm64-v8a/CMakeFiles/expo-modules-core.dir/./
  
    has 196 characters.  The maximum full path to an object file is 250
    characters (see CMAKE_OBJECT_PATH_MAX).  Object file
  
      D_/.pnpm-vs/goconnect/expo-modules-core@3.0.29_re_608eee6e418ac022011475ab34711ee7/node_modules/expo-modules-core/common/cpp/ObjectDeallocator.cpp.o
  
    cannot be safely placed under this directory.  The build may not work
    correctly.
  
  
  CMake Warning in src/fabric/CMakeLists.txt:
    The object file directory
  
      D:/.pnpm-vs/goconnect/expo-modules-core@3.0.29_re_608eee6e418ac022011475ab34711ee7/node_modules/expo-modules-core/android/.cxx/RelWithDebInfo/6x2110j2/arm64-v8a/src/fabric/CMakeFiles/fabric.dir/./
  
    has 196 characters.  The maximum full path to an object file is 250
    characters (see CMAKE_OBJECT_PATH_MAX).  Object file
  
      D_/.pnpm-vs/goconnect/expo-modules-core@3.0.29_re_608eee6e418ac022011475ab34711ee7/node_modules/expo-modules-core/common/cpp/fabric/ExpoViewShadowNode.cpp.o
  
    cannot be safely placed under this directory.  The build may not work
    correctly.
  
  
  CMake Warning in CMakeLists.txt:
    The object file directory
  
      D:/.pnpm-vs/goconnect/expo-modules-core@3.0.29_re_608eee6e418ac022011475ab34711ee7/node_modules/expo-modules-core/android/.cxx/RelWithDebInfo/6x2110j2/arm64-v8a/CMakeFiles/expo-modules-core.dir/./
  
    has 196 characters.  The maximum full path to an object file is 250
    characters (see CMAKE_OBJECT_PATH_MAX).  Object file
  
      D_/.pnpm-vs/goconnect/expo-modules-core@3.0.29_re_608eee6e418ac022011475ab34711ee7/node_modules/expo-modules-core/common/cpp/ObjectDeallocator.cpp.o
  
    cannot be safely placed under this directory.  The build may not work
    correctly.
  
  
  CMake Warning in src/fabric/CMakeLists.txt:
    The object file directory
  
      D:/.pnpm-vs/goconnect/expo-modules-core@3.0.29_re_608eee6e418ac022011475ab34711ee7/node_modules/expo-modules-core/android/.cxx/RelWithDebInfo/6x2110j2/arm64-v8a/src/fabric/CMakeFiles/fabric.dir/./
  
    has 196 characters.  The maximum full path to an object file is 250
    characters (see CMAKE_OBJECT_PATH_MAX).  Object file
  
      D_/.pnpm-vs/goconnect/expo-modules-core@3.0.29_re_608eee6e418ac022011475ab34711ee7/node_modules/expo-modules-core/common/cpp/fabric/ExpoViewShadowNode.cpp.o
  
    cannot be safely placed under this directory.  The build may not work
    correctly.
  
  
  CMake Warning in CMakeLists.txt:
    The object file directory
  
      D:/.pnpm-vs/goconnect/expo-modules-core@3.0.29_re_608eee6e418ac022011475ab34711ee7/node_modules/expo-modules-core/android/.cxx/RelWithDebInfo/6x2110j2/arm64-v8a/CMakeFiles/expo-modules-core.dir/./
  
    has 196 characters.  The maximum full path to an object file is 250
    characters (see CMAKE_OBJECT_PATH_MAX).  Object file
  
      D_/.pnpm-vs/goconnect/expo-modules-core@3.0.29_re_608eee6e418ac022011475ab34711ee7/node_modules/expo-modules-core/common/cpp/ObjectDeallocator.cpp.o
  
    cannot be safely placed under this directory.  The build may not work
    correctly.
  
  
  CMake Warning in src/fabric/CMakeLists.txt:
    The object file directory
  
      D:/.pnpm-vs/goconnect/expo-modules-core@3.0.29_re_608eee6e418ac022011475ab34711ee7/node_modules/expo-modules-core/android/.cxx/RelWithDebInfo/6x2110j2/arm64-v8a/src/fabric/CMakeFiles/fabric.dir/./
  
    has 196 characters.  The maximum full path to an object file is 250
    characters (see CMAKE_OBJECT_PATH_MAX).  Object file
  
      D_/.pnpm-vs/goconnect/expo-modules-core@3.0.29_re_608eee6e418ac022011475ab34711ee7/node_modules/expo-modules-core/common/cpp/fabric/ExpoViewComponentDescriptor.cpp.o
  
    cannot be safely placed under this directory.  The build may not work
    correctly.
  
  
  CMake Warning in CMakeLists.txt:
    The object file directory
  
      D:/.pnpm-vs/goconnect/expo-modules-core@3.0.29_re_608eee6e418ac022011475ab34711ee7/node_modules/expo-modules-core/android/.cxx/RelWithDebInfo/6x2110j2/arm64-v8a/CMakeFiles/expo-modules-core.dir/./
  
    has 196 characters.  The maximum full path to an object file is 250
    characters (see CMAKE_OBJECT_PATH_MAX).  Object file
  
      D_/.pnpm-vs/goconnect/expo-modules-core@3.0.29_re_608eee6e418ac022011475ab34711ee7/node_modules/expo-modules-core/common/cpp/ObjectDeallocator.cpp.o
  
    cannot be safely placed under this directory.  The build may not work
    correctly.
  
  
  CMake Warning in src/fabric/CMakeLists.txt:
    The object file directory
  
      D:/.pnpm-vs/goconnect/expo-modules-core@3.0.29_re_608eee6e418ac022011475ab34711ee7/node_modules/expo-modules-core/android/.cxx/RelWithDebInfo/6x2110j2/arm64-v8a/src/fabric/CMakeFiles/fabric.dir/./
  
    has 196 characters.  The maximum full path to an object file is 250
    characters (see CMAKE_OBJECT_PATH_MAX).  Object file
  
      D_/.pnpm-vs/goconnect/expo-modules-core@3.0.29_re_608eee6e418ac022011475ab34711ee7/node_modules/expo-modules-core/common/cpp/fabric/ExpoViewEventEmitter.cpp.o
  
    cannot be safely placed under this directory.  The build may not work
    correctly.
  
  
  CMake Warning in CMakeLists.txt:
    The object file directory
  
      D:/.pnpm-vs/goconnect/expo-modules-core@3.0.29_re_608eee6e418ac022011475ab34711ee7/node_modules/expo-modules-core/android/.cxx/RelWithDebInfo/6x2110j2/arm64-v8a/CMakeFiles/expo-modules-core.dir/./
  
    has 196 characters.  The maximum full path to an object file is 250
    characters (see CMAKE_OBJECT_PATH_MAX).  Object file
  
      D_/.pnpm-vs/goconnect/expo-modules-core@3.0.29_re_608eee6e418ac022011475ab34711ee7/node_modules/expo-modules-core/common/cpp/ObjectDeallocator.cpp.o
  
    cannot be safely placed under this directory.  The build may not work
    correctly.
  
  
  CMake Warning in src/fabric/CMakeLists.txt:
    The object file directory
  
      D:/.pnpm-vs/goconnect/expo-modules-core@3.0.29_re_608eee6e418ac022011475ab34711ee7/node_modules/expo-modules-core/android/.cxx/RelWithDebInfo/6x2110j2/arm64-v8a/src/fabric/CMakeFiles/fabric.dir/./
  
    has 196 characters.  The maximum full path to an object file is 250
    characters (see CMAKE_OBJECT_PATH_MAX).  Object file
  
      D_/.pnpm-vs/goconnect/expo-modules-core@3.0.29_re_608eee6e418ac022011475ab34711ee7/node_modules/expo-modules-core/common/cpp/fabric/ExpoViewComponentDescriptor.cpp.o
  
    cannot be safely placed under this directory.  The build may not work
    correctly.
  
  
  CMake Warning in CMakeLists.txt:
    The object file directory
  
      D:/.pnpm-vs/goconnect/expo-modules-core@3.0.29_re_608eee6e418ac022011475ab34711ee7/node_modules/expo-modules-core/android/.cxx/RelWithDebInfo/6x2110j2/arm64-v8a/CMakeFiles/expo-modules-core.dir/./
  
    has 196 characters.  The maximum full path to an object file is 250
    characters (see CMAKE_OBJECT_PATH_MAX).  Object file
  
      D_/.pnpm-vs/goconnect/expo-modules-core@3.0.29_re_608eee6e418ac022011475ab34711ee7/node_modules/expo-modules-core/common/cpp/ObjectDeallocator.cpp.o
  
    cannot be safely placed under this directory.  The build may not work
    correctly.
  
  
  CMake Warning in src/fabric/CMakeLists.txt:
    The object file directory
  
      D:/.pnpm-vs/goconnect/expo-modules-core@3.0.29_re_608eee6e418ac022011475ab34711ee7/node_modules/expo-modules-core/android/.cxx/RelWithDebInfo/6x2110j2/arm64-v8a/src/fabric/CMakeFiles/fabric.dir/./
  
    has 196 characters.  The maximum full path to an object file is 250
    characters (see CMAKE_OBJECT_PATH_MAX).  Object file
  
      D_/.pnpm-vs/goconnect/expo-modules-core@3.0.29_re_608eee6e418ac022011475ab34711ee7/node_modules/expo-modules-core/common/cpp/fabric/ExpoViewComponentDescriptor.cpp.o
  
    cannot be safely placed under this directory.  The build may not work
    correctly.
  
  
  CMake Warning in CMakeLists.txt:
    The object file directory
  
      D:/.pnpm-vs/goconnect/expo-modules-core@3.0.29_re_608eee6e418ac022011475ab34711ee7/node_modules/expo-modules-core/android/.cxx/RelWithDebInfo/6x2110j2/arm64-v8a/CMakeFiles/expo-modules-core.dir/./
  
    has 196 characters.  The maximum full path to an object file is 250
    characters (see CMAKE_OBJECT_PATH_MAX).  Object file
  
      D_/.pnpm-vs/goconnect/expo-modules-core@3.0.29_re_608eee6e418ac022011475ab34711ee7/node_modules/expo-modules-core/common/cpp/ObjectDeallocator.cpp.o
  
    cannot be safely placed under this directory.  The build may not work
    correctly.
  
  
  CMake Warning in src/fabric/CMakeLists.txt:
    The object file directory
  
      D:/.pnpm-vs/goconnect/expo-modules-core@3.0.29_re_608eee6e418ac022011475ab34711ee7/node_modules/expo-modules-core/android/.cxx/RelWithDebInfo/6x2110j2/arm64-v8a/src/fabric/CMakeFiles/fabric.dir/./
  
    has 196 characters.  The maximum full path to an object file is 250
    characters (see CMAKE_OBJECT_PATH_MAX).  Object file
  
      D_/.pnpm-vs/goconnect/expo-modules-core@3.0.29_re_608eee6e418ac022011475ab34711ee7/node_modules/expo-modules-core/common/cpp/fabric/ExpoViewComponentDescriptor.cpp.o
  
    cannot be safely placed under this directory.  The build may not work
    correctly.
  
  
  CMake Warning in CMakeLists.txt:
    The object file directory
  
      D:/.pnpm-vs/goconnect/expo-modules-core@3.0.29_re_608eee6e418ac022011475ab34711ee7/node_modules/expo-modules-core/android/.cxx/RelWithDebInfo/6x2110j2/arm64-v8a/CMakeFiles/expo-modules-core.dir/./
  
    has 196 characters.  The maximum full path to an object file is 250
    characters (see CMAKE_OBJECT_PATH_MAX).  Object file
  
      D_/.pnpm-vs/goconnect/expo-modules-core@3.0.29_re_608eee6e418ac022011475ab34711ee7/node_modules/expo-modules-core/common/cpp/ObjectDeallocator.cpp.o
  
    cannot be safely placed under this directory.  The build may not work
    correctly.
  
  
  CMake Warning in src/fabric/CMakeLists.txt:
    The object file directory
  
      D:/.pnpm-vs/goconnect/expo-modules-core@3.0.29_re_608eee6e418ac022011475ab34711ee7/node_modules/expo-modules-core/android/.cxx/RelWithDebInfo/6x2110j2/arm64-v8a/src/fabric/CMakeFiles/fabric.dir/./
  
    has 196 characters.  The maximum full path to an object file is 250
    characters (see CMAKE_OBJECT_PATH_MAX).  Object file
  
      D_/.pnpm-vs/goconnect/expo-modules-core@3.0.29_re_608eee6e418ac022011475ab34711ee7/node_modules/expo-modules-core/common/cpp/fabric/ExpoViewComponentDescriptor.cpp.o
  
    cannot be safely placed under this directory.  The build may not work
    correctly.
  
  
  CMake Warning in CMakeLists.txt:
    The object file directory
  
      D:/.pnpm-vs/goconnect/expo-modules-core@3.0.29_re_608eee6e418ac022011475ab34711ee7/node_modules/expo-modules-core/android/.cxx/RelWithDebInfo/6x2110j2/arm64-v8a/CMakeFiles/expo-modules-core.dir/./
  
    has 196 characters.  The maximum full path to an object file is 250
    characters (see CMAKE_OBJECT_PATH_MAX).  Object file
  
      D_/.pnpm-vs/goconnect/expo-modules-core@3.0.29_re_608eee6e418ac022011475ab34711ee7/node_modules/expo-modules-core/common/cpp/ObjectDeallocator.cpp.o
  
    cannot be safely placed under this directory.  The build may not work
    correctly.
  
  
  CMake Warning in src/fabric/CMakeLists.txt:
    The object file directory
  
      D:/.pnpm-vs/goconnect/expo-modules-core@3.0.29_re_608eee6e418ac022011475ab34711ee7/node_modules/expo-modules-core/android/.cxx/RelWithDebInfo/6x2110j2/arm64-v8a/src/fabric/CMakeFiles/fabric.dir/./
  
    has 196 characters.  The maximum full path to an object file is 250
    characters (see CMAKE_OBJECT_PATH_MAX).  Object file
  
      D_/.pnpm-vs/goconnect/expo-modules-core@3.0.29_re_608eee6e418ac022011475ab34711ee7/node_modules/expo-modules-core/common/cpp/fabric/ExpoViewComponentDescriptor.cpp.o
  
    cannot be safely placed under this directory.  The build may not work
    correctly.
  
  
  CMake Warning in CMakeLists.txt:
    The object file directory
  
      D:/.pnpm-vs/goconnect/expo-modules-core@3.0.29_re_608eee6e418ac022011475ab34711ee7/node_modules/expo-modules-core/android/.cxx/RelWithDebInfo/6x2110j2/arm64-v8a/CMakeFiles/expo-modules-core.dir/./
  
    has 196 characters.  The maximum full path to an object file is 250
    characters (see CMAKE_OBJECT_PATH_MAX).  Object file
  
      D_/.pnpm-vs/goconnect/expo-modules-core@3.0.29_re_608eee6e418ac022011475ab34711ee7/node_modules/expo-modules-core/common/cpp/ObjectDeallocator.cpp.o
  
    cannot be safely placed under this directory.  The build may not work
    correctly.
  
  
  CMake Warning in src/fabric/CMakeLists.txt:
    The object file directory
  
      D:/.pnpm-vs/goconnect/expo-modules-core@3.0.29_re_608eee6e418ac022011475ab34711ee7/node_modules/expo-modules-core/android/.cxx/RelWithDebInfo/6x2110j2/arm64-v8a/src/fabric/CMakeFiles/fabric.dir/./
  
    has 196 characters.  The maximum full path to an object file is 250
    characters (see CMAKE_OBJECT_PATH_MAX).  Object file
  
      D_/.pnpm-vs/goconnect/expo-modules-core@3.0.29_re_608eee6e418ac022011475ab34711ee7/node_modules/expo-modules-core/common/cpp/fabric/ExpoViewComponentDescriptor.cpp.o
  
    cannot be safely placed under this directory.  The build may not work
    correctly.
  
  
  CMake Warning in CMakeLists.txt:
    The object file directory
  
      D:/.pnpm-vs/goconnect/expo-modules-core@3.0.29_re_608eee6e418ac022011475ab34711ee7/node_modules/expo-modules-core/android/.cxx/RelWithDebInfo/6x2110j2/arm64-v8a/CMakeFiles/expo-modules-core.dir/./
  
    has 196 characters.  The maximum full path to an object file is 250
    characters (see CMAKE_OBJECT_PATH_MAX).  Object file
  
      D_/.pnpm-vs/goconnect/expo-modules-core@3.0.29_re_608eee6e418ac022011475ab34711ee7/node_modules/expo-modules-core/common/cpp/ObjectDeallocator.cpp.o
  
    cannot be safely placed under this directory.  The build may not work
    correctly.
  
  
  CMake Warning in src/fabric/CMakeLists.txt:
    The object file directory
  
      D:/.pnpm-vs/goconnect/expo-modules-core@3.0.29_re_608eee6e418ac022011475ab34711ee7/node_modules/expo-modules-core/android/.cxx/RelWithDebInfo/6x2110j2/arm64-v8a/src/fabric/CMakeFiles/fabric.dir/./
  
    has 196 characters.  The maximum full path to an object file is 250
    characters (see CMAKE_OBJECT_PATH_MAX).  Object file
  
      D_/.pnpm-vs/goconnect/expo-modules-core@3.0.29_re_608eee6e418ac022011475ab34711ee7/node_modules/expo-modules-core/common/cpp/fabric/ExpoViewComponentDescriptor.cpp.o
  
    cannot be safely placed under this directory.  The build may not work
    correctly.
  
  
  CMake Warning in CMakeLists.txt:
    The object file directory
  
      D:/.pnpm-vs/goconnect/expo-modules-core@3.0.29_re_608eee6e418ac022011475ab34711ee7/node_modules/expo-modules-core/android/.cxx/RelWithDebInfo/6x2110j2/arm64-v8a/CMakeFiles/expo-modules-core.dir/./
  
    has 196 characters.  The maximum full path to an object file is 250
    characters (see CMAKE_OBJECT_PATH_MAX).  Object file
  
      D_/.pnpm-vs/goconnect/expo-modules-core@3.0.29_re_608eee6e418ac022011475ab34711ee7/node_modules/expo-modules-core/common/cpp/ObjectDeallocator.cpp.o
  
    cannot be safely placed under this directory.  The build may not work
    correctly.
  
  
  CMake Warning in src/fabric/CMakeLists.txt:
    The object file directory
  
      D:/.pnpm-vs/goconnect/expo-modules-core@3.0.29_re_608eee6e418ac022011475ab34711ee7/node_modules/expo-modules-core/android/.cxx/RelWithDebInfo/6x2110j2/arm64-v8a/src/fabric/CMakeFiles/fabric.dir/./
  
    has 196 characters.  The maximum full path to an object file is 250
    characters (see CMAKE_OBJECT_PATH_MAX).  Object file
  
      D_/.pnpm-vs/goconnect/expo-modules-core@3.0.29_re_608eee6e418ac022011475ab34711ee7/node_modules/expo-modules-core/common/cpp/fabric/ExpoViewComponentDescriptor.cpp.o
  
    cannot be safely placed under this directory.  The build may not work
    correctly.
  
  
  CMake Warning in CMakeLists.txt:
    The object file directory
  
      D:/.pnpm-vs/goconnect/expo-modules-core@3.0.29_re_608eee6e418ac022011475ab34711ee7/node_modules/expo-modules-core/android/.cxx/RelWithDebInfo/6x2110j2/arm64-v8a/CMakeFiles/expo-modules-core.dir/./
  
    has 196 characters.  The maximum full path to an object file is 250
    characters (see CMAKE_OBJECT_PATH_MAX).  Object file
  
      D_/.pnpm-vs/goconnect/expo-modules-core@3.0.29_re_608eee6e418ac022011475ab34711ee7/node_modules/expo-modules-core/common/cpp/ObjectDeallocator.cpp.o
  
    cannot be safely placed under this directory.  The build may not work
    correctly.
  
  
  CMake Warning in src/fabric/CMakeLists.txt:
    The object file directory
  
      D:/.pnpm-vs/goconnect/expo-modules-core@3.0.29_re_608eee6e418ac022011475ab34711ee7/node_modules/expo-modules-core/android/.cxx/RelWithDebInfo/6x2110j2/arm64-v8a/src/fabric/CMakeFiles/fabric.dir/./
  
    has 196 characters.  The maximum full path to an object file is 250
    characters (see CMAKE_OBJECT_PATH_MAX).  Object file
  
      D_/.pnpm-vs/goconnect/expo-modules-core@3.0.29_re_608eee6e418ac022011475ab34711ee7/node_modules/expo-modules-core/common/cpp/fabric/ExpoViewShadowNode.cpp.o
  
    cannot be safely placed under this directory.  The build may not work
    correctly.
  
  
  CMake Warning in CMakeLists.txt:
    The object file directory
  
      D:/.pnpm-vs/goconnect/expo-modules-core@3.0.29_re_608eee6e418ac022011475ab34711ee7/node_modules/expo-modules-core/android/.cxx/RelWithDebInfo/6x2110j2/arm64-v8a/CMakeFiles/expo-modules-core.dir/./
  
    has 196 characters.  The maximum full path to an object file is 250
    characters (see CMAKE_OBJECT_PATH_MAX).  Object file
  
      D_/.pnpm-vs/goconnect/expo-modules-core@3.0.29_re_608eee6e418ac022011475ab34711ee7/node_modules/expo-modules-core/common/cpp/ObjectDeallocator.cpp.o
  
    cannot be safely placed under this directory.  The build may not work
    correctly.
  
  
  CMake Warning in src/fabric/CMakeLists.txt:
    The object file directory
  
      D:/.pnpm-vs/goconnect/expo-modules-core@3.0.29_re_608eee6e418ac022011475ab34711ee7/node_modules/expo-modules-core/android/.cxx/RelWithDebInfo/6x2110j2/arm64-v8a/src/fabric/CMakeFiles/fabric.dir/./
  
    has 196 characters.  The maximum full path to an object file is 250
    characters (see CMAKE_OBJECT_PATH_MAX).  Object file
  
      D_/.pnpm-vs/goconnect/expo-modules-core@3.0.29_re_608eee6e418ac022011475ab34711ee7/node_modules/expo-modules-core/common/cpp/fabric/ExpoViewComponentDescriptor.cpp.o
  
    cannot be safely placed under this directory.  The build may not work
    correctly.
  
  
  CMake Warning in CMakeLists.txt:
    The object file directory
  
      D:/.pnpm-vs/goconnect/expo-modules-core@3.0.29_re_608eee6e418ac022011475ab34711ee7/node_modules/expo-modules-core/android/.cxx/RelWithDebInfo/6x2110j2/arm64-v8a/CMakeFiles/expo-modules-core.dir/./
  
    has 196 characters.  The maximum full path to an object file is 250
    characters (see CMAKE_OBJECT_PATH_MAX).  Object file
  
      D_/.pnpm-vs/goconnect/expo-modules-core@3.0.29_re_608eee6e418ac022011475ab34711ee7/node_modules/expo-modules-core/common/cpp/ObjectDeallocator.cpp.o
  
    cannot be safely placed under this directory.  The build may not work
    correctly.
  
  
  CMake Warning in src/fabric/CMakeLists.txt:
    The object file directory
  
      D:/.pnpm-vs/goconnect/expo-modules-core@3.0.29_re_608eee6e418ac022011475ab34711ee7/node_modules/expo-modules-core/android/.cxx/RelWithDebInfo/6x2110j2/arm64-v8a/src/fabric/CMakeFiles/fabric.dir/./
  
    has 196 characters.  The maximum full path to an object file is 250
    characters (see CMAKE_OBJECT_PATH_MAX).  Object file
  
      D_/.pnpm-vs/goconnect/expo-modules-core@3.0.29_re_608eee6e418ac022011475ab34711ee7/node_modules/expo-modules-core/common/cpp/fabric/ExpoViewComponentDescriptor.cpp.o
  
    cannot be safely placed under this directory.  The build may not work
    correctly.
  
  
  CMake Warning in CMakeLists.txt:
    The object file directory
  
      D:/.pnpm-vs/goconnect/expo-modules-core@3.0.29_re_608eee6e418ac022011475ab34711ee7/node_modules/expo-modules-core/android/.cxx/RelWithDebInfo/6x2110j2/arm64-v8a/CMakeFiles/expo-modules-core.dir/./
  
    has 196 characters.  The maximum full path to an object file is 250
    characters (see CMAKE_OBJECT_PATH_MAX).  Object file
  
      D_/.pnpm-vs/goconnect/expo-modules-core@3.0.29_re_608eee6e418ac022011475ab34711ee7/node_modules/expo-modules-core/common/cpp/ObjectDeallocator.cpp.o
  
    cannot be safely placed under this directory.  The build may not work
    correctly.
  
  
  CMake Warning in src/fabric/CMakeLists.txt:
    The object file directory
  
      D:/.pnpm-vs/goconnect/expo-modules-core@3.0.29_re_608eee6e418ac022011475ab34711ee7/node_modules/expo-modules-core/android/.cxx/RelWithDebInfo/6x2110j2/arm64-v8a/src/fabric/CMakeFiles/fabric.dir/./
  
    has 196 characters.  The maximum full path to an object file is 250
    characters (see CMAKE_OBJECT_PATH_MAX).  Object file
  
      D_/.pnpm-vs/goconnect/expo-modules-core@3.0.29_re_608eee6e418ac022011475ab34711ee7/node_modules/expo-modules-core/common/cpp/fabric/ExpoViewEventEmitter.cpp.o
  
    cannot be safely placed under this directory.  The build may not work
    correctly.
  
  
  CMake Warning in CMakeLists.txt:
    The object file directory
  
      D:/.pnpm-vs/goconnect/expo-modules-core@3.0.29_re_608eee6e418ac022011475ab34711ee7/node_modules/expo-modules-core/android/.cxx/RelWithDebInfo/6x2110j2/arm64-v8a/CMakeFiles/expo-modules-core.dir/./
  
    has 196 characters.  The maximum full path to an object file is 250
    characters (see CMAKE_OBJECT_PATH_MAX).  Object file
  
      D_/.pnpm-vs/goconnect/expo-modules-core@3.0.29_re_608eee6e418ac022011475ab34711ee7/node_modules/expo-modules-core/common/cpp/ObjectDeallocator.cpp.o
  
    cannot be safely placed under this directory.  The build may not work
    correctly.
  
  
  CMake Warning in src/fabric/CMakeLists.txt:
    The object file directory
  
      D:/.pnpm-vs/goconnect/expo-modules-core@3.0.29_re_608eee6e418ac022011475ab34711ee7/node_modules/expo-modules-core/android/.cxx/RelWithDebInfo/6x2110j2/arm64-v8a/src/fabric/CMakeFiles/fabric.dir/./
  
    has 196 characters.  The maximum full path to an object file is 250
    characters (see CMAKE_OBJECT_PATH_MAX).  Object file
  
      D_/.pnpm-vs/goconnect/expo-modules-core@3.0.29_re_608eee6e418ac022011475ab34711ee7/node_modules/expo-modules-core/common/cpp/fabric/ExpoViewShadowNode.cpp.o
  
    cannot be safely placed under this directory.  The build may not work
    correctly.
  
  
  CMake Warning in CMakeLists.txt:
    The object file directory
  
      D:/.pnpm-vs/goconnect/expo-modules-core@3.0.29_re_608eee6e418ac022011475ab34711ee7/node_modules/expo-modules-core/android/.cxx/RelWithDebInfo/6x2110j2/arm64-v8a/CMakeFiles/expo-modules-core.dir/./
  
    has 196 characters.  The maximum full path to an object file is 250
    characters (see CMAKE_OBJECT_PATH_MAX).  Object file
  
      D_/.pnpm-vs/goconnect/expo-modules-core@3.0.29_re_608eee6e418ac022011475ab34711ee7/node_modules/expo-modules-core/common/cpp/ObjectDeallocator.cpp.o
  
    cannot be safely placed under this directory.  The build may not work
    correctly.
  
  
  CMake Warning in src/fabric/CMakeLists.txt:
    The object file directory
  
      D:/.pnpm-vs/goconnect/expo-modules-core@3.0.29_re_608eee6e418ac022011475ab34711ee7/node_modules/expo-modules-core/android/.cxx/RelWithDebInfo/6x2110j2/arm64-v8a/src/fabric/CMakeFiles/fabric.dir/./
  
    has 196 characters.  The maximum full path to an object file is 250
    characters (see CMAKE_OBJECT_PATH_MAX).  Object file
  
      D_/.pnpm-vs/goconnect/expo-modules-core@3.0.29_re_608eee6e418ac022011475ab34711ee7/node_modules/expo-modules-core/common/cpp/fabric/ExpoViewComponentDescriptor.cpp.o
  
    cannot be safely placed under this directory.  The build may not work
    correctly.
  
  
  CMake Warning in CMakeLists.txt:
    The object file directory
  
      D:/.pnpm-vs/goconnect/expo-modules-core@3.0.29_re_608eee6e418ac022011475ab34711ee7/node_modules/expo-modules-core/android/.cxx/RelWithDebInfo/6x2110j2/arm64-v8a/CMakeFiles/expo-modules-core.dir/./
  
    has 196 characters.  The maximum full path to an object file is 250
    characters (see CMAKE_OBJECT_PATH_MAX).  Object file
  
      D_/.pnpm-vs/goconnect/expo-modules-core@3.0.29_re_608eee6e418ac022011475ab34711ee7/node_modules/expo-modules-core/common/cpp/ObjectDeallocator.cpp.o
  
    cannot be safely placed under this directory.  The build may not work
    correctly.
  
  
  CMake Warning in src/fabric/CMakeLists.txt:
    The object file directory
  
      D:/.pnpm-vs/goconnect/expo-modules-core@3.0.29_re_608eee6e418ac022011475ab34711ee7/node_modules/expo-modules-core/android/.cxx/RelWithDebInfo/6x2110j2/arm64-v8a/src/fabric/CMakeFiles/fabric.dir/./
  
    has 196 characters.  The maximum full path to an object file is 250
    characters (see CMAKE_OBJECT_PATH_MAX).  Object file
  
      D_/.pnpm-vs/goconnect/expo-modules-core@3.0.29_re_608eee6e418ac022011475ab34711ee7/node_modules/expo-modules-core/common/cpp/fabric/ExpoViewShadowNode.cpp.o
  
    cannot be safely placed under this directory.  The build may not work
    correctly.
  
  
  CMake Warning in CMakeLists.txt:
    The object file directory
  
      D:/.pnpm-vs/goconnect/expo-modules-core@3.0.29_re_608eee6e418ac022011475ab34711ee7/node_modules/expo-modules-core/android/.cxx/RelWithDebInfo/6x2110j2/arm64-v8a/CMakeFiles/expo-modules-core.dir/./
  
    has 196 characters.  The maximum full path to an object file is 250
    characters (see CMAKE_OBJECT_PATH_MAX).  Object file
  
      D_/.pnpm-vs/goconnect/expo-modules-core@3.0.29_re_608eee6e418ac022011475ab34711ee7/node_modules/expo-modules-core/common/cpp/ObjectDeallocator.cpp.o
  
    cannot be safely placed under this directory.  The build may not work
    correctly.
  
  
  CMake Warning in src/fabric/CMakeLists.txt:
    The object file directory
  
      D:/.pnpm-vs/goconnect/expo-modules-core@3.0.29_re_608eee6e418ac022011475ab34711ee7/node_modules/expo-modules-core/android/.cxx/RelWithDebInfo/6x2110j2/arm64-v8a/src/fabric/CMakeFiles/fabric.dir/./
  
    has 196 characters.  The maximum full path to an object file is 250
    characters (see CMAKE_OBJECT_PATH_MAX).  Object file
  
      D_/.pnpm-vs/goconnect/expo-modules-core@3.0.29_re_608eee6e418ac022011475ab34711ee7/node_modules/expo-modules-core/common/cpp/fabric/ExpoViewComponentDescriptor.cpp.o
  
    cannot be safely placed under this directory.  The build may not work
    correctly.
  
  
  CMake Warning in CMakeLists.txt:
    The object file directory
  
      D:/.pnpm-vs/goconnect/expo-modules-core@3.0.29_re_608eee6e418ac022011475ab34711ee7/node_modules/expo-modules-core/android/.cxx/RelWithDebInfo/6x2110j2/arm64-v8a/CMakeFiles/expo-modules-core.dir/./
  
    has 196 characters.  The maximum full path to an object file is 250
    characters (see CMAKE_OBJECT_PATH_MAX).  Object file
  
      D_/.pnpm-vs/goconnect/expo-modules-core@3.0.29_re_608eee6e418ac022011475ab34711ee7/node_modules/expo-modules-core/common/cpp/ObjectDeallocator.cpp.o
  
    cannot be safely placed under this directory.  The build may not work
    correctly.
  
  
  CMake Warning in src/fabric/CMakeLists.txt:
    The object file directory
  
      D:/.pnpm-vs/goconnect/expo-modules-core@3.0.29_re_608eee6e418ac022011475ab34711ee7/node_modules/expo-modules-core/android/.cxx/RelWithDebInfo/6x2110j2/arm64-v8a/src/fabric/CMakeFiles/fabric.dir/./
  
    has 196 characters.  The maximum full path to an object file is 250
    characters (see CMAKE_OBJECT_PATH_MAX).  Object file
  
      D_/.pnpm-vs/goconnect/expo-modules-core@3.0.29_re_608eee6e418ac022011475ab34711ee7/node_modules/expo-modules-core/common/cpp/fabric/ExpoViewShadowNode.cpp.o
  
    cannot be safely placed under this directory.  The build may not work
    correctly.
  
  
  CMake Warning in CMakeLists.txt:
    The object file directory
  
      D:/.pnpm-vs/goconnect/expo-modules-core@3.0.29_re_608eee6e418ac022011475ab34711ee7/node_modules/expo-modules-core/android/.cxx/RelWithDebInfo/6x2110j2/arm64-v8a/CMakeFiles/expo-modules-core.dir/./
  
    has 196 characters.  The maximum full path to an object file is 250
    characters (see CMAKE_OBJECT_PATH_MAX).  Object file
  
      D_/.pnpm-vs/goconnect/expo-modules-core@3.0.29_re_608eee6e418ac022011475ab34711ee7/node_modules/expo-modules-core/common/cpp/ObjectDeallocator.cpp.o
  
    cannot be safely placed under this directory.  The build may not work
    correctly.
  
  
  CMake Warning in src/fabric/CMakeLists.txt:
    The object file directory
  
      D:/.pnpm-vs/goconnect/expo-modules-core@3.0.29_re_608eee6e418ac022011475ab34711ee7/node_modules/expo-modules-core/android/.cxx/RelWithDebInfo/6x2110j2/arm64-v8a/src/fabric/CMakeFiles/fabric.dir/./
  
    has 196 characters.  The maximum full path to an object file is 250
    characters (see CMAKE_OBJECT_PATH_MAX).  Object file
  
      D_/.pnpm-vs/goconnect/expo-modules-core@3.0.29_re_608eee6e418ac022011475ab34711ee7/node_modules/expo-modules-core/common/cpp/fabric/ExpoViewComponentDescriptor.cpp.o
  
    cannot be safely placed under this directory.  The build may not work
    correctly.
  
  
  CMake Warning in CMakeLists.txt:
    The object file directory
  
      D:/.pnpm-vs/goconnect/expo-modules-core@3.0.29_re_608eee6e418ac022011475ab34711ee7/node_modules/expo-modules-core/android/.cxx/RelWithDebInfo/6x2110j2/arm64-v8a/CMakeFiles/expo-modules-core.dir/./
  
    has 196 characters.  The maximum full path to an object file is 250
    characters (see CMAKE_OBJECT_PATH_MAX).  Object file
  
      D_/.pnpm-vs/goconnect/expo-modules-core@3.0.29_re_608eee6e418ac022011475ab34711ee7/node_modules/expo-modules-core/common/cpp/ObjectDeallocator.cpp.o
  
    cannot be safely placed under this directory.  The build may not work
    correctly.
  
  
  CMake Warning in src/fabric/CMakeLists.txt:
    The object file directory
  
      D:/.pnpm-vs/goconnect/expo-modules-core@3.0.29_re_608eee6e418ac022011475ab34711ee7/node_modules/expo-modules-core/android/.cxx/RelWithDebInfo/6x2110j2/arm64-v8a/src/fabric/CMakeFiles/fabric.dir/./
  
    has 196 characters.  The maximum full path to an object file is 250
    characters (see CMAKE_OBJECT_PATH_MAX).  Object file
  
      D_/.pnpm-vs/goconnect/expo-modules-core@3.0.29_re_608eee6e418ac022011475ab34711ee7/node_modules/expo-modules-core/common/cpp/fabric/ExpoViewComponentDescriptor.cpp.o
  
    cannot be safely placed under this directory.  The build may not work
    correctly.
  
  
  CMake Warning in CMakeLists.txt:
    The object file directory
  
      D:/.pnpm-vs/goconnect/expo-modules-core@3.0.29_re_608eee6e418ac022011475ab34711ee7/node_modules/expo-modules-core/android/.cxx/RelWithDebInfo/6x2110j2/arm64-v8a/CMakeFiles/expo-modules-core.dir/./
  
    has 196 characters.  The maximum full path to an object file is 250
    characters (see CMAKE_OBJECT_PATH_MAX).  Object file
  
      D_/.pnpm-vs/goconnect/expo-modules-core@3.0.29_re_608eee6e418ac022011475ab34711ee7/node_modules/expo-modules-core/common/cpp/ObjectDeallocator.cpp.o
  
    cannot be safely placed under this directory.  The build may not work
    correctly.
  
  
  CMake Warning in src/fabric/CMakeLists.txt:
    The object file directory
  
      D:/.pnpm-vs/goconnect/expo-modules-core@3.0.29_re_608eee6e418ac022011475ab34711ee7/node_modules/expo-modules-core/android/.cxx/RelWithDebInfo/6x2110j2/arm64-v8a/src/fabric/CMakeFiles/fabric.dir/./
  
    has 196 characters.  The maximum full path to an object file is 250
    characters (see CMAKE_OBJECT_PATH_MAX).  Object file
  
      D_/.pnpm-vs/goconnect/expo-modules-core@3.0.29_re_608eee6e418ac022011475ab34711ee7/node_modules/expo-modules-core/common/cpp/fabric/ExpoViewShadowNode.cpp.o
  
    cannot be safely placed under this directory.  The build may not work
    correctly.
  
  
  CMake Warning in CMakeLists.txt:
    The object file directory
  
      D:/.pnpm-vs/goconnect/expo-modules-core@3.0.29_re_608eee6e418ac022011475ab34711ee7/node_modules/expo-modules-core/android/.cxx/RelWithDebInfo/6x2110j2/arm64-v8a/CMakeFiles/expo-modules-core.dir/./
  
    has 196 characters.  The maximum full path to an object file is 250
    characters (see CMAKE_OBJECT_PATH_MAX).  Object file
  
      D_/.pnpm-vs/goconnect/expo-modules-core@3.0.29_re_608eee6e418ac022011475ab34711ee7/node_modules/expo-modules-core/common/cpp/ObjectDeallocator.cpp.o
  
    cannot be safely placed under this directory.  The build may not work
    correctly.
  
  
  CMake Warning in src/fabric/CMakeLists.txt:
    The object file directory
  
      D:/.pnpm-vs/goconnect/expo-modules-core@3.0.29_re_608eee6e418ac022011475ab34711ee7/node_modules/expo-modules-core/android/.cxx/RelWithDebInfo/6x2110j2/arm64-v8a/src/fabric/CMakeFiles/fabric.dir/./
  
    has 196 characters.  The maximum full path to an object file is 250
    characters (see CMAKE_OBJECT_PATH_MAX).  Object file
  
      D_/.pnpm-vs/goconnect/expo-modules-core@3.0.29_re_608eee6e418ac022011475ab34711ee7/node_modules/expo-modules-core/common/cpp/fabric/ExpoViewEventEmitter.cpp.o
  
    cannot be safely placed under this directory.  The build may not work
    correctly.
  
  
  CMake Warning in CMakeLists.txt:
    The object file directory
  
      D:/.pnpm-vs/goconnect/expo-modules-core@3.0.29_re_608eee6e418ac022011475ab34711ee7/node_modules/expo-modules-core/android/.cxx/RelWithDebInfo/6x2110j2/arm64-v8a/CMakeFiles/expo-modules-core.dir/./
  
    has 196 characters.  The maximum full path to an object file is 250
    characters (see CMAKE_OBJECT_PATH_MAX).  Object file
  
      D_/.pnpm-vs/goconnect/expo-modules-core@3.0.29_re_608eee6e418ac022011475ab34711ee7/node_modules/expo-modules-core/common/cpp/ObjectDeallocator.cpp.o
  
    cannot be safely placed under this directory.  The build may not work
    correctly.
  
  
  CMake Warning in src/fabric/CMakeLists.txt:
    The object file directory
  
      D:/.pnpm-vs/goconnect/expo-modules-core@3.0.29_re_608eee6e418ac022011475ab34711ee7/node_modules/expo-modules-core/android/.cxx/RelWithDebInfo/6x2110j2/arm64-v8a/src/fabric/CMakeFiles/fabric.dir/./
  
    has 196 characters.  The maximum full path to an object file is 250
    characters (see CMAKE_OBJECT_PATH_MAX).  Object file
  
      D_/.pnpm-vs/goconnect/expo-modules-core@3.0.29_re_608eee6e418ac022011475ab34711ee7/node_modules/expo-modules-core/common/cpp/fabric/ExpoViewShadowNode.cpp.o
  
    cannot be safely placed under this directory.  The build may not work
    correctly.
  
  
  CMake Warning in CMakeLists.txt:
    The object file directory
  
      D:/.pnpm-vs/goconnect/expo-modules-core@3.0.29_re_608eee6e418ac022011475ab34711ee7/node_modules/expo-modules-core/android/.cxx/RelWithDebInfo/6x2110j2/arm64-v8a/CMakeFiles/expo-modules-core.dir/./
  
    has 196 characters.  The maximum full path to an object file is 250
    characters (see CMAKE_OBJECT_PATH_MAX).  Object file
  
      src/main/cpp/decorators/JSDecoratorsBridgingObject.cpp.o
  
    cannot be safely placed under this directory.  The build may not work
    correctly.
  
  
  CMake Warning in src/fabric/CMakeLists.txt:
    The object file directory
  
      D:/.pnpm-vs/goconnect/expo-modules-core@3.0.29_re_608eee6e418ac022011475ab34711ee7/node_modules/expo-modules-core/android/.cxx/RelWithDebInfo/6x2110j2/arm64-v8a/src/fabric/CMakeFiles/fabric.dir/./
  
    has 196 characters.  The maximum full path to an object file is 250
    characters (see CMAKE_OBJECT_PATH_MAX).  Object file
  
      D_/.pnpm-vs/goconnect/expo-modules-core@3.0.29_re_608eee6e418ac022011475ab34711ee7/node_modules/expo-modules-core/common/cpp/fabric/ExpoViewEventEmitter.cpp.o
  
    cannot be safely placed under this directory.  The build may not work
    correctly.
  
  
  CMake Warning in CMakeLists.txt:
    The object file directory
  
      D:/.pnpm-vs/goconnect/expo-modules-core@3.0.29_re_608eee6e418ac022011475ab34711ee7/node_modules/expo-modules-core/android/.cxx/RelWithDebInfo/6x2110j2/arm64-v8a/CMakeFiles/expo-modules-core.dir/./
  
    has 196 characters.  The maximum full path to an object file is 250
    characters (see CMAKE_OBJECT_PATH_MAX).  Object file
  
      D_/.pnpm-vs/goconnect/expo-modules-core@3.0.29_re_608eee6e418ac022011475ab34711ee7/node_modules/expo-modules-core/common/cpp/ObjectDeallocator.cpp.o
  
    cannot be safely placed under this directory.  The build may not work
    correctly.
  
  
  CMake Warning in src/fabric/CMakeLists.txt:
    The object file directory
  
      D:/.pnpm-vs/goconnect/expo-modules-core@3.0.29_re_608eee6e418ac022011475ab34711ee7/node_modules/expo-modules-core/android/.cxx/RelWithDebInfo/6x2110j2/arm64-v8a/src/fabric/CMakeFiles/fabric.dir/./
  
    has 196 characters.  The maximum full path to an object file is 250
    characters (see CMAKE_OBJECT_PATH_MAX).  Object file
  
      D_/.pnpm-vs/goconnect/expo-modules-core@3.0.29_re_608eee6e418ac022011475ab34711ee7/node_modules/expo-modules-core/common/cpp/fabric/ExpoViewShadowNode.cpp.o
  
    cannot be safely placed under this directory.  The build may not work
    correctly.
  
  
  CMake Warning in CMakeLists.txt:
    The object file directory
  
      D:/.pnpm-vs/goconnect/expo-modules-core@3.0.29_re_608eee6e418ac022011475ab34711ee7/node_modules/expo-modules-core/android/.cxx/RelWithDebInfo/6x2110j2/arm64-v8a/CMakeFiles/expo-modules-core.dir/./
  
    has 196 characters.  The maximum full path to an object file is 250
    characters (see CMAKE_OBJECT_PATH_MAX).  Object file
  
      D_/.pnpm-vs/goconnect/expo-modules-core@3.0.29_re_608eee6e418ac022011475ab34711ee7/node_modules/expo-modules-core/common/cpp/ObjectDeallocator.cpp.o
  
    cannot be safely placed under this directory.  The build may not work
    correctly.
  
  
  CMake Warning in src/fabric/CMakeLists.txt:
    The object file directory
  
      D:/.pnpm-vs/goconnect/expo-modules-core@3.0.29_re_608eee6e418ac022011475ab34711ee7/node_modules/expo-modules-core/android/.cxx/RelWithDebInfo/6x2110j2/arm64-v8a/src/fabric/CMakeFiles/fabric.dir/./
  
    has 196 characters.  The maximum full path to an object file is 250
    characters (see CMAKE_OBJECT_PATH_MAX).  Object file
  
      D_/.pnpm-vs/goconnect/expo-modules-core@3.0.29_re_608eee6e418ac022011475ab34711ee7/node_modules/expo-modules-core/common/cpp/fabric/ExpoViewShadowNode.cpp.o
  
    cannot be safely placed under this directory.  The build may not work
    correctly.
  
  
  CMake Warning in CMakeLists.txt:
    The object file directory
  
      D:/.pnpm-vs/goconnect/expo-modules-core@3.0.29_re_608eee6e418ac022011475ab34711ee7/node_modules/expo-modules-core/android/.cxx/RelWithDebInfo/6x2110j2/arm64-v8a/CMakeFiles/expo-modules-core.dir/./
  
    has 196 characters.  The maximum full path to an object file is 250
    characters (see CMAKE_OBJECT_PATH_MAX).  Object file
  
      D_/.pnpm-vs/goconnect/expo-modules-core@3.0.29_re_608eee6e418ac022011475ab34711ee7/node_modules/expo-modules-core/common/cpp/ObjectDeallocator.cpp.o
  
    cannot be safely placed under this directory.  The build may not work
    correctly.
  
  
  CMake Warning in src/fabric/CMakeLists.txt:
    The object file directory
  
      D:/.pnpm-vs/goconnect/expo-modules-core@3.0.29_re_608eee6e418ac022011475ab34711ee7/node_modules/expo-modules-core/android/.cxx/RelWithDebInfo/6x2110j2/arm64-v8a/src/fabric/CMakeFiles/fabric.dir/./
  
    has 196 characters.  The maximum full path to an object file is 250
    characters (see CMAKE_OBJECT_PATH_MAX).  Object file
  
      D_/.pnpm-vs/goconnect/expo-modules-core@3.0.29_re_608eee6e418ac022011475ab34711ee7/node_modules/expo-modules-core/common/cpp/fabric/ExpoViewEventEmitter.cpp.o
  
    cannot be safely placed under this directory.  The build may not work
    correctly.
  
  
  CMake Warning in CMakeLists.txt:
    The object file directory
  
      D:/.pnpm-vs/goconnect/expo-modules-core@3.0.29_re_608eee6e418ac022011475ab34711ee7/node_modules/expo-modules-core/android/.cxx/RelWithDebInfo/6x2110j2/arm64-v8a/CMakeFiles/expo-modules-core.dir/./
  
    has 196 characters.  The maximum full path to an object file is 250
    characters (see CMAKE_OBJECT_PATH_MAX).  Object file
  
      D_/.pnpm-vs/goconnect/expo-modules-core@3.0.29_re_608eee6e418ac022011475ab34711ee7/node_modules/expo-modules-core/common/cpp/ObjectDeallocator.cpp.o
  
    cannot be safely placed under this directory.  The build may not work
    correctly.
  
  
  CMake Warning in src/fabric/CMakeLists.txt:
    The object file directory
  
      D:/.pnpm-vs/goconnect/expo-modules-core@3.0.29_re_608eee6e418ac022011475ab34711ee7/node_modules/expo-modules-core/android/.cxx/RelWithDebInfo/6x2110j2/arm64-v8a/src/fabric/CMakeFiles/fabric.dir/./
  
    has 196 characters.  The maximum full path to an object file is 250
    characters (see CMAKE_OBJECT_PATH_MAX).  Object file
  
      D_/.pnpm-vs/goconnect/expo-modules-core@3.0.29_re_608eee6e418ac022011475ab34711ee7/node_modules/expo-modules-core/common/cpp/fabric/ExpoViewComponentDescriptor.cpp.o
  
    cannot be safely placed under this directory.  The build may not work
    correctly.
  
  
  CMake Warning in CMakeLists.txt:
    The object file directory
  
      D:/.pnpm-vs/goconnect/expo-modules-core@3.0.29_re_608eee6e418ac022011475ab34711ee7/node_modules/expo-modules-core/android/.cxx/RelWithDebInfo/6x2110j2/arm64-v8a/CMakeFiles/expo-modules-core.dir/./
  
    has 196 characters.  The maximum full path to an object file is 250
    characters (see CMAKE_OBJECT_PATH_MAX).  Object file
  
      D_/.pnpm-vs/goconnect/expo-modules-core@3.0.29_re_608eee6e418ac022011475ab34711ee7/node_modules/expo-modules-core/common/cpp/ObjectDeallocator.cpp.o
  
    cannot be safely placed under this directory.  The build may not work
    correctly.
  
  
  CMake Warning in src/fabric/CMakeLists.txt:
    The object file directory
  
      D:/.pnpm-vs/goconnect/expo-modules-core@3.0.29_re_608eee6e418ac022011475ab34711ee7/node_modules/expo-modules-core/android/.cxx/RelWithDebInfo/6x2110j2/arm64-v8a/src/fabric/CMakeFiles/fabric.dir/./
  
    has 196 characters.  The maximum full path to an object file is 250
    characters (see CMAKE_OBJECT_PATH_MAX).  Object file
  
      D_/.pnpm-vs/goconnect/expo-modules-core@3.0.29_re_608eee6e418ac022011475ab34711ee7/node_modules/expo-modules-core/common/cpp/fabric/ExpoViewEventEmitter.cpp.o
  
    cannot be safely placed under this directory.  The build may not work
    correctly.
  
  
  CMake Warning in CMakeLists.txt:
    The object file directory
  
      D:/.pnpm-vs/goconnect/expo-modules-core@3.0.29_re_608eee6e418ac022011475ab34711ee7/node_modules/expo-modules-core/android/.cxx/RelWithDebInfo/6x2110j2/arm64-v8a/CMakeFiles/expo-modules-core.dir/./
  
    has 196 characters.  The maximum full path to an object file is 250
    characters (see CMAKE_OBJECT_PATH_MAX).  Object file
  
      D_/.pnpm-vs/goconnect/expo-modules-core@3.0.29_re_608eee6e418ac022011475ab34711ee7/node_modules/expo-modules-core/common/cpp/ObjectDeallocator.cpp.o
  
    cannot be safely placed under this directory.  The build may not work
    correctly.
  
  
  CMake Warning in src/fabric/CMakeLists.txt:
    The object file directory
  
      D:/.pnpm-vs/goconnect/expo-modules-core@3.0.29_re_608eee6e418ac022011475ab34711ee7/node_modules/expo-modules-core/android/.cxx/RelWithDebInfo/6x2110j2/arm64-v8a/src/fabric/CMakeFiles/fabric.dir/./
  
    has 196 characters.  The maximum full path to an object file is 250
    characters (see CMAKE_OBJECT_PATH_MAX).  Object file
  
      D_/.pnpm-vs/goconnect/expo-modules-core@3.0.29_re_608eee6e418ac022011475ab34711ee7/node_modules/expo-modules-core/common/cpp/fabric/ExpoViewEventEmitter.cpp.o
  
    cannot be safely placed under this directory.  The build may not work
    correctly.
  
  
  CMake Warning in CMakeLists.txt:
    The object file directory
  
      D:/.pnpm-vs/goconnect/expo-modules-core@3.0.29_re_608eee6e418ac022011475ab34711ee7/node_modules/expo-modules-core/android/.cxx/RelWithDebInfo/6x2110j2/arm64-v8a/CMakeFiles/expo-modules-core.dir/./
  
    has 196 characters.  The maximum full path to an object file is 250
    characters (see CMAKE_OBJECT_PATH_MAX).  Object file
  
      D_/.pnpm-vs/goconnect/expo-modules-core@3.0.29_re_608eee6e418ac022011475ab34711ee7/node_modules/expo-modules-core/common/cpp/ObjectDeallocator.cpp.o
  
    cannot be safely placed under this directory.  The build may not work
    correctly.
  
  
  CMake Warning in src/fabric/CMakeLists.txt:
    The object file directory
  
      D:/.pnpm-vs/goconnect/expo-modules-core@3.0.29_re_608eee6e418ac022011475ab34711ee7/node_modules/expo-modules-core/android/.cxx/RelWithDebInfo/6x2110j2/arm64-v8a/src/fabric/CMakeFiles/fabric.dir/./
  
    has 196 characters.  The maximum full path to an object file is 250
    characters (see CMAKE_OBJECT_PATH_MAX).  Object file
  
      D_/.pnpm-vs/goconnect/expo-modules-core@3.0.29_re_608eee6e418ac022011475ab34711ee7/node_modules/expo-modules-core/common/cpp/fabric/ExpoViewComponentDescriptor.cpp.o
  
    cannot be safely placed under this directory.  The build may not work
    correctly.
  
  
  CMake Warning in CMakeLists.txt:
    The object file directory
  
      D:/.pnpm-vs/goconnect/expo-modules-core@3.0.29_re_608eee6e418ac022011475ab34711ee7/node_modules/expo-modules-core/android/.cxx/RelWithDebInfo/6x2110j2/arm64-v8a/CMakeFiles/expo-modules-core.dir/./
  
    has 196 characters.  The maximum full path to an object file is 250
    characters (see CMAKE_OBJECT_PATH_MAX).  Object file
  
      D_/.pnpm-vs/goconnect/expo-modules-core@3.0.29_re_608eee6e418ac022011475ab34711ee7/node_modules/expo-modules-core/common/cpp/ObjectDeallocator.cpp.o
  
    cannot be safely placed under this directory.  The build may not work
    correctly.
  
  
  CMake Warning in src/fabric/CMakeLists.txt:
    The object file directory
  
      D:/.pnpm-vs/goconnect/expo-modules-core@3.0.29_re_608eee6e418ac022011475ab34711ee7/node_modules/expo-modules-core/android/.cxx/RelWithDebInfo/6x2110j2/arm64-v8a/src/fabric/CMakeFiles/fabric.dir/./
  
    has 196 characters.  The maximum full path to an object file is 250
    characters (see CMAKE_OBJECT_PATH_MAX).  Object file
  
      D_/.pnpm-vs/goconnect/expo-modules-core@3.0.29_re_608eee6e418ac022011475ab34711ee7/node_modules/expo-modules-core/common/cpp/fabric/ExpoViewEventEmitter.cpp.o
  
    cannot be safely placed under this directory.  The build may not work
    correctly.
  
  
  CMake Warning in CMakeLists.txt:
    The object file directory
  
      D:/.pnpm-vs/goconnect/expo-modules-core@3.0.29_re_608eee6e418ac022011475ab34711ee7/node_modules/expo-modules-core/android/.cxx/RelWithDebInfo/6x2110j2/arm64-v8a/CMakeFiles/expo-modules-core.dir/./
  
    has 196 characters.  The maximum full path to an object file is 250
    characters (see CMAKE_OBJECT_PATH_MAX).  Object file
  
      D_/.pnpm-vs/goconnect/expo-modules-core@3.0.29_re_608eee6e418ac022011475ab34711ee7/node_modules/expo-modules-core/common/cpp/ObjectDeallocator.cpp.o
  
    cannot be safely placed under this directory.  The build may not work
    correctly.
  
  
  CMake Warning in src/fabric/CMakeLists.txt:
    The object file directory
  
      D:/.pnpm-vs/goconnect/expo-modules-core@3.0.29_re_608eee6e418ac022011475ab34711ee7/node_modules/expo-modules-core/android/.cxx/RelWithDebInfo/6x2110j2/arm64-v8a/src/fabric/CMakeFiles/fabric.dir/./
  
    has 196 characters.  The maximum full path to an object file is 250
    characters (see CMAKE_OBJECT_PATH_MAX).  Object file
  
      D_/.pnpm-vs/goconnect/expo-modules-core@3.0.29_re_608eee6e418ac022011475ab34711ee7/node_modules/expo-modules-core/common/cpp/fabric/ExpoViewComponentDescriptor.cpp.o
  
    cannot be safely placed under this directory.  The build may not work
    correctly.
  
  
  CMake Warning in CMakeLists.txt:
    The object file directory
  
      D:/.pnpm-vs/goconnect/expo-modules-core@3.0.29_re_608eee6e418ac022011475ab34711ee7/node_modules/expo-modules-core/android/.cxx/RelWithDebInfo/6x2110j2/arm64-v8a/CMakeFiles/expo-modules-core.dir/./
  
    has 196 characters.  The maximum full path to an object file is 250
    characters (see CMAKE_OBJECT_PATH_MAX).  Object file
  
      src/main/cpp/decorators/JSDecoratorsBridgingObject.cpp.o
  
    cannot be safely placed under this directory.  The build may not work
    correctly.
  
  
  CMake Warning in src/fabric/CMakeLists.txt:
    The object file directory
  
      D:/.pnpm-vs/goconnect/expo-modules-core@3.0.29_re_608eee6e418ac022011475ab34711ee7/node_modules/expo-modules-core/android/.cxx/RelWithDebInfo/6x2110j2/arm64-v8a/src/fabric/CMakeFiles/fabric.dir/./
  
    has 196 characters.  The maximum full path to an object file is 250
    characters (see CMAKE_OBJECT_PATH_MAX).  Object file
  
      D_/.pnpm-vs/goconnect/expo-modules-core@3.0.29_re_608eee6e418ac022011475ab34711ee7/node_modules/expo-modules-core/common/cpp/fabric/ExpoViewShadowNode.cpp.o
  
    cannot be safely placed under this directory.  The build may not work
    correctly.
  
  
  CMake Warning in CMakeLists.txt:
    The object file directory
  
      D:/.pnpm-vs/goconnect/expo-modules-core@3.0.29_re_608eee6e418ac022011475ab34711ee7/node_modules/expo-modules-core/android/.cxx/RelWithDebInfo/6x2110j2/arm64-v8a/CMakeFiles/expo-modules-core.dir/./
  
    has 196 characters.  The maximum full path to an object file is 250
    characters (see CMAKE_OBJECT_PATH_MAX).  Object file
  
      D_/.pnpm-vs/goconnect/expo-modules-core@3.0.29_re_608eee6e418ac022011475ab34711ee7/node_modules/expo-modules-core/common/cpp/ObjectDeallocator.cpp.o
  
    cannot be safely placed under this directory.  The build may not work
    correctly.
  
  
  CMake Warning in src/fabric/CMakeLists.txt:
    The object file directory
  
      D:/.pnpm-vs/goconnect/expo-modules-core@3.0.29_re_608eee6e418ac022011475ab34711ee7/node_modules/expo-modules-core/android/.cxx/RelWithDebInfo/6x2110j2/arm64-v8a/src/fabric/CMakeFiles/fabric.dir/./
  
    has 196 characters.  The maximum full path to an object file is 250
    characters (see CMAKE_OBJECT_PATH_MAX).  Object file
  
      D_/.pnpm-vs/goconnect/expo-modules-core@3.0.29_re_608eee6e418ac022011475ab34711ee7/node_modules/expo-modules-core/common/cpp/fabric/ExpoViewShadowNode.cpp.o
  
    cannot be safely placed under this directory.  The build may not work
    correctly.
  
  
  CMake Warning in CMakeLists.txt:
    The object file directory
  
      D:/.pnpm-vs/goconnect/expo-modules-core@3.0.29_re_608eee6e418ac022011475ab34711ee7/node_modules/expo-modules-core/android/.cxx/RelWithDebInfo/6x2110j2/arm64-v8a/CMakeFiles/expo-modules-core.dir/./
  
    has 196 characters.  The maximum full path to an object file is 250
    characters (see CMAKE_OBJECT_PATH_MAX).  Object file
  
      D_/.pnpm-vs/goconnect/expo-modules-core@3.0.29_re_608eee6e418ac022011475ab34711ee7/node_modules/expo-modules-core/common/cpp/ObjectDeallocator.cpp.o
  
    cannot be safely placed under this directory.  The build may not work
    correctly.
  
  
  CMake Warning in src/fabric/CMakeLists.txt:
    The object file directory
  
      D:/.pnpm-vs/goconnect/expo-modules-core@3.0.29_re_608eee6e418ac022011475ab34711ee7/node_modules/expo-modules-core/android/.cxx/RelWithDebInfo/6x2110j2/arm64-v8a/src/fabric/CMakeFiles/fabric.dir/./
  
    has 196 characters.  The maximum full path to an object file is 250
    characters (see CMAKE_OBJECT_PATH_MAX).  Object file
  
      D_/.pnpm-vs/goconnect/expo-modules-core@3.0.29_re_608eee6e418ac022011475ab34711ee7/node_modules/expo-modules-core/common/cpp/fabric/ExpoViewComponentDescriptor.cpp.o
  
    cannot be safely placed under this directory.  The build may not work
    correctly.
  
  
  CMake Warning in CMakeLists.txt:
    The object file directory
  
      D:/.pnpm-vs/goconnect/expo-modules-core@3.0.29_re_608eee6e418ac022011475ab34711ee7/node_modules/expo-modules-core/android/.cxx/RelWithDebInfo/6x2110j2/arm64-v8a/CMakeFiles/expo-modules-core.dir/./
  
    has 196 characters.  The maximum full path to an object file is 250
    characters (see CMAKE_OBJECT_PATH_MAX).  Object file
  
      src/main/cpp/decorators/JSDecoratorsBridgingObject.cpp.o
  
    cannot be safely placed under this directory.  The build may not work
    correctly.
  
  
  CMake Warning in src/fabric/CMakeLists.txt:
    The object file directory
  
      D:/.pnpm-vs/goconnect/expo-modules-core@3.0.29_re_608eee6e418ac022011475ab34711ee7/node_modules/expo-modules-core/android/.cxx/RelWithDebInfo/6x2110j2/arm64-v8a/src/fabric/CMakeFiles/fabric.dir/./
  
    has 196 characters.  The maximum full path to an object file is 250
    characters (see CMAKE_OBJECT_PATH_MAX).  Object file
  
      D_/.pnpm-vs/goconnect/expo-modules-core@3.0.29_re_608eee6e418ac022011475ab34711ee7/node_modules/expo-modules-core/common/cpp/fabric/ExpoViewEventEmitter.cpp.o
  
    cannot be safely placed under this directory.  The build may not work
    correctly.
  
  
  CMake Warning in CMakeLists.txt:
    The object file directory
  
      D:/.pnpm-vs/goconnect/expo-modules-core@3.0.29_re_608eee6e418ac022011475ab34711ee7/node_modules/expo-modules-core/android/.cxx/RelWithDebInfo/6x2110j2/arm64-v8a/CMakeFiles/expo-modules-core.dir/./
  
    has 196 characters.  The maximum full path to an object file is 250
    characters (see CMAKE_OBJECT_PATH_MAX).  Object file
  
      D_/.pnpm-vs/goconnect/expo-modules-core@3.0.29_re_608eee6e418ac022011475ab34711ee7/node_modules/expo-modules-core/common/cpp/ObjectDeallocator.cpp.o
  
    cannot be safely placed under this directory.  The build may not work
    correctly.
  
  
  CMake Warning in src/fabric/CMakeLists.txt:
    The object file directory
  
      D:/.pnpm-vs/goconnect/expo-modules-core@3.0.29_re_608eee6e418ac022011475ab34711ee7/node_modules/expo-modules-core/android/.cxx/RelWithDebInfo/6x2110j2/arm64-v8a/src/fabric/CMakeFiles/fabric.dir/./
  
    has 196 characters.  The maximum full path to an object file is 250
    characters (see CMAKE_OBJECT_PATH_MAX).  Object file
  
      D_/.pnpm-vs/goconnect/expo-modules-core@3.0.29_re_608eee6e418ac022011475ab34711ee7/node_modules/expo-modules-core/common/cpp/fabric/ExpoViewEventEmitter.cpp.o
  
    cannot be safely placed under this directory.  The build may not work
    correctly.
  
  
  CMake Warning in CMakeLists.txt:
    The object file directory
  
      D:/.pnpm-vs/goconnect/expo-modules-core@3.0.29_re_608eee6e418ac022011475ab34711ee7/node_modules/expo-modules-core/android/.cxx/RelWithDebInfo/6x2110j2/arm64-v8a/CMakeFiles/expo-modules-core.dir/./
  
    has 196 characters.  The maximum full path to an object file is 250
    characters (see CMAKE_OBJECT_PATH_MAX).  Object file
  
      D_/.pnpm-vs/goconnect/expo-modules-core@3.0.29_re_608eee6e418ac022011475ab34711ee7/node_modules/expo-modules-core/common/cpp/ObjectDeallocator.cpp.o
  
    cannot be safely placed under this directory.  The build may not work
    correctly.
  
  
  CMake Warning in src/fabric/CMakeLists.txt:
    The object file directory
  
      D:/.pnpm-vs/goconnect/expo-modules-core@3.0.29_re_608eee6e418ac022011475ab34711ee7/node_modules/expo-modules-core/android/.cxx/RelWithDebInfo/6x2110j2/arm64-v8a/src/fabric/CMakeFiles/fabric.dir/./
  
    has 196 characters.  The maximum full path to an object file is 250
    characters (see CMAKE_OBJECT_PATH_MAX).  Object file
  
      D_/.pnpm-vs/goconnect/expo-modules-core@3.0.29_re_608eee6e418ac022011475ab34711ee7/node_modules/expo-modules-core/common/cpp/fabric/ExpoViewComponentDescriptor.cpp.o
  
    cannot be safely placed under this directory.  The build may not work
    correctly.
  
  
  ninja: error: manifest 'build.ninja' still dirty after 100 tries
  

* Try:
> Run with --stacktrace option to get the stack trace.
> Run with --info or --debug option to get more log output.
> Run with --scan to get full insights.
> Get more help at https://help.gradle.org.

Deprecated Gradle features were used in this build, making it incompatible with Gradle 9.0.

You can use '--warning-mode all' to show the individual deprecation warnings and determine if they come from your own scripts or plugins.

For more on this, please refer to https://docs.gradle.org/8.14.3/userguide/command_line_interface.html#sec:command_line_warnings in the Gradle documentation.

BUILD FAILED in 49s
56 actionable tasks: 32 executed, 24 up-to-date
